uniprot_id,true_topt,pred_before,strategy,repeat,mask_ratio,k_mask,pred_after,delta_pred,abs_delta_pred,masked_token_positions
A5DNB9,30.0,29.777830123901367,Top important,0,0.1,80,35.64542770385742,5.867597579956055,5.867597579956055,266;560;339;610;521;792;569;229;782;720;216;549;225;25;182;490;334;336;54;451;97;223;621;247;302;656;11;274;287;468;455;424;577;80;491;714;72;267;169;653;498;625;102;15;587;4;495;534;616;723;404;474;159;430;10;499;573;120;592;304;598;591;314;148;769;434;252;661;445;275;262;693;770;35;743;665;442;272;242;797
A5DNB9,30.0,29.777830123901367,Low important,0,0.1,80,29.777830123901367,0.0,0.0,718;385;559;727;325;796;344;237;640;688;531;629;570;676;575;127;183;622;741;528;3;435;412;173;234;200;658;457;63;567;652;27;281;342;231;423;150;315;337;566;1;78;494;381;600;8;144;222;264;502;341;438;645;65;219;681;413;230;380;624;410;60;417;778;56;558;201;161;177;485;37;726;374;545;473;48;66;249;77;6
A5DNB9,30.0,29.777830123901367,Random,0,0.1,80,29.77780532836914,-2.47955322265625e-05,2.47955322265625e-05,649;622;385;760;742;408;578;292;614;719;256;70;317;367;181;520;361;171;126;585;69;626;424;526;103;370;757;418;332;378;450;263;61;472;333;371;780;150;535;95;314;384;63;558;711;688;275;300;210;732;545;581;49;287;271;52;65;341;713;598;147;479;534;577;619;628;480;120;790;338;532;34;136;507;281;685;322;538;669;794
A5DNB9,30.0,29.777830123901367,Random,1,0.1,80,29.766258239746094,-0.011571884155273438,0.011571884155273438,345;294;90;731;124;378;226;273;356;67;285;636;257;602;333;778;113;392;100;564;279;62;665;241;565;122;369;75;553;744;340;259;303;247;512;211;518;796;704;296;431;474;371;566;140;534;572;718;530;366;610;119;370;513;348;202;528;551;204;724;17;16;159;244;692;695;456;457;66;479;678;179;571;591;586;203;234;350;78;599
A5DNB9,30.0,29.777830123901367,Random,2,0.1,80,29.75923728942871,-0.01859283447265625,0.01859283447265625,34;28;401;361;318;679;205;290;741;136;18;243;74;191;707;683;655;150;232;339;272;687;384;228;54;400;476;745;743;70;573;259;706;89;795;398;97;292;26;78;115;216;770;235;664;751;225;445;329;733;569;171;704;157;122;5;676;511;701;595;168;297;644;554;172;710;610;406;675;189;103;124;142;732;591;36;582;697;463;471
A5DNB9,30.0,29.777830123901367,Random,3,0.1,80,29.769977569580078,-0.007852554321289062,0.007852554321289062,170;245;403;578;562;539;453;559;147;186;784;120;647;178;669;588;337;463;478;277;128;637;398;244;88;443;313;121;111;553;43;339;153;710;717;340;316;654;485;355;422;748;792;273;387;705;726;51;253;600;635;239;686;79;90;631;449;182;711;202;221;85;13;658;305;205;555;80;112;408;444;214;44;684;617;208;362;138;17;467
A5DNB9,30.0,29.777830123901367,Random,4,0.1,80,29.77777671813965,-5.340576171875e-05,5.340576171875e-05,461;646;783;579;469;567;766;776;481;453;464;664;447;214;240;54;734;72;572;7;605;551;547;170;135;149;415;198;622;539;132;391;377;691;75;774;616;486;344;520;593;742;563;686;102;785;350;370;479;27;609;771;359;718;638;105;458;399;394;714;441;703;484;71;151;130;552;100;620;313;791;722;561;40;446;336;735;408;471;65
O66680,65.0,54.822635650634766,Top important,0,0.1,64,59.04827880859375,4.225643157958984,4.225643157958984,91;426;296;258;48;343;218;92;11;174;233;418;404;95;449;172;239;385;465;437;10;493;364;101;396;114;328;58;617;302;253;183;435;76;109;3;508;599;560;347;436;324;148;12;135;593;200;611;286;211;105;168;62;579;185;600;614;208;543;320;557;496;195;221
O66680,65.0,54.822635650634766,Low important,0,0.1,64,54.822635650634766,0.0,0.0,494;584;269;380;420;55;190;481;502;522;529;197;188;163;425;351;500;570;549;124;61;84;159;514;59;306;536;157;337;175;220;186;365;430;340;166;158;348;39;136;276;170;587;38;368;376;77;41;568;42;532;555;373;79;367;126;519;451;526;338;268;448;523;103
O66680,65.0,54.822635650634766,Random,0,0.1,64,54.822608947753906,-2.6702880859375e-05,2.6702880859375e-05,534;506;578;247;440;67;113;22;341;161;254;327;3;566;530;80;350;605;289;583;9;433;223;366;561;12;510;187;230;628;216;486;619;609;540;131;74;581;190;362;446;231;167;275;332;29;267;494;88;477;155;374;464;288;377;537;160;577;255;269;598;298;26;244
O66680,65.0,54.822635650634766,Random,1,0.1,64,55.806819915771484,0.9841842651367188,0.9841842651367188,292;400;542;248;227;543;331;537;310;141;8;438;405;72;300;432;160;393;490;521;551;580;296;565;463;243;349;613;327;100;168;582;273;481;335;403;242;604;526;376;143;522;602;509;294;229;495;290;414;314;392;433;181;45;137;225;412;446;536;179;450;507;477;569
O66680,65.0,54.822635650634766,Random,2,0.1,64,51.90605163574219,-2.916584014892578,2.916584014892578,6;339;25;293;444;51;221;628;60;133;582;526;96;541;384;522;618;493;13;91;586;405;158;177;280;495;291;105;186;333;439;499;226;540;77;295;130;37;59;590;179;309;492;556;379;542;371;85;506;616;615;250;292;570;503;153;374;460;301;23;538;57;408;32
O66680,65.0,54.822635650634766,Random,3,0.1,64,55.813262939453125,0.9906272888183594,0.9906272888183594,497;492;442;489;605;512;206;156;98;221;631;361;2;333;443;21;598;340;435;403;4;240;461;375;270;63;551;619;272;47;296;364;326;407;170;533;104;43;467;79;569;519;588;212;29;92;397;86;60;540;162;305;428;413;433;166;308;538;189;453;277;607;293;434
O66680,65.0,54.822635650634766,Random,4,0.1,64,54.7061882019043,-0.11644744873046875,0.11644744873046875,184;503;245;234;81;552;588;118;562;490;268;166;423;122;259;226;235;247;351;434;610;343;354;179;59;236;98;516;244;386;554;398;146;417;619;380;597;79;414;582;495;89;58;106;568;443;593;177;318;614;115;491;489;364;323;150;186;486;210;133;348;432;261;612
O66932,100.0,73.38285827636719,Top important,0,0.1,70,73.6725082397461,0.28964996337890625,0.28964996337890625,635;527;286;604;259;272;439;446;313;628;172;682;418;458;326;248;38;377;217;660;526;292;349;609;637;449;57;384;617;7;405;52;161;201;277;365;102;220;120;529;441;1;143;132;677;112;33;532;41;46;417;379;488;600;3;65;81;388;564;167;193;121;149;475;549;664;509;26;445;404
O66932,100.0,73.38285827636719,Low important,0,0.1,70,73.38285827636719,0.0,0.0,239;96;280;264;510;171;563;305;444;534;636;484;674;324;71;565;146;258;351;483;508;270;348;231;194;461;427;32;124;612;578;394;655;29;389;575;514;621;64;587;581;515;358;523;438;295;507;359;548;260;86;479;602;294;263;525;639;95;44;195;666;386;367;571;656;125;535;570;212;382
O66932,100.0,73.38285827636719,Random,0,0.1,70,73.67549133300781,0.292633056640625,0.292633056640625,204;396;266;615;485;416;131;188;269;77;405;217;464;103;565;148;12;682;666;313;121;611;418;258;603;346;237;448;656;641;198;436;242;162;643;72;216;200;382;255;544;260;13;285;137;609;465;338;566;59;630;577;366;512;564;524;471;275;101;434;56;593;388;661;494;359;532;467;65;104
O66932,100.0,73.38285827636719,Random,1,0.1,70,74.19227600097656,0.809417724609375,0.809417724609375,26;186;357;329;386;610;461;488;31;495;34;561;131;435;520;297;394;585;375;149;527;660;629;123;83;65;505;341;547;531;618;74;312;465;230;198;586;439;225;437;638;1;373;549;302;280;539;103;376;87;248;477;52;151;542;193;55;456;127;261;182;173;246;158;84;98;220;361;400;143
O66932,100.0,73.38285827636719,Random,2,0.1,70,73.4236831665039,0.04082489013671875,0.04082489013671875,206;462;107;457;649;272;24;233;489;671;668;305;478;610;309;68;177;148;360;227;589;407;104;46;4;622;483;667;121;285;399;253;357;78;310;215;385;689;533;539;12;14;243;142;578;493;217;395;550;186;364;166;384;474;31;593;118;196;300;402;298;687;547;666;434;680;537;307;124;552
O66932,100.0,73.38285827636719,Random,3,0.1,70,73.38378143310547,0.00092315673828125,0.00092315673828125,551;288;653;352;57;91;605;245;199;135;513;88;440;281;479;688;336;70;187;305;182;14;4;457;611;681;138;134;680;456;177;179;56;156;490;335;566;398;30;190;238;316;397;296;234;82;685;311;475;465;477;29;173;381;269;443;425;521;687;333;262;292;176;401;131;531;487;121;174;389
O66932,100.0,73.38285827636719,Random,4,0.1,70,73.18206024169922,-0.20079803466796875,0.20079803466796875,235;517;567;481;586;49;598;138;264;168;219;427;395;640;689;20;507;59;583;456;508;505;74;94;649;549;432;530;12;401;374;671;380;125;269;584;238;210;626;371;21;480;571;91;206;108;77;36;421;46;195;393;532;539;279;328;71;89;604;178;458;76;241;633;345;111;662;312;80;127
Q54BM7,37.0,28.143600463867188,Top important,0,0.1,80,36.53739929199219,8.393798828125,8.393798828125,331;457;554;480;759;403;736;654;119;207;182;141;413;383;479;76;410;463;215;783;380;30;387;758;22;287;487;316;358;109;110;120;315;392;366;636;156;283;367;526;702;580;68;704;607;542;298;195;365;343;778;753;236;552;327;51;190;446;738;594;789;582;393;743;683;83;773;3;611;562;638;412;433;307;796;460;650;612;772;308
Q54BM7,37.0,28.143600463867188,Low important,0,0.1,80,28.143600463867188,0.0,0.0,586;716;65;712;405;305;177;140;448;461;246;550;512;451;91;25;223;756;634;102;178;555;396;701;55;556;19;318;546;755;577;385;205;630;503;81;364;209;272;326;415;775;535;545;719;93;33;275;527;312;103;411;737;708;652;502;409;2;144;589;508;700;288;274;739;225;742;257;84;471;727;748;619;80;329;116;338;561;170;253
Q54BM7,37.0,28.143600463867188,Random,0,0.1,80,28.119159698486328,-0.024440765380859375,0.024440765380859375,301;274;715;496;352;226;590;262;92;98;385;207;162;410;153;569;796;430;83;512;759;345;797;428;415;413;465;324;579;309;49;477;552;437;382;140;286;640;36;29;553;610;609;722;395;325;653;624;586;583;208;313;316;42;380;607;89;788;396;366;538;537;318;242;34;663;557;138;665;120;570;296;625;137;700;690;15;539;372;528
Q54BM7,37.0,28.143600463867188,Random,1,0.1,80,33.015289306640625,4.8716888427734375,4.8716888427734375,58;762;252;580;176;163;573;725;788;84;603;145;364;336;547;117;473;161;500;559;791;744;441;91;452;640;237;632;5;94;575;280;377;12;402;128;109;706;225;381;122;770;347;628;363;331;695;369;449;699;512;179;222;148;39;116;131;71;66;75;181;156;348;516;201;379;1;633;182;228;568;582;735;118;297;673;299;671;392;70
Q54BM7,37.0,28.143600463867188,Random,2,0.1,80,28.126136779785156,-0.01746368408203125,0.01746368408203125,16;768;632;328;285;679;547;122;300;435;540;159;636;723;194;497;685;672;781;315;744;690;574;708;399;384;726;665;628;779;487;221;443;139;629;609;484;107;518;71;570;626;371;798;354;447;266;590;539;121;479;403;376;795;232;740;600;70;617;591;589;416;688;118;20;767;7;462;542;599;774;770;308;713;361;157;212;72;755;243
Q54BM7,37.0,28.143600463867188,Random,3,0.1,80,28.139677047729492,-0.0039234161376953125,0.0039234161376953125,469;2;535;269;634;784;168;559;643;101;578;314;64;56;637;668;78;45;570;649;97;652;716;338;494;413;388;638;147;282;222;510;491;69;209;158;183;366;445;607;602;393;14;462;540;30;365;566;699;779;175;285;50;128;140;427;249;454;96;367;280;611;763;100;214;185;765;375;6;16;591;381;522;740;600;93;141;650;27;665
Q54BM7,37.0,28.143600463867188,Random,4,0.1,80,28.123933792114258,-0.019666671752929688,0.019666671752929688,215;394;543;157;87;236;244;348;90;155;108;21;555;553;19;351;681;129;125;417;585;58;696;166;69;385;412;686;713;327;634;427;315;670;544;474;200;567;790;695;103;223;570;569;422;167;402;186;453;521;247;120;364;30;496;185;13;413;701;479;587;39;211;403;132;240;38;89;592;60;475;178;242;514;31;739;377;102;180;705
D3YBH2,36.5,35.27827453613281,Top important,0,0.1,61,40.07757568359375,4.7993011474609375,4.7993011474609375,591;586;163;326;84;157;181;230;450;436;282;8;220;451;219;316;186;599;45;113;299;369;600;380;116;320;141;77;152;65;500;13;336;593;255;251;508;275;131;412;550;485;89;276;587;191;535;469;409;166;359;547;514;566;120;529;459;303;234;40;60
D3YBH2,36.5,35.27827453613281,Low important,0,0.1,61,35.27827453613281,0.0,0.0,457;209;22;270;308;317;145;358;187;148;87;596;365;447;426;522;552;349;352;478;260;5;122;422;498;179;210;69;327;368;216;496;405;280;565;388;279;330;165;169;150;269;377;324;68;538;277;379;323;287;341;205;124;553;300;127;265;389;173;176;378
D3YBH2,36.5,35.27827453613281,Random,0,0.1,61,35.27720642089844,-0.001068115234375,0.001068115234375,452;371;227;196;409;444;509;204;574;494;39;421;602;285;156;357;493;273;43;324;293;34;370;497;10;350;141;76;601;189;418;48;451;433;301;137;287;516;566;150;258;132;283;538;378;575;426;94;120;343;144;32;442;5;408;114;61;107;299;147;190
D3YBH2,36.5,35.27827453613281,Random,1,0.1,61,35.278465270996094,0.00019073486328125,0.00019073486328125,355;350;388;191;365;244;304;478;601;116;455;391;359;589;211;128;71;279;528;444;151;267;377;201;375;313;372;178;56;197;198;45;516;51;419;544;305;362;361;302;430;235;533;172;209;227;414;485;77;352;535;513;83;418;413;79;272;509;200;603;210
D3YBH2,36.5,35.27827453613281,Random,2,0.1,61,35.278236389160156,-3.814697265625e-05,3.814697265625e-05,118;461;434;482;53;304;47;93;214;442;348;280;123;182;58;578;44;441;289;424;80;552;272;110;278;595;486;239;55;141;10;190;180;294;324;232;247;150;194;580;322;549;437;87;456;148;333;440;256;401;565;171;399;364;103;228;98;82;105;383;128
D3YBH2,36.5,35.27827453613281,Random,3,0.1,61,35.27698516845703,-0.00128936767578125,0.00128936767578125,11;189;251;50;69;119;7;94;63;393;65;106;192;125;603;579;224;268;368;548;483;519;258;21;348;553;300;478;417;283;220;135;165;383;500;153;284;564;461;559;437;232;332;473;428;25;511;57;598;365;475;476;202;526;345;161;286;321;149;28;77
D3YBH2,36.5,35.27827453613281,Random,4,0.1,61,35.27534103393555,-0.002933502197265625,0.002933502197265625,192;393;596;449;498;53;522;454;554;406;191;492;230;383;196;185;439;295;217;140;509;199;594;214;342;300;555;142;358;440;171;368;550;136;416;105;272;87;211;278;510;350;323;315;493;473;384;552;82;346;210;11;79;160;557;589;528;233;218;158;331
Q6PLI2,40.0,34.99309158325195,Top important,0,0.1,29,42.21258544921875,7.219493865966797,7.219493865966797,263;160;164;34;204;41;214;93;228;10;55;276;187;198;199;66;225;283;115;82;245;49;137;262;121;209;180;25;281
Q6PLI2,40.0,34.99309158325195,Low important,0,0.1,29,34.99309158325195,0.0,0.0,226;51;174;44;124;47;211;50;98;252;95;212;17;144;258;125;43;12;223;122;111;64;159;57;32;61;84;279;60
Q6PLI2,40.0,34.99309158325195,Random,0,0.1,29,34.99310302734375,1.1444091796875e-05,1.1444091796875e-05,81;50;39;116;256;54;21;225;30;208;190;234;264;121;232;25;221;140;195;233;124;112;37;95;156;282;86;28;272
Q6PLI2,40.0,34.99309158325195,Random,1,0.1,29,35.81006622314453,0.8169746398925781,0.8169746398925781,112;70;229;283;263;277;233;145;41;266;149;142;282;5;103;124;143;67;216;182;240;150;272;187;179;76;167;132;180
Q6PLI2,40.0,34.99309158325195,Random,2,0.1,29,35.81867599487305,0.8255844116210938,0.8255844116210938,127;17;29;200;277;45;80;187;33;257;95;18;139;132;194;120;112;252;276;61;197;156;259;255;166;72;263;137;91
Q6PLI2,40.0,34.99309158325195,Random,3,0.1,29,34.96487045288086,-0.02822113037109375,0.02822113037109375,213;282;13;43;70;49;134;234;83;125;280;114;79;51;163;193;126;196;181;180;30;19;203;75;204;124;94;63;174
Q6PLI2,40.0,34.99309158325195,Random,4,0.1,29,34.964866638183594,-0.028224945068359375,0.028224945068359375,260;245;74;144;235;241;239;244;42;204;88;195;125;223;17;179;48;109;219;206;57;218;254;124;56;183;147;180;68
Q60FX6,60.0,41.4234504699707,Top important,0,0.1,33,45.32002639770508,3.896575927734375,3.896575927734375,14;179;306;52;294;275;111;152;231;215;176;40;71;216;232;220;49;112;128;10;75;135;50;327;1;17;278;87;218;314;144;310;3
Q60FX6,60.0,41.4234504699707,Low important,0,0.1,33,41.4234504699707,0.0,0.0,207;165;301;225;198;48;107;291;296;13;201;5;12;96;293;141;230;157;161;167;241;285;104;147;126;287;158;289;99;11;175;162;60
Q60FX6,60.0,41.4234504699707,Random,0,0.1,33,41.4234504699707,0.0,0.0,164;43;186;244;199;119;253;257;149;202;115;210;59;308;262;178;15;122;67;153;182;28;241;265;39;13;284;155;34;256;29;114;117
Q60FX6,60.0,41.4234504699707,Random,1,0.1,33,41.4234504699707,0.0,0.0,302;140;183;168;198;28;8;108;267;160;261;256;246;36;41;89;300;137;85;189;129;125;24;9;211;163;273;318;20;201;38;94;19
Q60FX6,60.0,41.4234504699707,Random,2,0.1,33,41.40717697143555,-0.01627349853515625,0.01627349853515625,200;313;22;176;191;43;29;184;260;147;150;202;9;197;242;268;20;210;79;253;66;164;111;145;185;218;10;82;316;42;68;38;64
Q60FX6,60.0,41.4234504699707,Random,3,0.1,33,39.67934036254883,-1.744110107421875,1.744110107421875,318;244;242;166;205;200;157;104;30;290;272;206;98;13;179;277;203;99;139;83;133;161;131;309;257;255;8;9;259;305;172;232;36
Q60FX6,60.0,41.4234504699707,Random,4,0.1,33,41.42281723022461,-0.00063323974609375,0.00063323974609375,216;152;91;48;198;324;107;18;195;117;220;322;314;70;51;40;54;319;243;99;283;189;167;31;1;161;171;145;223;203;188;205;262
Q8RPW6,28.0,36.71376419067383,Top important,0,0.1,25,38.772117614746094,2.0583534240722656,2.0583534240722656,151;196;60;237;180;221;134;232;102;218;74;139;43;4;210;128;18;135;228;87;173;178;155;123;122
Q8RPW6,28.0,36.71376419067383,Low important,0,0.1,25,36.71376419067383,0.0,0.0,116;141;7;165;205;142;104;83;12;194;8;94;25;223;249;150;6;177;230;212;229;21;58;130;157
Q8RPW6,28.0,36.71376419067383,Random,0,0.1,25,36.730316162109375,0.016551971435546875,0.016551971435546875,240;63;136;4;115;83;186;11;146;124;15;212;156;250;195;221;10;74;141;121;28;91;3;40;155
Q8RPW6,28.0,36.71376419067383,Random,1,0.1,25,36.73240280151367,0.01863861083984375,0.01863861083984375,85;189;190;158;43;49;26;58;219;137;16;120;204;221;133;130;110;112;103;198;82;70;201;14;215
Q8RPW6,28.0,36.71376419067383,Random,2,0.1,25,36.6205940246582,-0.093170166015625,0.093170166015625,216;150;4;67;156;30;167;106;204;28;181;146;136;231;40;19;151;101;34;203;210;221;200;246;121
Q8RPW6,28.0,36.71376419067383,Random,3,0.1,25,36.33077621459961,-0.38298797607421875,0.38298797607421875,49;151;50;51;225;107;171;248;162;224;181;69;131;87;184;228;90;187;218;222;72;200;198;38;194
Q8RPW6,28.0,36.71376419067383,Random,4,0.1,25,36.16529846191406,-0.5484657287597656,0.5484657287597656,121;84;178;140;15;104;223;76;44;81;247;36;65;233;137;151;152;71;107;174;113;184;9;248;5
G0L2Y1,30.0,32.72396469116211,Top important,0,0.1,36,38.26936340332031,5.545398712158203,5.545398712158203,78;171;325;62;245;223;117;110;154;156;114;266;58;230;303;232;40;50;125;249;149;281;236;270;170;181;106;183;80;55;162;1;61;261;47;20
G0L2Y1,30.0,32.72396469116211,Low important,0,0.1,36,32.72396469116211,0.0,0.0,298;341;7;6;159;180;273;336;229;4;238;115;203;122;312;147;13;167;228;15;81;54;234;231;219;75;328;301;264;101;98;308;85;45;194;33
G0L2Y1,30.0,32.72396469116211,Random,0,0.1,36,34.698974609375,1.9750099182128906,1.9750099182128906,39;159;221;44;318;345;78;135;63;265;220;185;79;228;213;113;334;343;270;136;339;232;177;104;251;316;195;203;92;5;22;267;315;227;248;90
G0L2Y1,30.0,32.72396469116211,Random,1,0.1,36,32.72396469116211,0.0,0.0,293;152;10;216;57;87;111;74;161;147;146;118;284;277;184;187;21;12;228;67;196;312;348;271;324;330;2;127;178;314;100;233;300;317;172;89
G0L2Y1,30.0,32.72396469116211,Random,2,0.1,36,32.70759963989258,-0.01636505126953125,0.01636505126953125,168;115;27;208;165;284;32;229;280;306;188;289;7;340;23;225;126;248;26;324;29;117;64;100;246;140;110;129;17;249;277;40;345;147;136;213
G0L2Y1,30.0,32.72396469116211,Random,3,0.1,36,32.72341537475586,-0.00054931640625,0.00054931640625,71;257;7;6;291;247;200;280;37;244;295;201;344;61;281;231;142;86;67;226;38;296;42;83;205;348;197;181;159;25;235;276;224;20;56;91
G0L2Y1,30.0,32.72396469116211,Random,4,0.1,36,32.70809555053711,-0.015869140625,0.015869140625,111;216;296;47;343;96;350;9;346;251;271;332;51;267;76;156;198;328;337;304;170;5;273;280;6;207;253;73;112;137;79;103;59;29;266;329
Q9HUU7,37.0,32.817386627197266,Top important,0,0.1,18,31.061614990234375,-1.7557716369628906,1.7557716369628906,142;109;132;139;84;56;125;124;97;63;72;52;6;32;114;20;101;31
Q9HUU7,37.0,32.817386627197266,Low important,0,0.1,18,32.817386627197266,0.0,0.0,165;122;24;19;110;30;3;33;144;57;141;22;120;12;68;76;121;89
Q9HUU7,37.0,32.817386627197266,Random,0,0.1,18,32.81808853149414,0.000701904296875,0.000701904296875,125;129;36;65;55;7;147;41;66;37;148;60;146;51;136;73;135;49
Q9HUU7,37.0,32.817386627197266,Random,1,0.1,18,32.871185302734375,0.053798675537109375,0.053798675537109375,52;158;74;39;64;142;62;99;86;17;70;10;93;119;83;149;102;126
Q9HUU7,37.0,32.817386627197266,Random,2,0.1,18,32.81756591796875,0.000179290771484375,0.000179290771484375,141;21;73;54;16;60;119;6;172;170;80;19;90;165;41;76;171;168
Q9HUU7,37.0,32.817386627197266,Random,3,0.1,18,32.81743621826172,4.9591064453125e-05,4.9591064453125e-05,158;137;145;10;20;78;26;104;5;61;18;6;93;13;127;90;52;129
Q9HUU7,37.0,32.817386627197266,Random,4,0.1,18,32.817481994628906,9.5367431640625e-05,9.5367431640625e-05,170;26;148;100;11;94;32;110;67;68;160;16;24;41;93;70;162;83
A9UVU0,37.0,33.10500717163086,Top important,0,0.1,38,37.26338195800781,4.158374786376953,4.158374786376953,170;117;242;96;84;284;42;274;134;354;307;188;12;37;323;198;225;86;106;93;340;131;325;33;184;356;273;14;369;241;339;351;13;65;75;149;123;236
A9UVU0,37.0,33.10500717163086,Low important,0,0.1,38,33.10500717163086,0.0,0.0,187;115;254;281;282;303;174;140;367;332;190;255;286;167;159;322;57;185;186;238;44;49;299;302;221;60;326;285;155;88;330;111;45;206;22;178;80;292
A9UVU0,37.0,33.10500717163086,Random,0,0.1,38,33.10504150390625,3.4332275390625e-05,3.4332275390625e-05,329;43;184;6;328;373;30;154;187;3;141;87;98;173;68;121;360;197;341;365;180;198;11;325;162;372;39;364;24;281;290;275;265;193;88;211;89;318
A9UVU0,37.0,33.10500717163086,Random,1,0.1,38,30.086624145507812,-3.018383026123047,3.018383026123047,120;198;208;359;229;268;93;237;51;26;131;59;310;367;194;109;149;170;337;53;356;365;239;187;65;136;143;70;72;264;192;231;156;32;188;279;163;312
A9UVU0,37.0,33.10500717163086,Random,2,0.1,38,33.10062026977539,-0.00438690185546875,0.00438690185546875,362;84;185;85;155;4;263;127;136;90;58;357;47;66;105;183;77;86;187;233;220;5;115;368;202;234;262;341;302;166;44;91;222;80;55;333;63;236
A9UVU0,37.0,33.10500717163086,Random,3,0.1,38,33.10426330566406,-0.000743865966796875,0.000743865966796875,349;374;104;122;310;111;71;225;85;229;146;348;224;326;303;9;258;344;322;307;60;39;272;16;355;261;181;278;299;93;135;35;260;17;306;217;64;13
A9UVU0,37.0,33.10500717163086,Random,4,0.1,38,33.10459899902344,-0.000408172607421875,0.000408172607421875,68;234;41;13;251;169;119;284;309;332;333;371;260;306;261;21;330;289;223;37;93;64;15;358;6;1;270;55;340;193;215;91;57;76;38;175;348;190
A0A141BGH5,32.5,35.72100830078125,Top important,0,0.1,27,38.32658767700195,2.605579376220703,2.605579376220703,235;260;181;166;186;133;238;29;52;82;224;149;161;47;72;20;140;8;35;116;215;54;86;18;168;44;2
A0A141BGH5,32.5,35.72100830078125,Low important,0,0.1,27,35.72100830078125,0.0,0.0,96;184;34;152;155;98;117;250;69;243;12;130;88;188;106;65;11;167;48;78;127;236;251;79;89;142;185
A0A141BGH5,32.5,35.72100830078125,Random,0,0.1,27,35.72100830078125,0.0,0.0,80;21;197;162;79;90;227;49;157;165;75;258;174;179;187;44;3;172;204;26;254;169;253;125;195;33;252
A0A141BGH5,32.5,35.72100830078125,Random,1,0.1,27,35.6674690246582,-0.053539276123046875,0.053539276123046875,86;176;124;12;151;9;238;186;212;256;224;66;72;69;185;246;192;51;27;95;219;162;225;122;230;101;119
A0A141BGH5,32.5,35.72100830078125,Random,2,0.1,27,35.71040725708008,-0.010601043701171875,0.010601043701171875,27;177;61;123;45;2;37;18;166;57;227;43;4;154;3;108;104;233;9;109;107;224;194;179;243;70;202
A0A141BGH5,32.5,35.72100830078125,Random,3,0.1,27,35.721343994140625,0.000335693359375,0.000335693359375,1;236;244;216;92;26;54;246;76;90;6;178;61;83;230;85;86;73;52;121;152;4;211;220;255;13;114
A0A141BGH5,32.5,35.72100830078125,Random,4,0.1,27,35.72299575805664,0.001987457275390625,0.001987457275390625,227;25;22;129;136;238;98;250;88;182;165;213;140;134;248;197;27;142;40;114;45;89;6;190;206;93;151
Q8GQE7,70.0,30.181285858154297,Top important,0,0.1,54,33.37773895263672,3.196453094482422,3.196453094482422,450;85;483;537;435;439;478;104;394;371;267;288;49;332;182;232;330;490;320;90;347;363;512;86;372;146;418;100;294;378;229;460;274;407;269;428;68;440;242;426;32;410;137;36;155;246;158;212;30;277;74;323;93;243
Q8GQE7,70.0,30.181285858154297,Low important,0,0.1,54,30.181285858154297,0.0,0.0,214;160;506;202;314;116;20;210;62;139;491;141;415;52;504;108;445;514;408;1;496;38;98;473;311;113;167;107;295;293;249;60;264;492;299;417;199;484;509;471;261;520;438;481;70;510;168;205;220;328;95;284;498;511
Q8GQE7,70.0,30.181285858154297,Random,0,0.1,54,30.181262969970703,-2.288818359375e-05,2.288818359375e-05,151;40;43;349;269;4;241;239;305;137;128;345;390;74;146;249;360;422;196;397;285;227;363;428;333;513;376;164;59;454;160;381;466;65;97;438;14;110;148;92;420;492;156;498;471;15;212;254;109;89;334;16;18;200
Q8GQE7,70.0,30.181285858154297,Random,1,0.1,54,35.615787506103516,5.434501647949219,5.434501647949219,223;67;399;204;497;26;105;264;108;365;379;149;535;42;401;168;230;498;113;155;47;240;494;351;196;139;169;446;198;450;142;296;353;411;482;174;242;513;111;10;49;371;153;336;214;184;361;274;18;140;60;323;273;397
Q8GQE7,70.0,30.181285858154297,Random,2,0.1,54,30.18126678466797,-1.9073486328125e-05,1.9073486328125e-05,18;44;65;391;97;32;226;331;162;502;165;43;516;54;426;524;457;235;254;141;124;90;292;177;135;133;363;160;392;259;501;412;389;34;63;185;326;494;406;127;155;83;157;142;422;125;475;228;149;465;469;60;338;126
Q8GQE7,70.0,30.181285858154297,Random,3,0.1,54,30.180938720703125,-0.000347137451171875,0.000347137451171875,68;380;361;128;395;534;381;389;461;140;112;67;529;496;133;368;232;75;187;120;374;442;387;193;152;234;168;370;2;227;257;272;302;175;29;453;183;179;20;35;256;537;104;132;283;334;314;217;403;397;481;454;207;298
Q8GQE7,70.0,30.181285858154297,Random,4,0.1,54,35.61060333251953,5.429317474365234,5.429317474365234,365;298;209;30;304;151;254;316;50;357;175;340;26;468;275;95;344;59;235;94;456;356;119;157;149;450;18;36;22;256;373;128;408;103;433;20;145;510;354;438;164;479;494;312;466;232;91;41;331;118;98;412;40;395
Q5ECC3,30.0,28.216724395751953,Top important,0,0.1,50,34.27452087402344,6.057796478271484,6.057796478271484,5;256;177;79;161;362;188;470;195;487;27;399;223;400;101;483;227;462;38;150;123;112;168;392;203;196;405;216;43;88;18;244;420;409;440;234;252;97;324;77;424;465;385;395;236;276;59;489;330;309
Q5ECC3,30.0,28.216724395751953,Low important,0,0.1,50,28.216724395751953,0.0,0.0,273;473;363;20;191;224;235;447;76;464;343;265;1;277;384;314;456;37;326;53;172;113;347;313;44;170;463;289;381;366;67;90;306;12;159;71;425;439;266;278;160;51;466;119;238;416;432;241;95;117
Q5ECC3,30.0,28.216724395751953,Random,0,0.1,50,28.208749771118164,-0.007974624633789062,0.007974624633789062,234;20;478;473;100;197;282;8;267;166;39;155;326;99;467;475;244;54;187;158;372;436;274;361;228;353;4;121;369;320;224;317;256;429;344;493;32;12;152;262;29;391;323;345;105;463;161;210;328;180
Q5ECC3,30.0,28.216724395751953,Random,1,0.1,50,28.214693069458008,-0.0020313262939453125,0.0020313262939453125,391;122;197;328;90;387;3;491;132;129;243;158;425;84;52;381;296;291;138;228;428;317;436;339;1;128;295;268;250;242;279;39;433;94;186;170;247;265;484;388;399;405;285;273;348;253;212;180;474;62
Q5ECC3,30.0,28.216724395751953,Random,2,0.1,50,28.216651916503906,-7.2479248046875e-05,7.2479248046875e-05,465;448;298;365;98;277;52;438;94;18;217;262;165;82;23;279;456;225;402;355;413;16;108;381;323;321;93;64;122;469;55;383;235;479;246;95;403;344;400;387;241;452;134;428;417;454;360;376;128;249
Q5ECC3,30.0,28.216724395751953,Random,3,0.1,50,28.216697692871094,-2.6702880859375e-05,2.6702880859375e-05,140;88;244;356;225;55;363;277;145;312;25;300;316;304;361;54;162;280;105;172;214;141;152;459;391;421;388;353;258;208;341;251;103;337;464;274;99;62;133;286;86;342;13;246;350;490;65;390;204;48
Q5ECC3,30.0,28.216724395751953,Random,4,0.1,50,28.191104888916016,-0.0256195068359375,0.0256195068359375,379;208;15;67;53;221;40;128;434;463;191;480;232;187;348;138;276;461;81;112;223;254;368;475;107;76;456;17;437;13;177;174;84;263;349;122;490;189;445;468;282;395;470;152;258;165;389;217;479;371
M1GRN3,45.0,42.81088638305664,Top important,0,0.1,45,47.638240814208984,4.827354431152344,4.827354431152344,63;25;293;378;124;250;395;445;261;243;387;1;358;101;295;449;132;164;188;94;12;79;370;227;32;58;182;324;350;226;437;131;105;91;327;186;339;74;86;223;222;266;35;71;16
M1GRN3,45.0,42.81088638305664,Low important,0,0.1,45,42.81088638305664,0.0,0.0,77;247;398;176;304;192;55;66;312;93;109;414;115;391;41;80;381;122;138;249;165;275;170;393;10;218;291;57;125;248;100;82;413;51;127;112;263;319;302;318;283;252;282;273;70
M1GRN3,45.0,42.81088638305664,Random,0,0.1,45,42.74171447753906,-0.06917190551757812,0.06917190551757812,240;145;410;284;161;147;14;154;68;29;418;7;254;88;404;13;122;189;219;300;429;162;137;296;127;150;129;370;407;111;379;99;131;249;237;250;152;255;28;390;269;319;226;430;326
M1GRN3,45.0,42.81088638305664,Random,1,0.1,45,42.810760498046875,-0.000125885009765625,0.000125885009765625,275;167;187;429;3;55;259;216;364;271;297;439;263;189;147;233;369;215;221;327;398;333;86;350;199;312;444;149;97;40;74;194;381;178;374;249;202;10;171;419;219;155;380;320;420
M1GRN3,45.0,42.81088638305664,Random,2,0.1,45,42.382179260253906,-0.4287071228027344,0.4287071228027344,359;337;61;102;338;389;25;65;144;386;269;143;87;140;161;54;169;30;443;252;291;104;196;98;298;277;410;108;433;284;97;183;440;229;414;259;273;122;441;227;220;86;114;365;146
M1GRN3,45.0,42.81088638305664,Random,3,0.1,45,42.74478530883789,-0.06610107421875,0.06610107421875,86;132;82;322;61;392;144;243;259;169;21;89;114;113;157;247;316;117;313;217;143;342;399;244;179;227;191;233;13;288;411;78;258;115;340;88;419;337;290;208;80;330;19;108;445
M1GRN3,45.0,42.81088638305664,Random,4,0.1,45,42.80912780761719,-0.001758575439453125,0.001758575439453125,42;315;318;309;450;74;164;271;92;208;311;21;115;319;431;138;253;27;190;52;96;397;91;416;385;54;171;391;447;160;364;227;182;73;197;166;375;84;117;432;239;362;223;426;404
Q4JB88,70.0,70.16891479492188,Top important,0,0.1,16,73.86579895019531,3.6968841552734375,3.6968841552734375,26;22;82;123;42;136;151;19;89;53;61;155;1;94;15;39
Q4JB88,70.0,70.16891479492188,Low important,0,0.1,16,70.16891479492188,0.0,0.0,21;154;107;128;127;55;141;95;41;59;64;40;13;67;125;66
Q4JB88,70.0,70.16891479492188,Random,0,0.1,16,70.16461944580078,-0.00429534912109375,0.00429534912109375,10;94;66;59;51;122;137;40;113;67;24;117;53;97;127;74
Q4JB88,70.0,70.16891479492188,Random,1,0.1,16,70.16891479492188,0.0,0.0,81;66;37;77;154;40;4;148;91;11;120;122;73;93;52;137
Q4JB88,70.0,70.16891479492188,Random,2,0.1,16,70.16895294189453,3.814697265625e-05,3.814697265625e-05,146;68;32;59;72;99;30;131;73;94;109;140;57;100;141;24
Q4JB88,70.0,70.16891479492188,Random,3,0.1,16,71.1576919555664,0.9887771606445312,0.9887771606445312,24;26;87;95;115;44;73;152;140;22;151;36;91;111;17;32
Q4JB88,70.0,70.16891479492188,Random,4,0.1,16,70.16890716552734,-7.62939453125e-06,7.62939453125e-06,98;65;10;91;106;125;92;100;121;39;81;14;133;153;107;110
P53123,37.0,31.064006805419922,Top important,0,0.1,32,35.20070266723633,4.136695861816406,4.136695861816406,20;42;230;237;180;163;101;304;253;219;61;127;73;122;298;305;269;268;150;13;3;159;9;306;192;68;174;173;242;12;186;307
P53123,37.0,31.064006805419922,Low important,0,0.1,32,31.064006805419922,0.0,0.0,100;120;60;201;175;23;59;40;248;265;279;291;310;234;197;76;292;319;200;130;181;66;107;64;196;203;226;53;299;207;81;89
P53123,37.0,31.064006805419922,Random,0,0.1,32,30.94484519958496,-0.11916160583496094,0.11916160583496094,264;304;183;43;62;310;208;299;280;257;237;285;294;188;134;115;90;162;180;253;85;283;236;148;72;93;87;166;314;182;83;200
P53123,37.0,31.064006805419922,Random,1,0.1,32,31.063030242919922,-0.0009765625,0.0009765625,306;315;17;317;195;177;200;206;127;253;165;40;221;261;149;244;27;80;224;250;258;67;62;313;148;220;239;274;95;163;179;309
P53123,37.0,31.064006805419922,Random,2,0.1,32,31.138322830200195,0.07431602478027344,0.07431602478027344,269;193;243;105;272;158;206;227;42;211;316;23;162;107;1;113;100;248;98;239;90;304;293;27;281;66;308;104;253;117;127;283
P53123,37.0,31.064006805419922,Random,3,0.1,32,30.939346313476562,-0.12466049194335938,0.12466049194335938,124;203;278;49;96;236;145;20;237;135;103;75;205;222;303;264;130;40;87;251;81;157;307;62;144;313;139;202;6;253;100;304
P53123,37.0,31.064006805419922,Random,4,0.1,32,31.063764572143555,-0.0002422332763671875,0.0002422332763671875,265;202;210;201;141;216;18;49;300;267;313;240;65;120;199;25;157;252;30;317;142;203;152;268;67;181;178;85;8;122;75;37
P0C0G6,37.0,32.38188552856445,Top important,0,0.1,34,39.55696487426758,7.175079345703125,7.175079345703125,335;284;252;108;223;148;179;25;50;143;208;103;219;73;61;300;172;316;184;309;115;58;171;88;80;117;14;226;22;328;84;55;4;33
P0C0G6,37.0,32.38188552856445,Low important,0,0.1,34,32.38188552856445,0.0,0.0,96;67;92;36;282;152;259;6;39;266;237;210;16;134;95;221;7;199;187;130;149;224;313;32;119;77;320;105;301;209;153;314;82;157
P0C0G6,37.0,32.38188552856445,Random,0,0.1,34,31.946636199951172,-0.43524932861328125,0.43524932861328125,34;228;332;51;118;334;90;146;36;59;139;321;107;179;240;3;195;82;301;285;295;231;205;310;8;267;37;2;35;273;21;168;253;249
P0C0G6,37.0,32.38188552856445,Random,1,0.1,34,31.60669708251953,-0.7751884460449219,0.7751884460449219,297;77;48;294;252;90;214;325;290;186;45;145;60;238;161;22;8;203;268;164;33;128;311;129;266;207;264;198;2;97;280;191;284;185
P0C0G6,37.0,32.38188552856445,Random,2,0.1,34,32.68172836303711,0.29984283447265625,0.29984283447265625,224;237;161;209;148;215;288;312;115;127;4;226;83;187;124;197;283;97;320;212;105;118;138;327;51;266;163;223;3;200;68;123;25;192
P0C0G6,37.0,32.38188552856445,Random,3,0.1,34,32.38508224487305,0.00319671630859375,0.00319671630859375,243;289;16;58;231;60;224;321;66;69;316;189;213;256;246;262;4;227;311;68;62;25;100;235;295;309;112;56;141;330;145;136;201;264
P0C0G6,37.0,32.38188552856445,Random,4,0.1,34,32.485740661621094,0.10385513305664062,0.10385513305664062,49;271;46;91;324;181;4;40;153;90;323;3;8;86;61;172;143;113;250;226;283;273;321;138;102;199;27;14;246;20;15;185;54;265
Q58517,37.0,60.61220169067383,Top important,0,0.1,20,67.89468383789062,7.282482147216797,7.282482147216797,57;23;172;10;121;165;31;155;136;78;104;6;67;161;39;89;85;27;76;17
Q58517,37.0,60.61220169067383,Low important,0,0.1,20,60.61220169067383,0.0,0.0,174;36;130;60;156;144;42;94;109;113;101;170;11;177;153;34;72;52;49;33
Q58517,37.0,60.61220169067383,Random,0,0.1,20,60.38438415527344,-0.22781753540039062,0.22781753540039062,161;183;172;101;58;104;5;71;10;193;184;177;77;191;185;175;31;182;44;63
Q58517,37.0,60.61220169067383,Random,1,0.1,20,60.50588607788086,-0.10631561279296875,0.10631561279296875,14;188;145;91;7;187;93;173;102;156;20;121;67;53;186;128;39;142;1;110
Q58517,37.0,60.61220169067383,Random,2,0.1,20,60.48025131225586,-0.13195037841796875,0.13195037841796875,111;24;190;103;118;3;150;152;172;167;40;128;18;98;101;153;90;178;88;68
Q58517,37.0,60.61220169067383,Random,3,0.1,20,60.61051940917969,-0.001682281494140625,0.001682281494140625,100;190;183;80;164;7;32;79;185;146;22;140;66;136;5;59;83;120;147;13
Q58517,37.0,60.61220169067383,Random,4,0.1,20,60.50178146362305,-0.11042022705078125,0.11042022705078125,179;67;131;106;118;169;121;146;196;92;43;97;52;163;44;81;155;185;84;71
Q8KKF9,37.0,40.799320220947266,Top important,0,0.1,54,48.064876556396484,7.265556335449219,7.265556335449219,103;331;455;285;308;42;366;377;265;399;525;239;291;337;309;419;376;298;536;514;251;441;115;27;201;226;75;289;442;11;106;43;343;16;10;269;371;460;79;156;294;282;520;69;63;19;509;259;450;99;453;456;485;447
Q8KKF9,37.0,40.799320220947266,Low important,0,0.1,54,40.799320220947266,0.0,0.0,52;423;162;500;144;415;375;379;299;400;486;80;268;404;126;101;73;193;135;71;356;68;317;255;182;102;439;40;90;312;283;241;113;199;262;293;209;166;222;496;302;88;322;427;363;364;510;326;508;412;480;368;478;280
Q8KKF9,37.0,40.799320220947266,Random,0,0.1,54,40.75138854980469,-0.047931671142578125,0.047931671142578125,48;240;215;509;339;474;206;511;382;495;513;310;123;308;371;487;147;12;437;41;348;456;42;336;510;293;498;535;89;368;532;377;537;231;365;352;389;367;129;86;272;493;409;536;85;346;159;427;329;402;182;97;11;349
Q8KKF9,37.0,40.799320220947266,Random,1,0.1,54,40.78586196899414,-0.013458251953125,0.013458251953125,441;366;135;196;353;53;337;436;75;396;129;247;448;239;362;111;17;338;460;397;104;57;317;486;31;488;154;336;497;420;43;506;253;532;179;88;146;464;516;236;369;414;23;456;296;215;7;498;399;411;393;380;208;115
Q8KKF9,37.0,40.799320220947266,Random,2,0.1,54,40.79893112182617,-0.00038909912109375,0.00038909912109375,309;241;72;94;318;527;203;175;195;501;79;26;340;529;277;302;502;233;434;133;98;416;167;484;403;510;428;371;492;478;170;122;121;190;33;317;506;320;390;87;171;362;95;465;50;394;86;255;129;172;463;397;368;240
Q8KKF9,37.0,40.799320220947266,Random,3,0.1,54,45.70014953613281,4.900829315185547,4.900829315185547,4;45;281;213;266;293;237;169;110;87;86;140;282;38;75;103;340;510;192;427;351;288;37;153;60;460;88;414;382;199;58;85;173;487;91;311;200;515;47;332;308;484;161;523;295;101;238;359;184;412;272;392;326;132
Q8KKF9,37.0,40.799320220947266,Random,4,0.1,54,40.78705596923828,-0.012264251708984375,0.012264251708984375,400;122;413;428;347;323;13;99;361;496;38;255;269;220;258;79;375;482;155;465;410;169;6;67;360;338;366;501;282;537;55;159;436;250;274;222;49;293;104;299;434;154;52;374;480;491;278;137;474;14;125;40;30;277
P16467,25.0,32.17146682739258,Top important,0,0.1,57,37.11970520019531,4.948238372802734,4.948238372802734,65;516;133;253;507;481;491;92;510;338;477;249;232;150;408;209;194;36;105;41;367;396;114;86;307;77;386;561;373;154;5;459;205;260;140;495;304;485;332;476;273;518;463;472;537;452;416;315;430;220;357;455;93;551;443;502;198
P16467,25.0,32.17146682739258,Low important,0,0.1,57,32.17146682739258,0.0,0.0,219;81;407;292;56;244;442;252;193;149;27;318;541;335;155;131;533;21;540;245;17;243;218;53;306;104;316;162;387;456;200;362;107;535;406;438;222;469;470;45;24;215;241;544;294;152;480;479;70;454;453;57;4;360;385;538;144
P16467,25.0,32.17146682739258,Random,0,0.1,57,31.56756591796875,-0.6039009094238281,0.6039009094238281,64;167;467;176;227;235;412;165;289;114;147;480;442;464;453;434;457;385;553;119;378;254;310;358;276;268;247;115;63;256;15;134;342;237;400;149;382;279;560;184;253;200;345;500;148;12;125;61;348;437;315;265;178;338;349;482;517
P16467,25.0,32.17146682739258,Random,1,0.1,57,31.35852813720703,-0.8129386901855469,0.8129386901855469,270;380;66;461;155;69;259;404;41;203;408;390;5;156;98;459;44;363;55;344;385;283;442;128;106;195;205;543;179;424;305;429;117;449;247;18;15;207;28;65;398;433;296;293;215;448;191;166;167;63;140;48;181;282;244;82;198
P16467,25.0,32.17146682739258,Random,2,0.1,57,32.172035217285156,0.000568389892578125,0.000568389892578125,290;300;241;473;315;338;91;485;139;196;550;274;273;302;472;480;226;179;440;462;94;76;224;412;141;262;124;292;417;8;299;172;287;355;393;17;150;169;208;77;453;80;152;399;79;421;492;511;267;546;20;482;16;294;56;378;82
P16467,25.0,32.17146682739258,Random,3,0.1,57,32.17138671875,-8.0108642578125e-05,8.0108642578125e-05,45;182;287;396;247;44;462;24;240;355;416;495;285;402;226;412;17;397;39;387;551;342;257;266;544;528;531;41;211;546;505;549;131;239;66;106;263;321;403;130;458;243;522;151;97;375;463;550;500;135;415;479;49;261;161;269;159
P16467,25.0,32.17146682739258,Random,4,0.1,57,32.170745849609375,-0.000720977783203125,0.000720977783203125,169;110;261;29;419;71;263;274;19;108;256;532;233;66;362;75;383;156;401;130;393;561;365;464;127;271;294;542;129;47;67;102;500;320;430;523;12;387;392;474;353;543;497;195;32;247;381;153;204;95;335;348;239;306;150;296;210
O59147,65.0,69.93788146972656,Top important,0,0.1,63,70.03990936279297,0.10202789306640625,0.10202789306640625,232;61;14;353;453;560;18;65;116;395;438;590;117;6;119;482;332;77;29;339;144;477;3;24;523;204;487;157;73;343;552;167;99;26;470;46;209;491;468;17;442;334;403;152;365;10;196;183;184;508;385;412;499;190;320;101;136;543;298;481;429;347;279
O59147,65.0,69.93788146972656,Low important,0,0.1,63,69.93788146972656,0.0,0.0,348;436;532;445;161;392;443;111;628;57;616;114;122;141;126;536;509;130;583;264;270;467;550;129;601;609;165;575;230;503;356;459;483;511;407;302;562;249;45;587;273;528;313;580;553;427;214;34;60;531;505;382;588;90;370;485;188;81;128;20;202;517;164
O59147,65.0,69.93788146972656,Random,0,0.1,63,69.46432495117188,-0.4735565185546875,0.4735565185546875,589;607;135;566;620;215;181;610;350;570;616;200;223;580;617;100;327;352;304;533;185;113;422;259;374;114;603;373;116;408;214;624;88;262;319;291;233;16;627;611;168;82;242;47;588;523;625;193;108;96;318;76;383;571;183;288;472;532;601;232;204;499;101
O59147,65.0,69.93788146972656,Random,1,0.1,63,70.00888061523438,0.0709991455078125,0.0709991455078125,169;47;293;434;472;281;492;469;365;323;29;622;104;181;253;166;304;487;223;1;112;78;356;128;308;350;333;572;140;12;494;305;245;405;282;269;327;277;445;534;585;325;449;89;553;447;151;316;560;352;99;191;557;605;220;295;251;346;85;397;446;519;17
O59147,65.0,69.93788146972656,Random,2,0.1,63,69.95722961425781,0.01934814453125,0.01934814453125,184;401;136;11;175;88;570;13;3;21;310;207;368;208;72;95;594;460;97;101;528;479;590;49;525;222;246;563;529;103;188;210;509;289;579;296;59;475;377;174;532;171;280;492;181;37;152;436;346;239;360;623;170;458;483;618;185;23;452;276;183;66;240
O59147,65.0,69.93788146972656,Random,3,0.1,63,70.1933364868164,0.25545501708984375,0.25545501708984375,446;530;266;272;336;528;625;571;509;288;276;474;338;187;626;354;233;469;402;125;413;375;134;216;214;480;274;300;208;108;399;19;65;606;355;3;437;170;517;15;335;22;429;102;376;85;467;223;37;350;51;273;343;32;176;243;519;61;308;116;455;514;183
O59147,65.0,69.93788146972656,Random,4,0.1,63,69.53539276123047,-0.40248870849609375,0.40248870849609375,567;327;33;290;332;454;285;398;104;270;79;232;348;611;22;125;442;546;357;545;328;188;42;30;616;170;212;271;181;36;544;18;563;248;483;621;48;101;206;93;249;395;58;29;472;533;115;142;409;321;374;512;293;431;528;40;364;233;420;495;463;444;369
Q9L9F1,30.0,28.45499038696289,Top important,0,0.1,33,35.33868408203125,6.883693695068359,6.883693695068359,307;319;190;302;267;228;250;320;96;253;293;89;214;27;8;289;86;149;219;52;194;82;314;106;131;315;61;154;120;54;268;118;53
Q9L9F1,30.0,28.45499038696289,Low important,0,0.1,33,28.45499038696289,0.0,0.0,310;79;110;257;266;65;161;3;10;109;269;249;265;43;263;230;209;255;94;44;172;141;111;136;243;138;281;233;34;199;240;216;2
Q9L9F1,30.0,28.45499038696289,Random,0,0.1,33,28.437986373901367,-0.017004013061523438,0.017004013061523438,142;253;278;180;322;26;300;160;258;95;75;20;175;308;155;218;16;154;149;97;47;73;209;11;230;220;192;108;310;276;272;131;254
Q9L9F1,30.0,28.45499038696289,Random,1,0.1,33,27.99957275390625,-0.4554176330566406,0.4554176330566406,96;141;187;207;175;226;251;320;126;146;195;267;42;7;134;121;140;81;228;64;218;66;166;210;259;303;23;296;110;47;131;67;272
Q9L9F1,30.0,28.45499038696289,Random,2,0.1,33,28.454891204833984,-9.918212890625e-05,9.918212890625e-05,194;33;7;241;22;124;287;150;165;128;257;245;31;139;3;53;117;83;48;129;180;258;88;270;114;275;82;204;312;25;274;256;225
Q9L9F1,30.0,28.45499038696289,Random,3,0.1,33,28.42194175720215,-0.03304862976074219,0.03304862976074219,162;243;215;217;80;209;320;33;300;277;249;185;214;193;132;315;317;156;75;196;287;173;14;201;94;92;232;55;279;40;49;192;89
Q9L9F1,30.0,28.45499038696289,Random,4,0.1,33,28.523109436035156,0.06811904907226562,0.06811904907226562,208;264;167;319;102;234;138;60;198;49;124;4;195;191;204;72;282;37;228;165;89;249;260;321;17;137;12;219;311;5;79;174;48
A0A090IMH4,30.0,28.2901668548584,Top important,0,0.1,35,37.447078704833984,9.156911849975586,9.156911849975586,350;78;145;73;23;339;206;40;9;164;104;3;52;14;346;236;167;109;299;185;93;176;203;30;2;321;18;152;91;332;233;304;29;319;151
A0A090IMH4,30.0,28.2901668548584,Low important,0,0.1,35,28.2901668548584,0.0,0.0,344;292;35;189;138;140;308;293;47;281;129;182;24;71;54;253;28;240;147;27;224;301;296;272;254;168;127;20;229;114;315;115;112;155;133
A0A090IMH4,30.0,28.2901668548584,Random,0,0.1,35,28.28972816467285,-0.000438690185546875,0.000438690185546875,192;49;258;84;134;9;323;4;127;218;27;16;107;15;56;171;92;166;298;206;307;190;48;74;98;300;313;121;174;220;195;251;130;292;265
A0A090IMH4,30.0,28.2901668548584,Random,1,0.1,35,29.710264205932617,1.4200973510742188,1.4200973510742188,57;8;252;95;22;145;194;240;1;196;283;171;278;342;286;100;338;36;275;230;147;41;90;208;54;85;61;348;70;313;3;198;33;350;35
A0A090IMH4,30.0,28.2901668548584,Random,2,0.1,35,28.28485679626465,-0.00531005859375,0.00531005859375,309;276;208;40;270;102;254;115;114;328;234;327;229;286;185;201;348;200;163;325;173;260;103;71;314;109;149;289;137;337;165;82;218;259;283
A0A090IMH4,30.0,28.2901668548584,Random,3,0.1,35,28.289533615112305,-0.00063323974609375,0.00063323974609375,316;168;328;3;217;72;268;22;101;20;144;259;59;263;27;344;167;175;289;100;320;252;286;143;17;60;342;250;210;321;287;237;261;314;66
A0A090IMH4,30.0,28.2901668548584,Random,4,0.1,35,28.290115356445312,-5.14984130859375e-05,5.14984130859375e-05,114;253;95;226;2;22;344;50;285;162;143;182;139;327;126;68;292;39;243;219;234;21;51;38;318;34;105;244;49;151;160;43;92;87;236
Q5YLC0,37.0,44.15952682495117,Top important,0,0.1,41,47.19972610473633,3.0401992797851562,3.0401992797851562,377;222;23;98;341;79;333;146;299;47;182;241;86;245;59;66;167;130;85;277;177;240;268;217;279;348;191;286;31;58;300;361;381;160;380;43;350;323;347;125;370
Q5YLC0,37.0,44.15952682495117,Low important,0,0.1,41,44.15952682495117,0.0,0.0,220;354;174;322;232;204;13;331;57;294;396;119;51;292;238;95;193;152;15;201;328;256;260;106;2;109;142;32;179;143;197;12;316;209;253;136;140;37;141;351;39
Q5YLC0,37.0,44.15952682495117,Random,0,0.1,41,44.416107177734375,0.2565803527832031,0.2565803527832031,207;178;177;326;239;345;324;403;272;94;176;400;54;118;107;233;314;288;58;39;167;309;185;133;28;102;336;340;350;190;91;321;307;396;256;364;385;222;73;235;376
Q5YLC0,37.0,44.15952682495117,Random,1,0.1,41,43.980350494384766,-0.17917633056640625,0.17917633056640625,342;171;67;288;369;44;87;361;73;151;56;59;62;16;269;222;75;315;23;390;312;386;7;74;336;350;156;243;251;299;71;126;290;324;82;81;5;297;347;232;46
Q5YLC0,37.0,44.15952682495117,Random,2,0.1,41,44.15949249267578,-3.4332275390625e-05,3.4332275390625e-05,282;233;344;154;205;90;176;400;269;401;121;254;81;224;366;323;26;271;48;306;313;242;276;225;44;70;207;202;42;286;307;157;143;308;103;72;152;289;18;78;362
Q5YLC0,37.0,44.15952682495117,Random,3,0.1,41,44.15875244140625,-0.000774383544921875,0.000774383544921875,4;100;324;103;67;60;352;29;14;385;400;158;119;246;171;311;378;175;64;22;1;140;133;269;294;379;302;375;363;108;367;82;32;44;223;364;372;317;86;177;180
Q5YLC0,37.0,44.15952682495117,Random,4,0.1,41,44.159393310546875,-0.000133514404296875,0.000133514404296875,314;143;60;115;161;348;297;150;394;267;305;78;317;180;128;284;65;199;171;303;94;271;358;299;397;90;192;181;244;255;188;141;383;374;29;296;33;170;158;43;234
Q7DC81,28.0,27.87810516357422,Top important,0,0.1,63,36.80554962158203,8.927444458007812,8.927444458007812,156;496;255;585;280;331;360;571;200;186;451;73;175;44;212;503;352;507;399;491;435;228;499;288;82;608;615;225;92;383;480;582;267;313;490;519;390;173;349;134;68;275;276;335;433;43;577;281;402;320;387;148;351;41;30;423;579;122;425;138;391;157;77
Q7DC81,28.0,27.87810516357422,Low important,0,0.1,63,27.87810516357422,0.0,0.0,357;509;485;368;572;607;103;211;556;581;392;522;560;479;365;149;348;269;217;293;443;309;481;241;232;214;230;411;192;299;311;236;196;87;544;447;252;206;407;182;513;201;248;286;2;604;606;414;377;439;243;16;517;164;344;272;210;125;444;450;595;296;599
Q7DC81,28.0,27.87810516357422,Random,0,0.1,63,27.985246658325195,0.10714149475097656,0.10714149475097656,171;343;207;175;267;161;293;65;97;8;52;204;437;344;412;252;390;533;400;131;270;603;186;261;203;496;73;429;235;342;445;459;254;506;541;627;516;618;138;253;430;483;179;206;61;443;318;576;227;352;62;418;480;450;315;72;587;599;249;106;391;621;619
Q7DC81,28.0,27.87810516357422,Random,1,0.1,63,28.653675079345703,0.7755699157714844,0.7755699157714844,5;577;304;96;381;60;575;389;398;117;33;425;371;532;102;253;6;190;603;62;259;565;401;402;158;138;97;590;52;410;583;205;420;219;313;156;99;86;309;92;510;335;25;483;543;75;139;15;349;250;500;386;207;478;180;467;437;101;397;196;334;108;10
Q7DC81,28.0,27.87810516357422,Random,2,0.1,63,27.88440704345703,0.0063018798828125,0.0063018798828125,614;478;511;196;157;212;13;485;109;518;275;463;567;582;315;187;116;453;484;528;394;127;298;101;35;281;347;97;311;487;153;172;435;331;40;396;312;285;405;486;336;313;455;368;564;337;217;604;204;495;324;155;329;63;358;334;403;25;603;525;577;322;146
Q7DC81,28.0,27.87810516357422,Random,3,0.1,63,27.802608489990234,-0.07549667358398438,0.07549667358398438,383;474;573;416;98;422;274;66;206;627;114;335;351;580;589;355;232;377;548;65;216;293;204;61;167;329;117;425;466;386;447;493;256;145;257;595;479;149;120;357;381;610;95;194;518;19;159;212;404;102;15;172;297;280;382;591;143;328;258;255;594;394;155
Q7DC81,28.0,27.87810516357422,Random,4,0.1,63,27.87386703491211,-0.004238128662109375,0.004238128662109375,573;152;77;162;415;64;109;37;262;577;580;225;42;551;47;419;437;132;263;421;398;314;417;426;102;564;79;45;209;246;129;408;560;336;265;617;358;326;236;199;616;131;349;288;126;88;621;454;371;624;527;526;403;377;315;509;105;259;168;171;359;599;200
D2SZY5,32.5,33.076202392578125,Top important,0,0.1,48,36.37571716308594,3.2995147705078125,3.2995147705078125,226;422;35;90;193;98;271;182;222;65;440;465;456;85;133;22;434;441;334;179;421;139;339;260;469;446;428;230;4;45;325;221;143;72;340;55;302;36;70;259;148;288;398;61;335;203;184;19
D2SZY5,32.5,33.076202392578125,Low important,0,0.1,48,33.076202392578125,0.0,0.0,131;28;355;295;472;375;413;432;298;43;211;91;317;368;349;233;294;76;263;229;404;47;138;113;345;92;114;173;164;358;95;181;48;41;150;188;166;262;331;58;128;383;74;116;110;397;96;109
D2SZY5,32.5,33.076202392578125,Random,0,0.1,48,33.08005905151367,0.003856658935546875,0.003856658935546875,442;335;246;120;207;372;234;186;264;440;61;299;385;232;427;142;102;271;424;131;308;74;150;262;2;303;445;47;336;58;346;183;112;330;81;79;370;141;290;193;253;212;384;426;364;10;450;409
D2SZY5,32.5,33.076202392578125,Random,1,0.1,48,33.07416915893555,-0.002033233642578125,0.002033233642578125,246;426;444;333;301;399;232;119;343;88;311;210;336;84;298;393;166;148;270;76;214;310;243;240;81;432;213;315;453;208;50;45;8;255;33;377;392;64;98;139;294;437;175;156;168;53;134;300
D2SZY5,32.5,33.076202392578125,Random,2,0.1,48,33.06961441040039,-0.006587982177734375,0.006587982177734375,270;266;281;184;287;437;22;156;464;322;317;186;36;30;390;7;271;436;76;302;457;446;220;424;80;219;303;85;325;49;367;207;125;131;45;384;382;191;163;12;183;273;210;397;182;425;362;342
D2SZY5,32.5,33.076202392578125,Random,3,0.1,48,33.5982780456543,0.5220756530761719,0.5220756530761719,231;96;109;39;92;132;77;116;2;422;361;410;127;69;444;411;105;321;439;390;83;452;460;20;129;149;93;85;395;34;339;440;86;313;237;467;229;262;197;462;373;150;7;91;1;152;367;157
D2SZY5,32.5,33.076202392578125,Random,4,0.1,48,33.594696044921875,0.51849365234375,0.51849365234375,366;371;428;155;351;287;426;191;392;57;141;322;204;138;277;176;114;353;86;216;199;436;368;422;237;69;127;468;387;364;393;251;36;82;134;280;352;225;267;95;160;27;213;73;321;444;437;98
A0A0E4AX59,48.0,50.84796142578125,Top important,0,0.1,35,48.271907806396484,-2.5760536193847656,2.5760536193847656,280;145;112;102;26;76;52;273;342;291;267;219;287;35;259;69;19;118;14;154;209;299;18;7;319;187;289;113;47;260;183;211;103;74;254
A0A0E4AX59,48.0,50.84796142578125,Low important,0,0.1,35,50.84796142578125,0.0,0.0,190;107;116;258;231;138;84;198;115;196;37;328;125;13;176;8;63;22;93;149;81;99;131;239;193;4;129;128;54;197;64;122;195;85;175
A0A0E4AX59,48.0,50.84796142578125,Random,0,0.1,35,50.841766357421875,-0.006195068359375,0.006195068359375,165;226;263;323;244;3;330;181;223;219;176;224;59;4;247;143;233;220;273;132;261;317;256;153;8;177;257;283;17;164;211;207;49;282;236
A0A0E4AX59,48.0,50.84796142578125,Random,1,0.1,35,50.84796905517578,7.62939453125e-06,7.62939453125e-06,208;271;268;339;72;155;56;210;152;178;116;17;166;331;91;80;322;279;160;150;275;21;51;283;147;189;157;130;170;172;164;98;154;303;38
A0A0E4AX59,48.0,50.84796142578125,Random,2,0.1,35,50.8552131652832,0.007251739501953125,0.007251739501953125,77;149;226;263;85;58;297;174;331;318;240;44;191;289;67;237;158;231;339;88;337;52;19;199;266;187;14;308;117;111;230;25;70;105;63
A0A0E4AX59,48.0,50.84796142578125,Random,3,0.1,35,50.8474006652832,-0.000560760498046875,0.000560760498046875,154;266;342;306;257;170;126;243;334;179;40;123;217;269;321;296;187;46;214;221;38;304;130;343;57;203;7;241;251;100;122;335;167;244;308
A0A0E4AX59,48.0,50.84796142578125,Random,4,0.1,35,50.84745407104492,-0.000507354736328125,0.000507354736328125,174;103;160;337;342;277;199;83;322;195;223;77;197;2;262;40;17;243;340;30;229;159;6;284;100;305;136;19;60;71;13;179;175;117;164
P39535,30.0,33.677310943603516,Top important,0,0.1,80,36.409664154052734,2.7323532104492188,2.7323532104492188,108;271;235;595;679;521;82;229;342;301;619;555;304;312;228;672;309;666;329;112;766;394;367;431;83;735;752;147;454;322;13;382;747;289;48;484;791;252;439;618;261;197;503;694;421;179;178;418;253;660;732;145;688;230;609;369;701;446;284;86;491;43;709;266;586;412;341;221;170;512;23;183;401;499;35;796;243;535;620;359
P39535,30.0,33.677310943603516,Low important,0,0.1,80,33.677310943603516,0.0,0.0,570;208;721;347;590;151;628;588;567;372;219;318;498;420;538;658;403;465;529;606;689;783;123;504;419;449;549;566;520;154;717;556;575;456;314;444;250;524;560;546;607;780;604;605;291;506;455;727;495;166;723;554;737;558;677;150;263;11;214;126;501;246;591;192;626;3;669;580;209;600;777;784;452;557;699;448;550;702;553;601
P39535,30.0,33.677310943603516,Random,0,0.1,80,34.15098571777344,0.4736747741699219,0.4736747741699219,539;754;275;234;500;64;798;49;378;360;109;52;245;465;464;785;769;251;37;540;449;311;95;623;346;16;792;779;662;12;127;495;733;724;531;256;505;742;452;523;23;20;458;327;392;152;404;578;135;701;177;65;444;205;335;235;244;694;3;789;439;232;168;793;514;173;176;455;337;163;289;107;207;303;613;240;580;323;430;246
P39535,30.0,33.677310943603516,Random,1,0.1,80,34.150360107421875,0.4730491638183594,0.4730491638183594,235;142;709;639;554;297;138;198;110;511;475;716;445;698;183;213;450;30;717;580;430;762;676;62;392;699;642;382;44;495;12;394;640;286;503;210;121;236;211;797;777;585;238;498;686;129;725;794;656;201;196;333;429;706;420;782;703;164;227;275;603;428;532;254;8;694;65;448;635;611;266;277;404;411;537;439;570;409;43;592
P39535,30.0,33.677310943603516,Random,2,0.1,80,33.66796875,-0.009342193603515625,0.009342193603515625,630;626;85;583;512;360;99;224;372;666;447;722;1;404;610;107;246;759;559;450;623;398;18;283;766;498;751;237;453;116;177;390;208;434;580;641;564;530;51;493;654;263;352;281;429;547;381;796;535;10;132;300;412;56;427;495;391;361;13;357;714;64;265;50;36;253;21;313;744;192;731;261;492;139;536;517;486;444;640;525
P39535,30.0,33.677310943603516,Random,3,0.1,80,33.68187713623047,0.004566192626953125,0.004566192626953125,467;295;146;233;324;196;306;786;155;138;38;509;27;258;135;304;107;123;794;384;52;735;220;787;316;270;128;543;565;356;257;466;64;647;508;414;709;552;315;626;670;130;69;704;189;272;584;216;248;763;767;44;643;486;769;133;724;541;657;163;523;112;634;156;512;208;267;705;602;674;16;606;717;116;711;24;730;590;736;173
P39535,30.0,33.677310943603516,Random,4,0.1,80,33.69536590576172,0.018054962158203125,0.018054962158203125,103;118;212;87;491;19;577;249;425;147;281;707;671;309;44;704;752;331;644;268;582;486;395;388;604;636;534;213;345;348;416;207;50;186;716;607;635;656;341;101;598;645;164;742;541;619;361;741;790;424;123;466;344;221;609;7;688;777;569;158;226;524;263;779;749;132;372;597;581;39;176;778;324;262;379;346;124;286;511;45
Q45VU2,60.0,57.926631927490234,Top important,0,0.1,22,58.38540267944336,0.458770751953125,0.458770751953125,106;123;91;32;68;147;80;190;173;200;50;201;96;97;136;40;125;41;20;205;119;84
Q45VU2,60.0,57.926631927490234,Low important,0,0.1,22,57.926631927490234,0.0,0.0,172;124;88;60;18;210;170;209;13;109;158;28;110;22;46;58;192;198;206;25;118;19
Q45VU2,60.0,57.926631927490234,Random,0,0.1,22,57.922950744628906,-0.003681182861328125,0.003681182861328125,100;103;207;9;183;4;49;182;130;208;62;124;173;131;108;77;10;42;150;104;127;92
Q45VU2,60.0,57.926631927490234,Random,1,0.1,22,54.91559600830078,-3.011035919189453,3.011035919189453,94;191;166;66;111;197;80;181;195;147;39;212;7;196;107;159;106;134;49;213;10;3
Q45VU2,60.0,57.926631927490234,Random,2,0.1,22,57.92046356201172,-0.006168365478515625,0.006168365478515625,98;149;11;79;173;112;163;141;199;9;31;109;86;100;81;202;200;205;152;174;144;45
Q45VU2,60.0,57.926631927490234,Random,3,0.1,22,57.92617416381836,-0.000457763671875,0.000457763671875,79;194;52;41;60;209;167;34;24;30;126;137;42;83;211;20;40;95;46;198;3;73
Q45VU2,60.0,57.926631927490234,Random,4,0.1,22,57.923301696777344,-0.003330230712890625,0.003330230712890625,47;11;92;166;98;190;197;200;171;12;33;179;156;174;194;148;209;8;21;27;76;54
Q9SDW9,37.0,34.84346008300781,Top important,0,0.1,47,39.2298583984375,4.3863983154296875,4.3863983154296875,33;240;358;433;296;147;388;352;29;440;140;116;100;443;226;404;159;370;314;222;28;322;114;46;8;273;349;403;92;104;260;94;174;375;57;361;91;152;19;160;377;219;201;373;286;15;1
Q9SDW9,37.0,34.84346008300781,Low important,0,0.1,47,34.84346008300781,0.0,0.0,77;27;108;142;307;224;417;455;53;59;337;227;150;89;74;298;76;45;245;293;288;189;353;128;259;284;297;378;38;267;96;105;289;331;229;366;12;258;231;294;87;217;220;223;82;83;69
Q9SDW9,37.0,34.84346008300781,Random,0,0.1,47,35.43235778808594,0.588897705078125,0.588897705078125,49;414;91;177;301;30;133;283;126;129;436;66;111;3;23;259;459;346;115;226;246;98;396;375;234;252;153;349;176;243;304;389;451;163;77;201;429;194;356;33;54;351;367;440;251;408;441
Q9SDW9,37.0,34.84346008300781,Random,1,0.1,47,34.84592819213867,0.002468109130859375,0.002468109130859375,390;373;302;250;454;378;207;4;337;430;371;184;338;96;224;458;35;407;265;367;415;177;344;283;249;449;104;388;85;413;381;319;361;257;53;355;425;40;94;432;78;59;142;442;55;7;135
Q9SDW9,37.0,34.84346008300781,Random,2,0.1,47,34.838741302490234,-0.004718780517578125,0.004718780517578125,45;174;198;286;79;204;335;452;14;256;131;344;186;237;324;128;28;277;159;245;42;269;309;208;74;362;194;259;76;63;168;396;140;49;322;451;347;184;330;73;94;281;360;90;385;69;155
Q9SDW9,37.0,34.84346008300781,Random,3,0.1,47,34.84346008300781,0.0,0.0,456;447;446;351;300;155;291;457;277;15;81;141;208;445;173;163;362;428;41;262;212;217;227;137;307;374;179;170;142;246;38;48;271;455;360;65;32;305;31;98;218;110;150;129;450;347;182
Q9SDW9,37.0,34.84346008300781,Random,4,0.1,47,34.84172439575195,-0.001735687255859375,0.001735687255859375,160;158;400;207;307;54;132;452;242;259;279;278;176;451;312;49;38;266;344;16;217;461;115;323;200;429;364;72;379;213;341;67;234;389;29;64;12;187;342;244;381;22;88;43;17;350;218
Q0ZS20,50.0,41.61668395996094,Top important,0,0.1,29,41.01115417480469,-0.60552978515625,0.60552978515625,201;224;56;270;273;131;177;38;254;55;63;228;109;159;20;117;99;191;87;138;146;279;162;41;269;195;198;92;108
Q0ZS20,50.0,41.61668395996094,Low important,0,0.1,29,41.61668395996094,0.0,0.0,278;272;246;85;260;214;40;113;205;81;79;274;11;232;237;97;166;161;231;29;114;120;112;186;268;46;16;275;245
Q0ZS20,50.0,41.61668395996094,Random,0,0.1,29,41.61227035522461,-0.004413604736328125,0.004413604736328125,132;54;272;70;210;22;232;47;251;135;29;230;127;59;209;49;55;162;202;184;229;57;259;187;280;199;8;9;79
Q0ZS20,50.0,41.61668395996094,Random,1,0.1,29,41.62116241455078,0.00447845458984375,0.00447845458984375,12;105;70;60;267;62;56;46;223;57;15;262;16;153;104;191;221;198;124;282;169;276;274;241;173;90;120;246;14
Q0ZS20,50.0,41.61668395996094,Random,2,0.1,29,41.62133026123047,0.00464630126953125,0.00464630126953125,60;133;73;283;208;156;275;56;115;108;216;179;118;170;220;255;274;145;91;241;4;140;10;90;260;14;128;83;98
Q0ZS20,50.0,41.61668395996094,Random,3,0.1,29,41.63304901123047,0.01636505126953125,0.01636505126953125,226;94;248;66;81;225;144;5;168;129;270;74;274;221;61;92;91;205;69;242;111;203;141;13;265;155;260;39;154
Q0ZS20,50.0,41.61668395996094,Random,4,0.1,29,41.61696243286133,0.000278472900390625,0.000278472900390625,20;169;260;240;61;67;272;23;178;90;24;261;184;68;165;43;33;214;95;218;100;39;211;231;134;44;57;79;102
Q08KN3,10.0,42.54975509643555,Top important,0,0.1,80,46.893489837646484,4.3437347412109375,4.3437347412109375,607;189;696;461;492;624;393;90;252;400;711;552;92;690;562;796;704;582;219;89;795;557;737;132;243;524;160;16;223;502;151;652;572;11;472;224;507;660;339;248;760;609;439;230;287;669;688;482;768;586;625;74;10;782;60;297;221;83;163;525;676;51;535;307;274;355;617;789;674;569;691;133;580;447;6;763;50;520;317;778
Q08KN3,10.0,42.54975509643555,Low important,0,0.1,80,42.54975509643555,0.0,0.0,41;216;558;137;611;250;304;615;114;727;391;164;253;457;616;591;398;108;422;177;640;340;668;194;416;276;560;714;5;319;351;742;72;290;262;203;292;365;771;411;9;343;215;708;732;326;371;123;111;259;130;587;126;325;129;413;417;275;282;441;575;353;82;106;374;154;792;527;76;204;193;602;376;75;469;559;438;590;368;394
Q08KN3,10.0,42.54975509643555,Random,0,0.1,80,42.441551208496094,-0.10820388793945312,0.10820388793945312,241;621;244;490;693;715;328;148;334;71;270;248;346;644;775;102;680;459;15;299;173;558;742;405;57;642;342;618;122;617;364;645;550;326;486;575;272;508;743;436;163;258;632;143;297;713;404;394;236;638;753;714;746;104;469;115;659;154;740;31;591;196;77;696;412;480;376;3;349;409;727;383;390;444;706;381;784;729;768;525
Q08KN3,10.0,42.54975509643555,Random,1,0.1,80,42.58876037597656,0.039005279541015625,0.039005279541015625,510;650;1;737;15;266;653;203;34;274;272;76;126;235;461;251;366;370;761;554;138;561;493;632;29;32;74;626;678;523;145;380;611;701;539;59;319;309;433;592;157;563;638;412;292;223;337;577;20;275;161;466;676;441;364;313;641;132;560;786;455;220;713;742;54;381;445;331;106;44;497;448;99;258;471;71;119;513;287;794
Q08KN3,10.0,42.54975509643555,Random,2,0.1,80,42.48081970214844,-0.06893539428710938,0.06893539428710938,274;3;792;44;468;354;456;90;776;667;149;519;458;481;791;35;710;62;430;419;681;653;215;393;194;743;51;574;572;164;10;598;692;41;674;670;795;727;434;142;80;443;318;475;721;790;39;198;352;424;276;467;755;491;284;15;489;355;48;384;79;321;541;403;5;212;135;472;644;229;773;153;415;16;737;369;764;405;262;263
Q08KN3,10.0,42.54975509643555,Random,3,0.1,80,42.53535842895508,-0.01439666748046875,0.01439666748046875,655;85;407;616;573;413;364;252;367;651;134;650;391;408;159;677;722;281;446;629;751;93;84;273;665;94;730;581;90;694;443;175;746;678;250;199;642;534;788;179;547;789;327;133;617;680;773;56;482;313;241;253;265;628;49;425;348;657;272;354;763;220;42;292;466;352;288;796;20;703;575;339;22;666;697;762;779;435;357;631
Q08KN3,10.0,42.54975509643555,Random,4,0.1,80,42.5496826171875,-7.2479248046875e-05,7.2479248046875e-05,24;627;656;210;729;431;534;66;775;509;640;253;322;551;349;197;448;698;499;612;637;659;596;136;246;764;782;560;17;462;183;3;333;199;83;598;295;709;266;451;384;617;485;550;108;164;39;421;603;336;180;791;358;409;245;12;272;375;55;20;559;475;633;4;33;666;297;571;761;506;324;572;32;732;25;467;128;69;347;73
P18209,55.0,48.560420989990234,Top important,0,0.1,40,52.47175598144531,3.911334991455078,3.911334991455078,137;215;70;302;95;167;321;325;202;160;200;50;67;44;239;33;86;248;276;388;19;113;163;188;122;121;54;53;299;245;238;285;175;82;93;195;77;184;352;346
P18209,55.0,48.560420989990234,Low important,0,0.1,40,48.560420989990234,0.0,0.0,155;154;186;31;278;372;247;75;66;295;290;273;310;340;69;15;363;142;226;88;378;266;172;253;157;193;85;222;225;241;182;74;28;145;21;382;187;270;173;115
P18209,55.0,48.560420989990234,Random,0,0.1,40,48.54021453857422,-0.020206451416015625,0.020206451416015625,278;376;157;284;3;361;126;309;55;202;364;265;362;317;257;320;72;244;53;247;76;261;380;9;327;2;200;155;238;234;339;374;273;337;246;381;160;5;29;348
P18209,55.0,48.560420989990234,Random,1,0.1,40,48.55080795288086,-0.009613037109375,0.009613037109375,281;261;157;88;191;234;264;254;251;133;152;287;225;258;9;93;362;50;250;361;294;275;170;370;260;314;5;348;120;166;169;285;244;119;298;202;190;273;367;311
P18209,55.0,48.560420989990234,Random,2,0.1,40,48.57656478881836,0.016143798828125,0.016143798828125,33;189;376;265;108;163;271;346;35;61;20;75;87;374;43;180;78;314;22;345;306;124;338;248;198;79;321;139;199;182;54;176;84;355;7;251;25;328;307;178
P18209,55.0,48.560420989990234,Random,3,0.1,40,48.552852630615234,-0.007568359375,0.007568359375,336;170;285;108;355;350;132;308;58;190;128;228;55;354;335;250;29;244;224;32;217;361;160;269;110;194;99;24;150;57;381;322;376;362;313;15;310;268;131;83
P18209,55.0,48.560420989990234,Random,4,0.1,40,48.55734634399414,-0.00307464599609375,0.00307464599609375,291;76;251;27;122;375;42;295;254;327;45;319;21;10;31;256;142;101;35;187;274;343;158;273;157;316;200;128;2;6;209;336;69;175;265;115;242;186;48;22
A0A0P0IZM9,50.0,56.21549987792969,Top important,0,0.1,54,56.08501052856445,-0.13048934936523438,0.13048934936523438,237;436;170;223;385;112;346;312;429;180;322;377;313;267;295;150;96;261;449;215;390;171;391;78;464;533;167;456;442;177;71;83;160;494;400;54;478;254;473;440;503;72;493;527;323;462;522;333;401;129;92;203;256;334
A0A0P0IZM9,50.0,56.21549987792969,Low important,0,0.1,54,56.21549987792969,0.0,0.0,36;389;75;164;192;32;370;108;168;269;126;105;327;468;481;502;283;185;30;90;499;453;337;476;328;243;427;351;381;353;209;15;34;13;161;158;516;247;250;122;348;266;325;242;159;309;121;149;163;249;289;217;431;350
A0A0P0IZM9,50.0,56.21549987792969,Random,0,0.1,54,56.231689453125,0.0161895751953125,0.0161895751953125,529;387;78;118;409;333;310;130;414;273;176;3;33;420;139;197;29;95;353;250;187;61;279;442;416;165;142;132;478;112;535;452;479;17;469;160;481;144;221;145;96;39;153;229;207;2;488;390;362;249;445;332;87;465
A0A0P0IZM9,50.0,56.21549987792969,Random,1,0.1,54,56.234283447265625,0.0187835693359375,0.0187835693359375,275;183;288;270;425;324;518;352;68;168;261;220;117;227;187;423;169;181;497;308;408;178;136;160;344;127;9;60;501;81;318;124;112;42;448;51;525;80;341;528;253;314;331;48;221;367;31;100;12;457;485;407;130;373
A0A0P0IZM9,50.0,56.21549987792969,Random,2,0.1,54,56.21996307373047,0.00446319580078125,0.00446319580078125,421;469;177;75;471;462;12;18;304;128;15;163;372;380;476;89;231;406;365;248;517;156;430;332;417;535;262;14;318;21;450;86;281;149;442;249;468;122;10;278;299;115;296;175;232;403;48;511;295;106;99;164;87;171
A0A0P0IZM9,50.0,56.21549987792969,Random,3,0.1,54,52.72211837768555,-3.4933815002441406,3.4933815002441406,147;24;382;353;14;202;118;106;179;245;411;223;486;204;516;122;428;237;250;352;489;47;417;438;427;89;64;22;364;323;200;404;164;229;4;474;370;482;79;62;535;3;283;67;56;431;248;231;113;334;286;81;533;506
A0A0P0IZM9,50.0,56.21549987792969,Random,4,0.1,54,56.236995697021484,0.021495819091796875,0.021495819091796875,379;510;157;112;135;454;414;234;372;332;313;41;67;416;9;206;110;439;204;24;27;246;417;114;84;431;410;280;277;60;392;133;468;79;144;136;215;172;44;69;243;185;99;20;299;502;286;300;494;109;520;181;338;290
Q2HQR8,25.0,24.862632751464844,Top important,0,0.1,24,24.472232818603516,-0.3903999328613281,0.3903999328613281,92;182;127;158;64;18;199;162;73;209;67;102;133;26;4;170;215;190;194;178;112;156;52;23
Q2HQR8,25.0,24.862632751464844,Low important,0,0.1,24,24.862632751464844,0.0,0.0,177;233;164;31;78;76;115;192;143;181;2;3;149;111;193;180;1;228;79;132;6;19;185;17
Q2HQR8,25.0,24.862632751464844,Random,0,0.1,24,25.018190383911133,0.15555763244628906,0.15555763244628906,88;190;170;173;54;86;225;21;43;184;71;13;137;169;80;174;49;215;178;182;74;209;120;143
Q2HQR8,25.0,24.862632751464844,Random,1,0.1,24,24.862632751464844,0.0,0.0,1;165;75;164;224;191;20;119;222;25;118;213;78;40;8;188;13;104;85;49;87;159;102;17
Q2HQR8,25.0,24.862632751464844,Random,2,0.1,24,24.86263084411621,-1.9073486328125e-06,1.9073486328125e-06,103;142;58;2;117;219;55;36;209;16;196;107;67;112;96;60;177;171;80;192;236;33;53;45
Q2HQR8,25.0,24.862632751464844,Random,3,0.1,24,24.862640380859375,7.62939453125e-06,7.62939453125e-06,145;172;74;131;47;167;200;67;201;232;148;176;7;206;33;177;165;212;117;62;188;179;46;56
Q2HQR8,25.0,24.862632751464844,Random,4,0.1,24,24.862478256225586,-0.0001544952392578125,0.0001544952392578125,215;16;174;106;96;76;87;210;53;169;88;102;173;62;227;196;26;172;231;186;18;47;51;31
A0A2D3HJ61,55.0,39.80561828613281,Top important,0,0.1,34,43.47554397583008,3.6699256896972656,3.6699256896972656,74;124;142;86;82;5;113;296;157;123;310;119;228;291;105;292;75;313;174;265;302;53;131;109;303;233;328;232;335;290;50;98;261;110
A0A2D3HJ61,55.0,39.80561828613281,Low important,0,0.1,34,39.80561828613281,0.0,0.0,323;301;32;47;7;165;300;30;96;167;144;279;172;211;282;84;97;275;209;26;36;312;319;152;317;250;274;155;162;295;277;137;156;255
A0A2D3HJ61,55.0,39.80561828613281,Random,0,0.1,34,39.60675811767578,-0.19886016845703125,0.19886016845703125,133;130;82;315;303;279;189;166;118;105;238;109;162;212;36;42;292;313;272;80;134;211;182;220;263;68;108;59;334;11;122;28;284;225
A0A2D3HJ61,55.0,39.80561828613281,Random,1,0.1,34,39.81837844848633,0.012760162353515625,0.012760162353515625,170;339;113;168;190;290;34;85;84;196;321;260;76;140;248;288;64;206;259;99;309;223;243;11;42;46;163;204;173;240;310;136;18;98
A0A2D3HJ61,55.0,39.80561828613281,Random,2,0.1,34,39.90448760986328,0.09886932373046875,0.09886932373046875,264;137;54;7;230;162;309;15;145;324;66;179;197;150;49;86;22;2;278;23;61;312;212;175;70;129;186;313;252;235;104;138;121;287
A0A2D3HJ61,55.0,39.80561828613281,Random,3,0.1,34,39.80567932128906,6.103515625e-05,6.103515625e-05,98;121;226;154;50;200;289;327;151;72;46;258;48;284;262;97;138;254;51;295;103;241;326;245;58;165;170;95;26;229;215;131;242;88
A0A2D3HJ61,55.0,39.80561828613281,Random,4,0.1,34,39.803077697753906,-0.00254058837890625,0.00254058837890625,243;162;28;296;22;270;136;123;248;116;122;280;99;169;18;147;316;340;260;105;247;310;256;297;112;70;299;158;210;315;224;272;308;19
P44805,22.0,32.513160705566406,Top important,0,0.1,16,31.451025009155273,-1.0621356964111328,1.0621356964111328,87;110;21;78;28;95;139;15;77;137;142;83;138;86;127;135
P44805,22.0,32.513160705566406,Low important,0,0.1,16,32.513160705566406,0.0,0.0,126;144;26;44;88;45;146;35;63;115;61;148;13;5;116;85
P44805,22.0,32.513160705566406,Random,0,0.1,16,32.83323287963867,0.3200721740722656,0.3200721740722656,144;110;128;11;48;59;14;16;151;6;135;23;74;92;131;20
P44805,22.0,32.513160705566406,Random,1,0.1,16,32.51316452026367,3.814697265625e-06,3.814697265625e-06,67;122;13;7;114;14;126;3;41;145;29;11;141;9;59;102
P44805,22.0,32.513160705566406,Random,2,0.1,16,28.77556610107422,-3.7375946044921875,3.7375946044921875,5;92;128;1;97;139;87;26;100;94;115;75;33;130;54;102
P44805,22.0,32.513160705566406,Random,3,0.1,16,32.51121139526367,-0.001949310302734375,0.001949310302734375,2;95;73;62;129;40;3;79;23;17;98;116;124;115;28;121
P44805,22.0,32.513160705566406,Random,4,0.1,16,32.56460189819336,0.051441192626953125,0.051441192626953125,47;22;125;4;15;48;21;35;39;82;18;106;136;64;98;76
F0ZJZ1,55.0,51.61980056762695,Top important,0,0.1,46,57.31040954589844,5.690608978271484,5.690608978271484,446;207;398;6;33;350;317;223;370;409;29;219;103;61;95;48;201;220;335;347;187;114;319;330;82;197;206;142;66;225;165;245;342;369;140;71;222;102;270;358;420;382;169;293;431;451
F0ZJZ1,55.0,51.61980056762695,Low important,0,0.1,46,51.61980056762695,0.0,0.0,205;258;402;166;4;435;38;75;411;246;235;340;236;407;252;368;190;243;240;267;437;395;109;303;153;27;199;310;144;108;396;229;28;416;391;426;164;282;167;354;227;150;147;234;84;37
F0ZJZ1,55.0,51.61980056762695,Random,0,0.1,46,51.200172424316406,-0.4196281433105469,0.4196281433105469,219;133;381;337;132;332;272;261;456;374;398;160;285;366;241;276;1;57;320;95;60;194;105;295;100;305;2;437;347;247;267;146;16;278;308;328;67;293;457;129;24;144;250;111;8;440
F0ZJZ1,55.0,51.61980056762695,Random,1,0.1,46,51.55513381958008,-0.064666748046875,0.064666748046875,87;92;342;67;100;336;57;362;195;234;440;410;8;305;357;313;297;192;213;426;380;367;262;112;455;132;277;196;205;296;295;404;96;88;193;46;423;162;323;236;399;312;136;370;301;77
F0ZJZ1,55.0,51.61980056762695,Random,2,0.1,46,51.573402404785156,-0.046398162841796875,0.046398162841796875,186;361;239;306;152;294;320;329;2;196;410;159;221;54;94;173;380;9;288;276;183;313;336;300;177;92;436;72;106;455;62;21;223;426;248;296;13;10;389;241;43;93;278;83;76;97
F0ZJZ1,55.0,51.61980056762695,Random,3,0.1,46,51.61775588989258,-0.002044677734375,0.002044677734375,247;420;192;30;360;456;22;169;1;79;255;131;435;410;182;396;13;257;348;238;378;217;175;434;320;371;35;319;315;61;120;321;277;245;227;50;342;412;49;431;306;397;143;193;24;280
F0ZJZ1,55.0,51.61980056762695,Random,4,0.1,46,51.73881530761719,0.11901473999023438,0.11901473999023438,375;110;277;155;287;372;6;229;444;421;393;453;72;203;436;82;327;356;173;267;263;330;323;407;377;349;264;141;212;28;62;413;223;156;127;310;215;172;433;379;111;121;27;280;283;64
P95479,25.0,65.17333221435547,Top important,0,0.1,80,73.29821014404297,8.1248779296875,8.1248779296875,98;630;608;333;306;110;706;58;68;480;488;570;247;454;359;360;170;465;387;720;495;600;240;798;444;569;588;280;522;284;408;625;795;236;239;542;18;540;289;54;178;451;48;97;126;438;735;505;327;699;277;127;246;776;529;666;696;71;32;695;180;263;388;13;477;1;314;644;74;541;128;151;166;618;784;187;355;273;459;447
P95479,25.0,65.17333221435547,Low important,0,0.1,80,65.17333221435547,0.0,0.0,14;766;785;28;792;189;296;384;295;192;215;781;637;116;669;179;358;72;434;140;491;96;95;782;478;552;582;790;75;755;739;361;104;506;523;796;131;489;455;103;738;453;158;555;212;381;89;206;655;38;641;398;195;432;397;34;207;681;722;647;135;423;216;35;424;136;549;364;773;107;7;645;530;211;684;188;673;577;132;357
P95479,25.0,65.17333221435547,Random,0,0.1,80,65.135009765625,-0.03832244873046875,0.03832244873046875,713;341;260;739;153;724;29;157;394;571;359;410;676;306;462;791;42;766;173;168;589;247;33;699;732;563;37;10;539;72;688;756;619;517;315;89;245;149;678;297;601;4;523;757;759;216;765;661;444;326;88;533;151;798;470;222;313;575;130;170;205;729;672;239;414;368;97;64;784;644;141;498;133;305;593;26;78;34;324;390
P95479,25.0,65.17333221435547,Random,1,0.1,80,65.13408660888672,-0.03924560546875,0.03924560546875,694;626;382;621;320;312;13;270;540;43;122;569;60;224;66;196;230;412;23;218;485;706;625;48;439;398;583;70;433;453;578;284;61;293;628;12;590;274;751;153;516;215;245;777;14;130;345;503;233;316;501;162;394;663;44;76;317;240;509;587;400;177;360;522;308;182;792;86;677;277;248;673;75;81;544;65;449;113;666;239
P95479,25.0,65.17333221435547,Random,2,0.1,80,65.16809844970703,-0.0052337646484375,0.0052337646484375,245;387;537;487;543;665;445;647;701;133;623;24;139;242;231;621;70;540;631;468;385;642;489;1;787;12;741;66;220;408;57;95;680;533;671;424;479;267;151;396;511;150;142;409;173;114;796;645;205;742;603;710;508;518;549;41;720;123;182;329;77;378;428;441;35;673;9;452;434;85;19;732;265;500;484;744;3;227;219;532
P95479,25.0,65.17333221435547,Random,3,0.1,80,65.1735610961914,0.0002288818359375,0.0002288818359375,197;763;638;346;499;450;516;304;445;447;269;123;16;342;645;243;429;783;551;234;479;674;55;541;415;297;72;399;101;724;221;179;500;671;187;673;7;164;697;721;460;231;260;498;18;366;249;756;113;528;703;462;17;711;253;510;437;461;511;327;575;34;357;796;275;776;318;182;107;555;588;298;274;281;424;199;641;577;302;86
P95479,25.0,65.17333221435547,Random,4,0.1,80,65.17341613769531,8.392333984375e-05,8.392333984375e-05,65;571;308;695;543;634;74;195;304;600;614;599;52;546;192;413;740;777;97;709;186;461;647;345;356;692;653;218;11;504;594;256;190;430;55;28;507;541;493;674;341;10;551;205;554;656;519;666;722;146;762;750;611;561;641;244;241;422;618;383;662;677;557;604;770;250;776;243;629;646;78;527;293;621;291;155;219;121;481;765
Q8P3J4,30.0,42.73517990112305,Top important,0,0.1,80,51.09848403930664,8.363304138183594,8.363304138183594,596;158;222;585;88;540;250;614;565;118;782;760;527;545;385;448;691;125;697;509;478;546;295;195;447;767;497;754;532;256;555;419;677;231;651;184;238;624;672;435;418;324;358;717;28;489;304;176;38;336;115;124;512;541;789;494;317;239;339;678;322;108;646;133;404;72;675;733;191;570;401;97;351;632;472;323;22;790;135;359
Q8P3J4,30.0,42.73517990112305,Low important,0,0.1,80,42.73517990112305,0.0,0.0,356;76;490;680;711;416;715;198;199;662;49;774;537;55;589;704;316;110;516;360;334;446;423;620;112;6;484;107;771;116;174;470;180;577;548;3;120;732;40;661;329;504;378;610;576;671;758;410;737;142;12;703;327;24;68;683;338;608;417;477;30;424;487;640;345;439;4;63;431;612;756;157;421;361;394;483;265;366;145;283
Q8P3J4,30.0,42.73517990112305,Random,0,0.1,80,40.945152282714844,-1.7900276184082031,1.7900276184082031,35;199;76;186;152;59;384;504;208;550;177;649;79;122;613;560;577;626;569;555;615;472;158;450;201;130;610;250;655;686;310;31;390;527;115;477;618;797;597;625;256;551;543;298;150;580;193;572;267;397;571;164;598;642;674;516;713;416;349;107;160;104;712;320;761;309;605;453;372;85;719;388;780;402;225;335;521;457;575;701
Q8P3J4,30.0,42.73517990112305,Random,1,0.1,80,42.682437896728516,-0.05274200439453125,0.05274200439453125,467;109;573;451;639;103;474;64;67;766;268;339;406;59;296;587;460;470;295;786;508;395;83;70;562;465;315;215;717;63;432;703;458;653;51;12;299;594;592;669;695;790;76;561;391;414;563;425;402;245;706;437;88;718;502;612;274;778;755;72;291;105;725;347;191;598;233;624;8;275;312;255;575;526;765;1;427;133;684;262
Q8P3J4,30.0,42.73517990112305,Random,2,0.1,80,42.73027038574219,-0.004909515380859375,0.004909515380859375,46;432;271;495;20;607;301;655;82;199;12;685;395;210;224;437;129;638;268;684;152;181;95;156;149;434;81;139;568;636;511;393;487;267;686;446;488;308;249;45;10;566;100;560;189;117;526;234;398;302;709;500;6;151;215;428;168;651;118;430;343;456;661;382;543;184;92;116;260;605;206;237;666;499;571;162;312;242;572;121
Q8P3J4,30.0,42.73517990112305,Random,3,0.1,80,42.7338981628418,-0.00128173828125,0.00128173828125,535;418;503;463;794;423;161;541;517;315;46;324;635;367;145;688;521;771;742;185;559;108;402;620;485;334;447;796;467;528;706;573;344;44;699;426;119;386;275;502;513;231;567;478;666;199;690;645;458;86;17;733;365;646;115;613;66;388;317;662;257;2;631;489;668;714;387;106;604;320;619;566;434;777;682;638;38;35;658;552
Q8P3J4,30.0,42.73517990112305,Random,4,0.1,80,42.73625183105469,0.001071929931640625,0.001071929931640625,94;531;145;46;477;236;776;795;655;430;716;447;442;1;516;184;590;315;379;474;135;632;58;698;667;582;179;353;277;15;666;171;403;142;167;296;718;560;320;368;558;151;464;785;457;62;55;747;704;318;487;479;115;580;657;6;781;456;665;381;14;594;354;661;778;489;511;507;749;625;658;64;692;221;576;659;262;9;57;775
B5ARZ9,75.0,69.92255401611328,Top important,0,0.1,43,74.77567291259766,4.853118896484375,4.853118896484375,381;196;409;20;387;224;144;66;72;48;295;9;361;152;355;52;350;335;287;281;37;89;309;159;316;230;58;27;18;214;417;249;19;321;77;290;194;76;301;395;69;29;147
B5ARZ9,75.0,69.92255401611328,Low important,0,0.1,43,69.92255401611328,0.0,0.0,398;133;14;416;160;362;124;181;138;207;65;63;132;399;105;276;12;141;348;282;299;64;292;120;7;136;261;44;126;393;374;254;10;390;163;286;198;70;162;197;195;46;151
B5ARZ9,75.0,69.92255401611328,Random,0,0.1,43,69.92115020751953,-0.00140380859375,0.00140380859375,159;282;228;97;117;18;403;310;402;132;369;243;327;364;284;64;254;19;211;416;129;60;417;175;349;238;186;119;161;295;197;329;182;162;104;163;134;420;121;330;148;217;154
B5ARZ9,75.0,69.92255401611328,Random,1,0.1,43,69.9226303100586,7.62939453125e-05,7.62939453125e-05,232;262;337;343;182;208;11;148;266;183;96;225;326;396;19;413;13;241;282;160;272;217;228;393;141;169;239;325;275;83;335;86;67;116;173;327;142;139;93;44;316;34;408
B5ARZ9,75.0,69.92255401611328,Random,2,0.1,43,69.79542541503906,-0.12712860107421875,0.12712860107421875,95;382;392;331;133;307;79;265;155;35;171;277;165;267;4;266;341;223;412;30;23;345;284;366;376;172;175;98;142;241;196;224;104;362;388;222;94;368;210;316;12;285;36
B5ARZ9,75.0,69.92255401611328,Random,3,0.1,43,69.92190551757812,-0.00064849853515625,0.00064849853515625,149;365;271;286;184;117;107;276;9;395;41;207;400;136;231;40;112;285;127;21;233;137;91;228;257;171;160;192;139;287;338;274;375;221;329;195;386;208;261;35;304;145;321
B5ARZ9,75.0,69.92255401611328,Random,4,0.1,43,69.92254638671875,-7.62939453125e-06,7.62939453125e-06,62;328;385;111;67;108;188;382;344;86;264;140;80;69;246;163;210;159;17;304;395;213;124;283;320;220;98;331;118;187;216;35;2;61;384;386;244;54;254;174;11;275;392
S0ENM8,28.0,30.968996047973633,Top important,0,0.1,41,36.809486389160156,5.840490341186523,5.840490341186523,151;321;160;211;157;51;82;24;21;395;197;255;86;274;390;387;312;262;270;226;34;146;93;358;154;339;37;328;16;329;245;356;10;171;346;353;303;94;73;367;220
S0ENM8,28.0,30.968996047973633,Low important,0,0.1,41,30.968996047973633,0.0,0.0,142;381;87;297;112;95;159;252;276;102;74;134;46;221;125;272;319;214;108;267;129;320;399;67;278;148;239;257;247;63;130;327;292;80;12;88;153;85;133;30;137
S0ENM8,28.0,30.968996047973633,Random,0,0.1,41,30.962430953979492,-0.006565093994140625,0.006565093994140625,22;378;17;401;217;371;63;266;243;320;171;326;346;197;30;67;107;237;120;139;148;131;275;55;16;83;390;161;49;336;85;397;385;274;124;328;181;195;106;105;292
S0ENM8,28.0,30.968996047973633,Random,1,0.1,41,31.70549201965332,0.7364959716796875,0.7364959716796875,290;339;264;297;308;311;49;324;154;157;179;227;61;198;202;194;223;9;310;83;340;209;287;335;151;134;131;37;254;350;67;388;296;240;109;78;47;236;196;242;292
S0ENM8,28.0,30.968996047973633,Random,2,0.1,41,30.954879760742188,-0.014116287231445312,0.014116287231445312,252;243;189;392;84;346;295;147;302;284;76;299;307;15;21;322;366;70;153;242;264;131;349;318;397;294;166;180;201;149;182;280;263;52;356;253;327;379;146;245;344
S0ENM8,28.0,30.968996047973633,Random,3,0.1,41,31.105152130126953,0.1361560821533203,0.1361560821533203,148;26;108;101;381;250;343;372;173;123;152;281;359;191;361;272;339;362;211;126;132;216;296;51;131;367;396;72;355;118;373;309;319;129;364;7;290;249;159;270;394
S0ENM8,28.0,30.968996047973633,Random,4,0.1,41,31.199262619018555,0.23026657104492188,0.23026657104492188,236;323;15;82;386;129;326;204;397;285;371;202;254;333;361;278;311;362;164;193;354;211;87;329;121;213;341;389;74;176;310;241;374;210;63;169;363;376;91;26;175
Q939D2,37.0,49.73160171508789,Top important,0,0.1,73,53.00521469116211,3.2736129760742188,3.2736129760742188,184;340;136;505;256;673;175;386;435;328;296;523;15;653;498;304;297;144;109;651;665;508;283;261;625;287;587;108;486;282;586;626;249;491;103;214;439;265;417;100;52;44;696;79;588;674;522;248;194;707;186;32;474;189;107;705;277;192;539;42;306;548;238;424;402;585;339;365;83;200;675;678;447
Q939D2,37.0,49.73160171508789,Low important,0,0.1,73,49.73160171508789,0.0,0.0,551;479;300;525;468;510;403;77;602;228;719;407;437;687;613;158;50;145;667;622;350;372;367;266;572;649;543;150;343;451;393;38;513;4;244;179;433;597;302;120;394;715;594;645;254;323;722;399;233;528;392;293;363;708;709;353;473;336;239;646;634;113;146;527;494;396;487;99;460;255;467;554;76
Q939D2,37.0,49.73160171508789,Random,0,0.1,73,49.73106384277344,-0.000537872314453125,0.000537872314453125,626;658;269;619;411;219;494;213;282;622;446;344;33;97;447;317;355;332;311;279;3;553;601;202;583;472;419;306;170;30;638;394;38;592;356;560;608;350;615;624;221;249;54;468;225;569;408;196;531;285;682;508;714;8;34;172;378;529;668;686;586;263;499;281;155;120;336;613;699;69;32;143;438
Q939D2,37.0,49.73160171508789,Random,1,0.1,73,49.747562408447266,0.015960693359375,0.015960693359375,99;185;428;152;378;550;207;88;124;91;460;680;502;18;721;521;595;49;405;716;440;118;105;679;15;285;331;423;345;170;165;505;52;435;85;167;290;541;227;418;478;429;431;279;591;50;342;392;128;683;569;484;142;607;466;610;663;263;366;725;726;432;698;579;6;223;510;236;534;465;474;599;476
Q939D2,37.0,49.73160171508789,Random,2,0.1,73,49.74907684326172,0.017475128173828125,0.017475128173828125,484;513;505;210;113;109;42;74;72;433;518;613;417;139;58;345;576;77;305;134;169;157;438;207;21;642;2;483;373;338;556;301;632;16;400;317;552;52;104;114;354;470;162;658;314;600;609;469;649;468;296;726;486;700;132;323;499;233;459;110;70;612;62;599;421;257;240;688;618;544;341;248;564
Q939D2,37.0,49.73160171508789,Random,3,0.1,73,49.73655319213867,0.00495147705078125,0.00495147705078125,465;248;79;508;576;384;553;450;419;17;478;165;16;76;117;641;542;522;454;83;463;555;254;630;667;167;60;545;116;216;694;217;584;6;11;687;315;293;12;377;529;163;417;378;127;647;51;359;498;400;710;713;173;411;596;49;680;597;215;286;203;466;684;339;244;423;27;28;671;324;162;457;87
Q939D2,37.0,49.73160171508789,Random,4,0.1,73,49.724945068359375,-0.006656646728515625,0.006656646728515625,146;193;606;108;664;707;419;287;608;214;528;80;617;692;346;228;316;523;138;578;581;472;111;677;549;448;383;525;235;376;326;234;721;425;159;58;31;567;124;289;51;69;728;382;323;167;720;582;345;152;158;8;298;532;301;30;403;534;550;29;151;431;290;423;457;177;84;635;211;23;557;173;182
Q5JHA5,80.0,80.78302001953125,Top important,0,0.1,34,82.54969787597656,1.7666778564453125,1.7666778564453125,325;333;38;304;85;49;29;313;71;242;127;214;25;197;22;140;271;44;94;275;12;259;319;329;150;305;53;264;188;294;220;28;1;154
Q5JHA5,80.0,80.78302001953125,Low important,0,0.1,34,80.78302001953125,0.0,0.0,79;67;273;82;290;327;75;320;152;181;300;187;72;291;252;261;13;277;231;328;229;280;282;159;248;230;315;178;309;167;206;161;98;17
Q5JHA5,80.0,80.78302001953125,Random,0,0.1,34,80.6574935913086,-0.12552642822265625,0.12552642822265625,54;113;249;313;158;293;48;137;29;13;250;111;42;311;305;45;284;320;130;188;15;57;116;292;325;191;256;267;90;20;34;209;66;127
Q5JHA5,80.0,80.78302001953125,Random,1,0.1,34,80.6825942993164,-0.10042572021484375,0.10042572021484375,61;156;78;303;320;163;7;107;334;157;218;240;15;41;134;124;325;185;237;145;175;255;208;69;35;313;139;4;6;129;336;337;251;314
Q5JHA5,80.0,80.78302001953125,Random,2,0.1,34,80.77973937988281,-0.0032806396484375,0.0032806396484375,166;60;76;244;191;321;78;328;326;69;309;50;280;209;212;23;125;52;270;234;47;327;91;288;312;93;179;320;318;22;4;271;95;269
Q5JHA5,80.0,80.78302001953125,Random,3,0.1,34,80.83595275878906,0.0529327392578125,0.0529327392578125,190;74;132;207;125;316;196;234;49;213;108;96;195;4;233;124;310;18;272;248;271;258;116;140;256;90;327;285;282;183;112;8;158;120
Q5JHA5,80.0,80.78302001953125,Random,4,0.1,34,80.77972412109375,-0.0032958984375,0.0032958984375,298;196;92;67;195;17;156;107;271;217;147;4;89;278;108;62;54;91;286;317;175;57;179;98;124;212;284;302;22;193;82;136;246;101
P25360,30.0,33.83037185668945,Top important,0,0.1,80,37.523460388183594,3.6930885314941406,3.6930885314941406,220;317;507;711;194;223;110;724;281;797;640;694;358;388;664;600;654;347;235;79;580;80;134;241;62;362;294;764;780;105;192;499;13;631;111;536;124;663;298;289;307;548;539;424;216;190;165;777;299;717;368;35;541;66;754;219;746;177;387;187;106;716;68;18;491;100;463;798;240;114;117;330;710;311;345;417;293;428;69;579
P25360,30.0,33.83037185668945,Low important,0,0.1,80,33.83037185668945,0.0,0.0,292;608;163;399;656;393;21;479;612;449;651;611;243;448;174;337;583;791;616;719;793;53;734;296;633;129;261;782;549;453;483;238;501;103;565;494;763;606;489;594;684;65;543;170;178;649;772;652;650;551;569;308;762;766;605;591;500;11;703;722;625;599;546;715;671;3;638;493;54;309;497;629;771;229;595;747;744;598;602;646
P25360,30.0,33.83037185668945,Random,0,0.1,80,33.393280029296875,-0.4370918273925781,0.4370918273925781,685;411;497;706;34;795;395;671;475;257;792;57;433;69;490;86;36;61;538;556;788;71;689;138;662;369;125;566;582;418;695;145;611;312;31;304;4;388;535;523;156;316;350;271;201;302;458;64;528;393;739;596;434;188;494;40;152;3;245;223;507;702;443;279;745;157;439;185;605;353;290;65;37;560;530;412;634;534;14;771
P25360,30.0,33.83037185668945,Random,1,0.1,80,33.61030960083008,-0.220062255859375,0.220062255859375,196;582;585;192;160;518;107;398;228;699;720;779;724;229;114;565;111;13;522;140;263;412;510;222;87;567;560;512;133;97;17;604;744;224;29;419;626;38;474;599;3;723;452;136;61;289;360;233;769;519;576;162;707;417;632;135;529;108;277;462;688;770;775;407;728;247;643;409;507;167;589;110;476;380;76;528;85;513;281;548
P25360,30.0,33.83037185668945,Random,2,0.1,80,33.831336975097656,0.000965118408203125,0.000965118408203125,432;142;566;723;314;352;340;766;418;381;237;686;405;89;252;534;478;573;543;691;569;150;191;636;143;737;32;404;330;181;715;225;728;338;72;197;490;619;655;560;316;617;584;333;586;332;437;651;425;410;706;226;395;365;262;642;136;216;287;14;699;467;172;190;776;279;356;294;713;219;12;537;144;480;409;477;540;575;645;712
P25360,30.0,33.83037185668945,Random,3,0.1,80,36.17285919189453,2.342487335205078,2.342487335205078,686;165;504;48;776;393;531;307;404;606;346;248;722;432;713;297;721;575;329;561;94;670;159;7;787;13;28;332;161;623;461;275;729;533;167;523;685;138;497;514;699;421;607;288;765;22;92;700;771;323;675;590;544;443;80;482;667;449;630;220;306;189;342;272;353;671;326;386;720;124;751;99;37;82;104;180;742;284;418;335
P25360,30.0,33.83037185668945,Random,4,0.1,80,34.26129150390625,0.4309196472167969,0.4309196472167969,545;173;355;24;538;497;110;256;636;52;472;25;44;778;209;467;556;399;149;645;273;593;777;568;656;644;72;166;181;354;278;718;163;785;722;628;123;348;584;444;529;560;500;205;283;440;344;277;264;245;496;38;401;624;125;231;688;63;329;634;196;491;128;104;83;623;289;176;521;657;99;90;638;131;407;380;333;130;608;9
Q7X0P2,45.0,36.539451599121094,Top important,0,0.1,43,38.39887619018555,1.8594245910644531,1.8594245910644531,135;101;299;304;260;190;61;317;41;107;43;139;413;233;428;175;13;407;340;232;325;86;24;72;385;374;155;391;118;241;210;223;271;80;1;406;202;207;291;361;246;320;131
Q7X0P2,45.0,36.539451599121094,Low important,0,0.1,43,36.539451599121094,0.0,0.0,158;11;18;66;82;58;270;63;273;154;240;228;301;322;174;277;128;112;354;115;38;188;197;267;116;206;3;219;310;84;326;302;368;280;22;294;214;350;348;189;125;309;353
Q7X0P2,45.0,36.539451599121094,Random,0,0.1,43,38.41316223144531,1.8737106323242188,1.8737106323242188,49;293;151;386;25;52;70;196;6;253;269;115;279;135;411;266;88;282;130;127;273;101;112;81;32;284;275;271;167;300;108;84;384;263;358;367;344;188;233;231;195;139;198
Q7X0P2,45.0,36.539451599121094,Random,1,0.1,43,36.46559524536133,-0.07385635375976562,0.07385635375976562,197;132;103;377;64;378;342;33;189;23;311;61;87;177;215;214;338;194;231;417;122;141;97;28;149;222;304;238;415;344;374;38;148;312;239;221;389;302;276;131;310;169;179
Q7X0P2,45.0,36.539451599121094,Random,2,0.1,43,36.45921325683594,-0.08023834228515625,0.08023834228515625,32;278;312;348;325;376;313;230;115;292;374;220;343;245;239;89;209;286;417;139;354;304;264;168;84;81;10;110;415;427;319;29;9;74;318;46;20;385;141;279;99;50;182
Q7X0P2,45.0,36.539451599121094,Random,3,0.1,43,36.54975509643555,0.010303497314453125,0.010303497314453125,305;41;381;66;270;310;405;228;90;337;251;122;35;235;137;171;316;296;257;210;275;287;131;38;11;224;145;218;87;61;230;345;139;56;40;189;244;289;387;51;385;217;205
Q7X0P2,45.0,36.539451599121094,Random,4,0.1,43,36.537750244140625,-0.00170135498046875,0.00170135498046875,42;67;425;355;140;261;375;320;21;25;199;365;267;326;340;38;419;247;331;169;39;281;185;195;225;187;234;19;238;193;64;236;407;258;321;213;279;358;273;105;282;311;286
Q8TZP8,85.0,76.04423522949219,Top important,0,0.1,65,81.95347595214844,5.90924072265625,5.90924072265625,242;628;25;436;268;394;133;430;560;122;137;71;232;224;103;181;567;89;644;13;548;570;337;526;51;390;468;301;631;338;56;432;510;544;403;161;490;126;46;3;398;17;639;480;636;422;48;621;379;145;246;40;10;143;213;402;282;151;1;81;28;132;300;247;555
Q8TZP8,85.0,76.04423522949219,Low important,0,0.1,65,76.04423522949219,0.0,0.0,327;109;303;424;249;18;373;310;595;389;438;345;415;494;409;272;376;23;396;177;76;158;440;193;266;99;423;311;8;341;208;330;180;314;68;219;37;452;532;336;374;561;380;148;400;162;426;612;518;377;378;617;259;212;528;524;245;70;302;57;66;211;214;499;552
Q8TZP8,85.0,76.04423522949219,Random,0,0.1,65,76.36067199707031,0.316436767578125,0.316436767578125,7;102;429;216;306;639;44;298;459;463;561;601;336;527;205;497;93;233;260;462;393;107;645;433;242;215;346;269;600;389;153;499;188;552;190;387;460;541;534;402;492;211;19;226;572;354;623;147;177;502;351;415;64;225;26;289;165;450;579;173;319;83;394;203;12
Q8TZP8,85.0,76.04423522949219,Random,1,0.1,65,75.92585754394531,-0.118377685546875,0.118377685546875,388;194;600;246;4;421;191;420;97;336;190;83;204;577;530;451;564;436;347;218;170;503;468;30;340;33;373;364;396;538;637;201;508;272;105;452;630;87;443;342;290;56;515;408;573;110;237;296;145;207;350;466;555;476;275;53;587;413;42;281;86;197;265;467;45
Q8TZP8,85.0,76.04423522949219,Random,2,0.1,65,76.18768310546875,0.1434478759765625,0.1434478759765625,628;124;578;510;414;392;579;507;325;249;30;3;82;408;173;435;200;494;363;537;288;9;165;44;609;614;77;407;443;517;327;297;186;313;453;238;533;459;483;547;20;15;425;194;208;595;436;448;97;247;37;298;500;339;43;12;466;118;131;481;237;11;162;89;615
Q8TZP8,85.0,76.04423522949219,Random,3,0.1,65,76.04408264160156,-0.000152587890625,0.000152587890625,167;10;140;99;336;586;607;20;169;462;579;311;440;74;146;424;603;57;246;432;209;575;348;66;339;16;23;131;86;180;97;557;527;111;117;144;333;645;625;510;104;386;590;250;329;276;266;33;14;176;88;309;566;547;61;533;445;591;583;274;413;223;29;261;299
Q8TZP8,85.0,76.04423522949219,Random,4,0.1,65,75.94636535644531,-0.097869873046875,0.097869873046875,623;423;190;574;545;18;408;244;309;25;337;292;58;388;9;474;215;380;384;573;73;513;280;192;320;621;456;482;587;331;178;511;243;520;357;602;480;12;120;272;205;379;635;352;418;411;641;279;164;50;448;470;567;55;248;468;229;330;258;24;374;74;214;617;576
E8MGH8,38.0,36.84080505371094,Top important,0,0.1,66,42.072330474853516,5.231525421142578,5.231525421142578,189;495;650;125;209;382;461;194;453;486;316;365;404;375;403;423;270;427;439;378;530;290;291;611;440;244;367;139;163;355;44;533;222;23;198;158;381;295;185;49;203;547;631;435;529;279;507;319;553;446;337;593;121;599;216;583;575;501;18;509;62;120;339;92;321;312
E8MGH8,38.0,36.84080505371094,Low important,0,0.1,66,36.84080505371094,0.0,0.0,293;143;42;452;13;487;549;333;146;469;622;468;641;190;386;39;261;465;322;432;3;332;363;22;566;77;345;592;477;552;266;609;101;419;331;361;488;581;644;104;74;463;87;173;645;271;480;638;571;348;343;75;558;455;325;155;119;344;620;108;145;449;178;369;21;199
E8MGH8,38.0,36.84080505371094,Random,0,0.1,66,36.84054946899414,-0.000255584716796875,0.000255584716796875,627;482;126;171;28;434;429;315;389;338;233;626;653;657;53;1;311;321;597;193;22;260;428;72;425;120;289;630;222;629;577;522;407;177;427;16;582;192;265;317;51;310;420;396;511;200;432;254;138;461;252;442;81;40;580;123;516;413;560;76;58;526;550;641;77;356
E8MGH8,38.0,36.84080505371094,Random,1,0.1,66,36.84066390991211,-0.000141143798828125,0.000141143798828125,142;396;534;317;448;400;91;164;32;410;539;532;356;300;631;485;409;213;421;376;384;337;360;480;404;72;598;501;424;55;181;79;134;175;129;261;278;553;312;295;528;573;462;78;8;117;283;601;92;473;354;183;478;29;113;546;138;173;263;245;425;93;387;121;122;633
E8MGH8,38.0,36.84080505371094,Random,2,0.1,66,37.01990509033203,0.17910003662109375,0.17910003662109375,90;384;244;224;130;589;546;325;579;297;108;295;335;508;190;490;58;509;544;503;368;308;119;129;421;6;612;254;312;514;160;647;577;501;532;264;439;222;373;655;277;355;649;39;158;585;273;658;223;449;28;650;418;400;547;153;350;187;118;38;465;360;608;461;36;142
E8MGH8,38.0,36.84080505371094,Random,3,0.1,66,36.840797424316406,-7.62939453125e-06,7.62939453125e-06,180;361;146;455;600;643;460;64;225;512;310;52;411;360;335;432;158;175;166;35;24;372;323;147;43;184;491;648;129;597;410;10;541;344;292;173;424;488;615;216;508;489;620;459;640;274;595;60;483;256;622;122;6;71;113;165;264;562;271;605;443;624;369;370;263;299
E8MGH8,38.0,36.84080505371094,Random,4,0.1,66,36.84074401855469,-6.103515625e-05,6.103515625e-05,330;126;120;34;588;413;274;467;449;648;463;28;607;47;128;489;631;43;237;16;591;626;549;558;606;218;6;133;1;579;110;322;571;543;173;479;594;540;7;482;617;653;367;603;18;493;378;596;100;446;56;204;219;195;431;478;224;258;226;609;301;346;629;231;488;544
Q58999,50.0,56.0158576965332,Top important,0,0.1,47,58.460594177246094,2.4447364807128906,2.4447364807128906,8;223;238;15;5;310;61;62;413;92;175;122;395;210;244;320;31;433;51;392;404;365;99;277;326;259;338;188;239;73;313;458;361;212;304;133;282;408;382;192;401;354;48;170;263;342;76
Q58999,50.0,56.0158576965332,Low important,0,0.1,47,56.0158576965332,0.0,0.0,379;328;114;444;69;42;220;24;103;162;196;115;343;434;453;95;190;135;358;359;390;436;225;2;305;124;226;137;376;417;425;173;297;230;201;423;346;174;21;418;241;303;64;82;447;352;127
Q58999,50.0,56.0158576965332,Random,0,0.1,47,55.993927001953125,-0.021930694580078125,0.021930694580078125,190;422;355;138;45;387;192;124;135;283;94;392;368;214;84;306;281;456;123;450;357;149;455;449;67;250;10;327;423;345;173;302;382;245;176;385;116;31;212;358;130;119;187;217;122;44;391
Q58999,50.0,56.0158576965332,Random,1,0.1,47,56.71718215942383,0.701324462890625,0.701324462890625,442;182;386;382;342;196;326;262;406;122;81;236;253;320;15;134;450;112;234;379;88;43;167;418;183;63;393;233;405;364;306;31;333;362;249;381;248;260;187;319;264;73;127;197;451;75;290
Q58999,50.0,56.0158576965332,Random,2,0.1,47,56.01110076904297,-0.004756927490234375,0.004756927490234375,120;77;101;137;14;107;347;27;243;332;334;56;44;420;43;75;304;329;248;41;200;257;352;269;156;261;449;239;204;324;39;224;328;84;34;440;390;153;456;357;446;462;428;312;116;438;320
Q58999,50.0,56.0158576965332,Random,3,0.1,47,56.0150032043457,-0.0008544921875,0.0008544921875,96;200;38;263;318;208;4;426;218;435;383;262;424;364;67;65;314;132;400;290;28;178;331;365;35;135;23;62;430;395;420;460;29;256;176;174;198;240;159;319;103;384;344;205;378;66;349
Q58999,50.0,56.0158576965332,Random,4,0.1,47,56.311153411865234,0.29529571533203125,0.29529571533203125,339;257;35;421;14;165;30;426;383;207;411;8;354;13;442;321;74;335;34;194;438;29;103;274;336;250;135;458;322;148;319;308;284;242;279;266;303;455;187;456;450;338;254;431;239;372;327
Q5QKF8,37.0,34.49320983886719,Top important,0,0.1,64,38.34009552001953,3.8468856811523438,3.8468856811523438,557;503;332;280;63;587;370;497;564;255;112;494;252;498;69;227;101;491;75;205;469;621;150;20;556;287;239;122;406;551;139;210;220;48;95;502;459;231;480;285;518;470;432;351;456;121;385;474;4;341;429;547;219;355;292;53;309;223;298;40;243;79;339;232
Q5QKF8,37.0,34.49320983886719,Low important,0,0.1,64,34.49320983886719,0.0,0.0,67;464;161;458;74;39;514;382;179;13;477;378;473;226;126;408;253;405;21;374;278;451;340;442;73;422;395;291;124;626;510;148;393;178;517;546;418;419;58;30;42;347;610;345;561;452;155;398;375;511;603;476;472;198;326;114;414;488;538;541;369;346;390;184
Q5QKF8,37.0,34.49320983886719,Random,0,0.1,64,37.48152542114258,2.9883155822753906,2.9883155822753906,349;21;394;604;90;466;543;601;407;377;212;26;343;504;257;148;340;9;2;17;627;247;299;352;132;479;199;47;289;370;378;121;347;279;557;309;636;608;565;555;464;91;23;157;468;204;166;487;195;164;615;495;169;156;415;205;562;285;259;235;44;638;16;639
Q5QKF8,37.0,34.49320983886719,Random,1,0.1,64,34.47930145263672,-0.01390838623046875,0.01390838623046875,520;544;579;445;269;8;299;573;121;305;117;541;556;253;532;200;602;37;42;606;104;41;588;514;21;409;411;516;355;458;457;239;441;395;275;525;34;84;317;294;479;393;356;184;543;354;45;437;146;147;558;569;545;335;423;370;610;16;242;512;12;313;210;624
Q5QKF8,37.0,34.49320983886719,Random,2,0.1,64,34.49319839477539,-1.1444091796875e-05,1.1444091796875e-05,565;460;585;525;623;117;132;5;547;615;475;18;502;526;293;326;155;340;534;265;452;516;295;175;400;366;275;233;134;48;446;577;396;195;479;349;126;302;540;96;354;454;574;632;107;458;382;49;538;30;316;4;240;590;389;440;250;228;303;208;467;466;103;230
Q5QKF8,37.0,34.49320983886719,Random,3,0.1,64,34.505828857421875,0.0126190185546875,0.0126190185546875,327;546;509;614;601;354;117;142;511;227;556;637;167;596;584;385;58;308;437;369;423;510;558;439;8;333;302;98;298;380;46;634;497;577;34;467;97;272;95;352;338;632;88;87;29;451;549;487;143;461;452;567;189;96;486;11;263;307;15;174;151;440;224;310
Q5QKF8,37.0,34.49320983886719,Random,4,0.1,64,34.4931755065918,-3.4332275390625e-05,3.4332275390625e-05,340;174;248;498;6;504;173;452;251;311;603;78;604;289;59;486;209;528;565;595;460;321;442;201;152;523;157;608;276;576;478;205;354;190;624;288;473;54;307;459;183;584;164;94;398;298;150;41;537;211;343;7;72;275;214;64;207;524;259;82;46;261;213;405
Q9XAY4,25.0,25.585895538330078,Top important,0,0.1,27,31.86821174621582,6.282316207885742,6.282316207885742,100;201;27;42;217;145;58;50;78;228;52;97;148;37;233;99;143;25;1;84;155;40;227;153;248;223;251
Q9XAY4,25.0,25.585895538330078,Low important,0,0.1,27,25.585895538330078,0.0,0.0,191;127;41;38;232;252;57;73;110;139;68;117;134;35;142;213;23;82;49;173;203;13;218;185;236;235;19
Q9XAY4,25.0,25.585895538330078,Random,0,0.1,27,25.585845947265625,-4.9591064453125e-05,4.9591064453125e-05,108;261;238;166;17;246;15;119;65;222;40;63;152;9;263;53;197;255;132;113;66;50;235;230;256;248;258
Q9XAY4,25.0,25.585895538330078,Random,1,0.1,27,25.57378387451172,-0.012111663818359375,0.012111663818359375,149;99;50;42;92;40;139;197;74;202;203;184;35;61;190;153;38;259;196;174;254;186;63;76;27;86;135
Q9XAY4,25.0,25.585895538330078,Random,2,0.1,27,25.585895538330078,0.0,0.0,21;262;141;8;95;177;110;221;206;266;93;59;187;49;226;176;104;200;205;165;30;169;44;33;214;167;3
Q9XAY4,25.0,25.585895538330078,Random,3,0.1,27,25.573476791381836,-0.012418746948242188,0.012418746948242188,194;133;73;197;232;150;132;199;128;107;160;27;120;204;221;41;14;22;99;152;261;143;40;101;92;23;225
Q9XAY4,25.0,25.585895538330078,Random,4,0.1,27,25.585891723632812,-3.814697265625e-06,3.814697265625e-06,142;24;164;207;5;34;47;161;99;153;199;44;70;245;229;150;231;41;105;144;208;53;183;196;171;29;220
P32021,23.0,31.43134880065918,Top important,0,0.1,35,34.87605285644531,3.444704055786133,3.444704055786133,21;329;305;214;350;28;42;324;32;260;275;49;284;39;336;65;152;165;323;83;296;126;231;335;56;328;169;309;191;224;146;76;340;141;261
P32021,23.0,31.43134880065918,Low important,0,0.1,35,31.43134880065918,0.0,0.0,287;248;208;320;236;120;59;273;86;207;178;91;175;280;314;281;53;240;311;218;112;286;172;249;163;69;122;148;97;252;282;256;44;237;94
P32021,23.0,31.43134880065918,Random,0,0.1,35,31.444129943847656,0.012781143188476562,0.012781143188476562,214;15;179;49;106;302;141;169;36;237;76;248;186;326;159;73;254;310;108;323;154;294;86;121;274;37;164;137;102;252;261;172;286;298;232
P32021,23.0,31.43134880065918,Random,1,0.1,35,31.43132781982422,-2.09808349609375e-05,2.09808349609375e-05,56;232;136;242;68;339;103;98;137;334;90;122;120;257;272;325;226;176;85;294;87;168;190;23;263;53;185;298;342;84;277;170;208;259;341
P32021,23.0,31.43134880065918,Random,2,0.1,35,31.431705474853516,0.0003566741943359375,0.0003566741943359375,142;302;59;297;139;36;14;337;310;345;278;257;61;103;208;333;105;262;117;161;268;34;136;301;55;226;223;260;110;315;296;331;211;119;206
P32021,23.0,31.43134880065918,Random,3,0.1,35,31.423542022705078,-0.0078067779541015625,0.0078067779541015625,75;343;79;254;5;49;170;121;84;210;181;271;56;87;192;349;265;68;30;174;217;278;252;43;250;153;150;143;55;318;211;42;86;288;73
P32021,23.0,31.43134880065918,Random,4,0.1,35,31.138957977294922,-0.2923908233642578,0.2923908233642578,330;127;268;246;343;1;269;179;111;311;346;203;214;59;329;284;139;316;320;71;78;302;201;237;56;213;345;35;9;310;342;323;162;66;110
B3Y006,60.0,30.743976593017578,Top important,0,0.1,31,34.03799057006836,3.2940139770507812,3.2940139770507812,292;35;309;277;305;203;22;227;137;49;255;73;112;100;164;20;172;14;243;259;272;156;260;50;1;230;21;223;139;184;239
B3Y006,60.0,30.743976593017578,Low important,0,0.1,31,30.743976593017578,0.0,0.0,136;160;246;192;30;187;113;220;161;163;271;140;211;67;304;56;141;226;104;291;106;63;284;126;194;241;181;98;281;70;16
B3Y006,60.0,30.743976593017578,Random,0,0.1,31,30.7438907623291,-8.58306884765625e-05,8.58306884765625e-05,291;258;219;20;17;139;58;142;152;78;113;65;246;285;236;119;299;48;126;153;125;304;233;259;121;93;110;230;105;122;88
B3Y006,60.0,30.743976593017578,Random,1,0.1,31,30.743972778320312,-3.814697265625e-06,3.814697265625e-06,285;150;263;32;81;168;136;223;111;23;122;78;289;282;42;108;26;194;209;224;294;85;67;220;30;116;68;269;200;165;180
B3Y006,60.0,30.743976593017578,Random,2,0.1,31,30.739246368408203,-0.004730224609375,0.004730224609375,291;141;74;256;275;214;203;254;245;64;234;195;137;299;265;112;6;134;104;34;227;87;198;158;49;310;171;272;119;189;12
B3Y006,60.0,30.743976593017578,Random,3,0.1,31,30.74151611328125,-0.002460479736328125,0.002460479736328125,260;218;173;79;9;227;297;134;83;100;293;154;261;217;80;267;223;286;177;289;123;306;215;310;164;268;248;115;22;145;194
B3Y006,60.0,30.743976593017578,Random,4,0.1,31,29.9191837310791,-0.8247928619384766,0.8247928619384766,236;43;86;272;241;96;131;35;156;157;255;26;194;97;27;62;263;59;44;113;174;247;32;129;116;195;309;169;186;289;51
O07883,70.0,60.35980224609375,Top important,0,0.1,22,61.04799270629883,0.6881904602050781,0.6881904602050781,101;52;61;122;51;157;196;29;135;167;1;92;209;78;123;79;131;95;7;211;184;83
O07883,70.0,60.35980224609375,Low important,0,0.1,22,60.35980224609375,0.0,0.0,86;110;150;171;23;206;218;76;90;143;197;133;5;170;107;114;93;82;99;66;64;6
O07883,70.0,60.35980224609375,Random,0,0.1,22,56.927772521972656,-3.4320297241210938,3.4320297241210938,180;206;144;165;6;51;56;191;146;45;42;192;104;117;60;111;101;197;164;112;149;20
O07883,70.0,60.35980224609375,Random,1,0.1,22,60.3648681640625,0.00506591796875,0.00506591796875,20;77;176;208;3;191;70;214;56;159;13;148;99;177;131;86;106;135;8;10;172;67
O07883,70.0,60.35980224609375,Random,2,0.1,22,55.185585021972656,-5.174217224121094,5.174217224121094,188;2;131;60;184;166;155;50;80;69;107;101;78;158;89;38;45;52;145;94;162;97
O07883,70.0,60.35980224609375,Random,3,0.1,22,60.585994720458984,0.22619247436523438,0.22619247436523438,4;112;185;176;36;145;204;54;168;110;203;197;174;8;150;158;60;89;148;122;183;6
O07883,70.0,60.35980224609375,Random,4,0.1,22,60.34827423095703,-0.01152801513671875,0.01152801513671875,138;220;82;107;6;29;162;179;193;142;194;49;129;170;195;58;136;84;203;191;116;94
F9VNG5,30.0,54.80326843261719,Top important,0,0.1,31,66.93595123291016,12.132682800292969,12.132682800292969,20;242;167;65;42;193;32;92;80;88;216;137;298;119;252;33;151;240;230;261;53;154;234;11;46;149;210;93;202;61;279
F9VNG5,30.0,54.80326843261719,Low important,0,0.1,31,54.80326843261719,0.0,0.0,271;222;276;66;23;97;115;244;47;105;96;253;258;257;246;205;152;254;72;75;265;74;84;141;91;194;179;288;136;250;132
F9VNG5,30.0,54.80326843261719,Random,0,0.1,31,53.78889083862305,-1.0143775939941406,1.0143775939941406,213;280;123;250;286;145;232;57;51;297;203;159;1;26;102;146;202;15;167;279;186;107;190;65;64;120;275;10;38;254;18
F9VNG5,30.0,54.80326843261719,Random,1,0.1,31,54.74220275878906,-0.061065673828125,0.061065673828125,19;149;81;227;248;291;100;157;275;215;101;127;92;231;36;22;103;299;35;180;165;245;184;278;131;205;187;293;188;98;226
F9VNG5,30.0,54.80326843261719,Random,2,0.1,31,53.901981353759766,-0.9012870788574219,0.9012870788574219,223;145;67;215;21;38;214;167;125;222;262;61;192;292;128;165;162;272;81;266;302;34;9;270;137;69;98;296;57;219;70
F9VNG5,30.0,54.80326843261719,Random,3,0.1,31,54.57313919067383,-0.23012924194335938,0.23012924194335938,42;177;116;233;203;109;99;54;111;67;234;75;282;257;276;260;94;2;147;73;110;226;239;188;61;255;171;165;158;200;283
F9VNG5,30.0,54.80326843261719,Random,4,0.1,31,54.58244323730469,-0.2208251953125,0.2208251953125,169;119;69;221;292;11;204;159;144;153;28;175;83;105;29;173;142;161;193;82;207;283;63;250;281;265;255;4;38;114;111
Q6YNE9,46.0,47.87931442260742,Top important,0,0.1,47,43.468353271484375,-4.410961151123047,4.410961151123047,311;278;165;187;132;191;425;124;226;128;167;263;52;179;245;37;100;325;180;407;409;400;235;55;13;319;115;5;320;215;288;374;434;253;14;354;234;39;291;8;112;212;142;369;183;450;449
Q6YNE9,46.0,47.87931442260742,Low important,0,0.1,47,47.87931442260742,0.0,0.0,150;105;147;195;412;130;373;347;107;70;287;391;111;377;48;444;255;283;359;361;125;69;250;282;190;417;152;254;322;127;348;119;63;275;225;148;421;261;78;192;272;341;155;314;251;395;6
Q6YNE9,46.0,47.87931442260742,Random,0,0.1,47,47.875465393066406,-0.003849029541015625,0.003849029541015625,68;57;85;139;210;37;299;177;434;31;216;390;176;126;247;135;2;94;11;255;188;193;123;125;109;186;356;120;243;1;339;20;393;127;416;218;128;307;449;423;150;350;28;172;13;208;92
Q6YNE9,46.0,47.87931442260742,Random,1,0.1,47,47.85306930541992,-0.0262451171875,0.0262451171875,176;295;150;426;395;124;6;39;408;195;46;5;21;105;9;250;435;174;163;225;156;448;444;396;58;248;431;62;361;151;340;450;275;404;272;353;457;143;220;119;153;434;421;291;26;226;193
Q6YNE9,46.0,47.87931442260742,Random,2,0.1,47,47.87721633911133,-0.00209808349609375,0.00209808349609375,180;395;433;429;358;47;116;288;389;49;373;248;179;97;340;207;87;188;345;153;401;404;99;451;155;337;312;58;211;159;289;324;6;148;25;194;251;264;369;457;442;198;413;112;156;65;48
Q6YNE9,46.0,47.87931442260742,Random,3,0.1,47,47.87931823730469,3.814697265625e-06,3.814697265625e-06,292;47;316;319;182;112;351;285;357;243;350;146;433;75;338;199;369;366;41;296;270;315;23;427;6;418;376;219;443;104;287;39;193;143;77;11;178;117;399;171;211;76;453;168;238;346;42
Q6YNE9,46.0,47.87931442260742,Random,4,0.1,47,47.87347412109375,-0.005840301513671875,0.005840301513671875,454;30;340;82;361;350;128;179;95;233;274;133;130;111;34;432;174;107;405;288;312;261;344;104;280;136;356;195;394;120;8;420;381;157;228;385;341;38;50;66;265;249;5;362;438;37;88
A3FFK4,55.0,48.8931884765625,Top important,0,0.1,80,52.47551345825195,3.582324981689453,3.582324981689453,628;357;306;335;424;409;282;251;453;27;546;272;308;773;440;700;347;431;728;631;506;788;260;369;690;572;545;496;474;381;78;561;510;678;428;187;591;707;669;541;578;18;665;234;292;382;450;398;782;758;793;263;169;130;765;485;265;4;648;39;755;148;5;552;531;511;311;45;691;563;614;44;624;436;114;1;145;719;521;134
A3FFK4,55.0,48.8931884765625,Low important,0,0.1,80,48.8931884765625,0.0,0.0,613;116;426;705;180;553;46;245;466;770;349;797;240;244;123;257;481;627;227;56;651;81;95;286;415;411;405;781;195;228;154;230;396;629;153;166;151;258;548;619;13;791;161;636;204;429;723;137;213;444;407;93;425;534;543;657;217;570;402;201;577;163;126;186;177;206;133;528;550;508;522;730;423;596;96;176;399;179;316;473
A3FFK4,55.0,48.8931884765625,Random,0,0.1,80,49.3870849609375,0.493896484375,0.493896484375,285;464;335;24;254;224;75;771;273;129;706;203;515;210;346;408;70;680;229;689;371;682;259;50;509;263;578;775;415;470;451;452;69;476;131;54;702;609;292;547;797;734;620;763;683;705;657;222;183;586;365;752;90;448;446;219;709;231;31;769;536;345;505;582;198;398;530;523;271;740;454;743;227;223;481;641;79;343;256;152
A3FFK4,55.0,48.8931884765625,Random,1,0.1,80,48.8931884765625,0.0,0.0,604;613;207;29;487;66;654;333;602;443;202;204;693;199;216;193;532;233;286;385;537;776;124;411;530;791;195;517;2;284;745;493;614;768;368;571;346;644;336;214;223;262;418;101;305;756;10;618;494;386;291;405;668;300;91;548;334;595;621;196;757;778;165;785;296;36;279;725;586;433;329;268;72;642;559;454;14;696;393;726
A3FFK4,55.0,48.8931884765625,Random,2,0.1,80,48.891990661621094,-0.00119781494140625,0.00119781494140625,504;408;534;723;583;489;122;521;272;284;245;374;35;485;352;143;15;570;666;719;169;416;218;31;430;619;692;264;219;382;559;488;38;297;63;522;705;585;89;303;92;274;189;594;429;458;87;621;630;399;479;84;333;346;341;128;629;579;784;605;224;682;528;318;252;54;551;154;649;540;134;743;760;1;265;266;641;340;102;611
A3FFK4,55.0,48.8931884765625,Random,3,0.1,80,48.89289855957031,-0.0002899169921875,0.0002899169921875,569;778;94;757;5;702;420;78;451;595;626;432;303;618;122;772;20;73;646;41;371;467;61;602;381;194;715;551;786;441;525;659;212;310;143;762;447;741;374;668;701;289;373;774;720;382;116;231;679;123;88;260;652;511;125;457;560;706;548;612;607;264;587;463;712;250;570;472;630;396;439;564;492;48;478;692;456;53;217;411
A3FFK4,55.0,48.8931884765625,Random,4,0.1,80,49.677330017089844,0.7841415405273438,0.7841415405273438,783;670;345;11;216;422;192;644;650;617;687;522;173;77;385;648;656;67;70;258;249;145;578;785;29;135;357;235;336;569;426;377;733;466;417;537;295;721;588;331;622;774;156;740;68;587;508;308;294;475;71;462;516;676;163;57;169;626;326;692;688;501;263;465;188;221;175;80;726;735;390;300;790;538;316;306;437;283;701;691
Q5LVM3,22.0,28.79155921936035,Top important,0,0.1,55,33.16192626953125,4.370367050170898,4.370367050170898,82;446;387;345;183;50;315;316;129;380;170;467;293;502;219;7;332;10;531;435;390;377;111;70;344;271;476;223;394;417;88;400;140;201;273;208;254;448;431;353;302;3;66;107;478;251;452;68;85;477;117;299;270;503;194
Q5LVM3,22.0,28.79155921936035,Low important,0,0.1,55,28.79155921936035,0.0,0.0,461;479;497;51;308;234;248;39;151;374;235;468;420;244;128;473;87;274;331;346;127;186;99;123;505;427;131;154;453;384;287;458;100;231;169;469;305;240;472;414;15;79;86;465;188;501;484;265;319;59;481;80;279;466;307
Q5LVM3,22.0,28.79155921936035,Random,0,0.1,55,28.778623580932617,-0.012935638427734375,0.012935638427734375,382;500;472;75;458;311;323;528;348;240;538;121;210;463;465;520;409;261;430;229;396;263;97;2;470;146;484;298;431;166;22;541;68;300;405;173;61;364;377;143;375;40;296;67;206;526;293;292;402;278;220;519;257;521;351
Q5LVM3,22.0,28.79155921936035,Random,1,0.1,55,28.79123878479004,-0.0003204345703125,0.0003204345703125,462;158;368;238;54;472;353;91;38;522;143;471;155;284;510;350;203;68;354;69;66;322;450;422;35;516;212;252;408;124;181;114;236;477;219;175;309;367;225;495;75;110;305;404;360;162;375;156;513;268;365;186;103;469;12
Q5LVM3,22.0,28.79155921936035,Random,2,0.1,55,28.759124755859375,-0.03243446350097656,0.03243446350097656,431;220;530;256;215;423;77;343;438;315;507;73;525;18;205;319;66;329;62;485;305;447;358;354;148;428;511;214;361;380;400;539;166;379;161;160;137;184;326;518;439;209;476;515;252;210;469;172;314;413;481;504;132;342;392
Q5LVM3,22.0,28.79155921936035,Random,3,0.1,55,28.749149322509766,-0.04240989685058594,0.04240989685058594,430;501;233;315;49;402;236;346;481;42;487;363;230;93;316;391;478;172;378;194;292;531;492;140;5;426;382;377;74;524;423;537;270;494;280;46;428;238;366;325;199;203;135;279;186;183;282;480;83;539;420;264;525;212;14
Q5LVM3,22.0,28.79155921936035,Random,4,0.1,55,31.00804901123047,2.216489791870117,2.216489791870117,116;395;476;415;91;9;100;441;41;289;363;389;66;514;203;293;198;227;326;81;103;82;322;126;15;439;47;448;263;384;194;244;10;401;427;174;209;151;428;120;262;176;373;337;445;56;97;540;479;449;282;13;266;390;424
Q7Z031,25.0,35.406410217285156,Top important,0,0.1,45,37.22349548339844,1.8170852661132812,1.8170852661132812,438;40;50;279;200;400;412;340;127;228;337;283;260;257;156;374;345;145;309;213;97;84;109;325;244;306;353;28;313;175;417;245;352;160;25;47;272;130;219;267;315;391;422;30;63
Q7Z031,25.0,35.406410217285156,Low important,0,0.1,45,35.406410217285156,0.0,0.0,220;366;52;395;112;259;324;94;381;365;301;247;310;275;89;343;409;51;46;236;78;351;419;173;56;262;378;271;276;300;42;230;408;297;369;355;442;323;258;23;320;360;269;143;274
Q7Z031,25.0,35.406410217285156,Random,0,0.1,45,35.41641616821289,0.010005950927734375,0.010005950927734375,318;285;162;94;383;342;124;216;224;14;339;200;121;164;359;319;136;145;253;267;325;55;277;155;288;303;151;152;241;379;236;169;423;56;31;199;43;405;247;154;180;27;150;378;280
Q7Z031,25.0,35.406410217285156,Random,1,0.1,45,35.37150955200195,-0.034900665283203125,0.034900665283203125,191;292;21;108;396;38;59;389;126;34;400;197;133;11;294;27;403;73;15;143;284;39;168;415;53;272;2;266;87;233;394;180;346;304;67;433;17;323;37;10;93;248;157;388;76
Q7Z031,25.0,35.406410217285156,Random,2,0.1,45,35.40419006347656,-0.00222015380859375,0.00222015380859375,151;175;164;176;26;394;440;27;95;356;114;68;96;354;23;381;18;39;404;209;287;66;375;262;254;48;332;399;309;437;270;416;420;185;153;248;186;79;77;188;260;443;232;158;299
Q7Z031,25.0,35.406410217285156,Random,3,0.1,45,35.40641784667969,7.62939453125e-06,7.62939453125e-06,344;329;286;72;48;195;324;373;244;10;87;125;151;387;197;111;282;420;351;384;45;253;116;410;416;327;239;399;243;63;317;440;103;36;421;358;32;331;208;88;120;367;401;38;288
Q7Z031,25.0,35.406410217285156,Random,4,0.1,45,35.41561508178711,0.009204864501953125,0.009204864501953125,434;148;76;38;295;106;250;45;297;149;74;288;378;232;245;274;440;212;123;90;136;95;345;346;421;204;200;92;19;112;439;383;216;34;371;369;197;336;69;194;318;224;37;18;205
A0A144KZD6,50.0,43.041343688964844,Top important,0,0.1,52,46.43339538574219,3.3920516967773438,3.3920516967773438,57;23;209;512;295;212;322;192;360;234;312;241;340;111;255;109;59;401;502;58;214;339;420;456;84;194;167;77;476;422;152;75;60;94;491;382;319;235;248;131;455;369;1;397;170;288;108;307;273;403;376;24
A0A144KZD6,50.0,43.041343688964844,Low important,0,0.1,52,43.041343688964844,0.0,0.0,56;216;210;266;361;81;320;20;82;151;246;147;365;267;317;164;87;119;243;154;368;409;364;95;132;459;256;496;145;346;359;264;223;437;226;485;115;68;96;458;124;101;229;475;32;298;90;281;225;107;402;233
A0A144KZD6,50.0,43.041343688964844,Random,0,0.1,52,43.038856506347656,-0.0024871826171875,0.0024871826171875,208;227;156;315;119;27;295;168;42;368;332;280;115;279;349;80;70;342;76;460;485;54;425;387;497;169;276;298;142;75;519;28;82;327;255;463;310;268;491;223;468;517;170;482;210;429;412;273;390;139;136;385
A0A144KZD6,50.0,43.041343688964844,Random,1,0.1,52,43.04135513305664,1.1444091796875e-05,1.1444091796875e-05,518;431;24;388;55;473;224;394;310;348;116;507;464;183;133;149;192;60;203;176;108;329;517;161;285;462;226;178;425;370;463;424;414;480;274;337;160;37;99;20;261;48;493;235;299;39;148;379;324;409;62;495
A0A144KZD6,50.0,43.041343688964844,Random,2,0.1,52,43.038909912109375,-0.00243377685546875,0.00243377685546875,506;399;229;164;148;15;236;465;207;5;330;295;508;104;471;329;514;341;171;307;457;337;224;42;254;165;503;284;217;79;188;78;448;122;257;33;4;10;106;96;383;139;276;379;50;513;437;415;187;151;91;279
A0A144KZD6,50.0,43.041343688964844,Random,3,0.1,52,43.86278533935547,0.821441650390625,0.821441650390625,190;420;382;519;128;380;185;140;225;370;109;449;313;488;17;57;388;284;494;31;401;153;170;323;394;377;184;387;393;356;366;262;501;263;499;251;113;443;216;25;119;299;120;324;238;47;309;108;72;329;513;417
A0A144KZD6,50.0,43.041343688964844,Random,4,0.1,52,43.86222839355469,0.8208847045898438,0.8208847045898438,441;187;243;245;430;490;482;259;311;134;189;160;254;18;36;404;60;203;365;79;232;178;499;388;83;514;57;230;70;82;459;473;234;124;133;439;316;447;204;435;90;220;509;239;251;208;468;489;87;346;355;297
A4GXA0,65.0,31.165008544921875,Top important,0,0.1,15,31.222583770751953,0.057575225830078125,0.057575225830078125,100;104;73;89;96;122;3;19;112;25;128;86;116;14;26
A4GXA0,65.0,31.165008544921875,Low important,0,0.1,15,31.165008544921875,0.0,0.0,129;49;68;5;103;33;39;65;102;80;114;85;115;78;124
A4GXA0,65.0,31.165008544921875,Random,0,0.1,15,31.173473358154297,0.008464813232421875,0.008464813232421875,31;15;120;75;11;73;25;145;46;42;98;144;87;74;121
A4GXA0,65.0,31.165008544921875,Random,1,0.1,15,31.165008544921875,0.0,0.0,133;1;144;29;6;130;41;93;8;15;106;35;47;77;110
A4GXA0,65.0,31.165008544921875,Random,2,0.1,15,31.165008544921875,0.0,0.0,80;146;65;145;59;46;51;91;36;44;84;49;140;119;2
A4GXA0,65.0,31.165008544921875,Random,3,0.1,15,31.16191864013672,-0.00308990478515625,0.00308990478515625,121;133;95;77;144;49;84;17;22;40;3;24;94;122;135
A4GXA0,65.0,31.165008544921875,Random,4,0.1,15,31.390085220336914,0.22507667541503906,0.22507667541503906,24;70;132;116;31;104;79;73;5;125;90;96;53;64;21
Q6H8X1,37.0,35.1787223815918,Top important,0,0.1,27,38.19938659667969,3.0206642150878906,3.0206642150878906,37;255;129;175;75;31;104;113;62;243;139;178;164;97;76;258;123;223;84;201;28;194;231;195;21;112;103
Q6H8X1,37.0,35.1787223815918,Low important,0,0.1,27,35.1787223815918,0.0,0.0,26;130;42;49;235;87;100;110;208;19;216;15;99;136;43;106;69;23;232;57;50;121;47;46;39;267;81
Q6H8X1,37.0,35.1787223815918,Random,0,0.1,27,35.18584060668945,0.00711822509765625,0.00711822509765625,246;79;205;97;107;55;253;46;47;18;84;144;216;171;165;95;168;189;204;203;32;66;192;232;54;98;99
Q6H8X1,37.0,35.1787223815918,Random,1,0.1,27,34.47992706298828,-0.6987953186035156,0.6987953186035156,120;142;8;77;181;93;170;47;114;177;13;100;248;35;194;178;229;219;97;30;158;268;26;131;37;206;73
Q6H8X1,37.0,35.1787223815918,Random,2,0.1,27,36.184356689453125,1.0056343078613281,1.0056343078613281,253;179;240;46;54;19;51;241;191;209;53;73;100;176;82;197;95;192;190;105;106;163;255;70;78;159;161
Q6H8X1,37.0,35.1787223815918,Random,3,0.1,27,35.02031707763672,-0.15840530395507812,0.15840530395507812,152;222;27;174;230;248;164;226;82;116;180;109;79;15;175;139;74;131;251;67;46;165;35;246;21;182;123
Q6H8X1,37.0,35.1787223815918,Random,4,0.1,27,36.10234069824219,0.9236183166503906,0.9236183166503906,255;172;132;130;261;258;243;213;41;121;82;44;55;21;189;77;165;112;185;157;217;129;57;253;134;218;118
M4QNR9,80.0,56.88119125366211,Top important,0,0.1,40,59.858177185058594,2.9769859313964844,2.9769859313964844,396;107;212;206;24;20;16;177;230;348;359;126;42;87;76;269;3;146;86;281;84;64;372;154;265;314;124;287;116;367;58;186;237;227;23;383;388;165;395;33
M4QNR9,80.0,56.88119125366211,Low important,0,0.1,40,56.88119125366211,0.0,0.0,381;299;10;2;329;142;145;389;387;103;70;193;380;251;144;378;391;88;263;129;211;128;187;223;113;191;349;195;236;117;394;264;303;357;120;197;92;95;350;196
M4QNR9,80.0,56.88119125366211,Random,0,0.1,40,56.8765983581543,-0.0045928955078125,0.0045928955078125,304;254;87;229;382;387;194;374;36;153;145;185;178;211;82;91;378;100;2;237;126;76;176;200;146;357;108;279;234;327;98;202;253;312;395;356;326;55;305;102
M4QNR9,80.0,56.88119125366211,Random,1,0.1,40,56.55841064453125,-0.3227806091308594,0.3227806091308594,257;166;367;304;206;58;8;57;386;379;97;27;253;265;284;212;13;233;147;393;207;39;118;216;205;93;314;213;364;200;101;342;332;61;359;347;189;388;55;306
M4QNR9,80.0,56.88119125366211,Random,2,0.1,40,56.86704635620117,-0.0141448974609375,0.0141448974609375,350;198;261;280;51;71;230;33;95;344;309;248;342;6;78;133;361;88;53;160;201;222;15;136;110;294;310;125;218;184;381;277;267;380;116;378;375;180;362;237
M4QNR9,80.0,56.88119125366211,Random,3,0.1,40,56.86703109741211,-0.01416015625,0.01416015625,78;286;240;83;249;12;236;360;210;317;49;2;385;321;365;344;163;234;187;309;44;65;148;164;124;252;159;189;331;37;325;157;132;271;193;230;140;143;391;392
M4QNR9,80.0,56.88119125366211,Random,4,0.1,40,56.731746673583984,-0.149444580078125,0.149444580078125,32;85;41;183;126;212;283;39;177;316;139;245;273;256;226;252;366;72;106;94;384;348;300;93;115;268;42;148;234;322;231;70;146;69;80;121;277;11;131;30
P74840,37.0,34.194087982177734,Top important,0,0.1,49,37.55978012084961,3.365692138671875,3.365692138671875,325;318;427;97;398;317;242;333;404;141;460;155;29;204;332;437;171;304;366;150;451;442;469;418;428;49;446;480;176;475;9;436;441;312;380;58;142;409;124;252;382;255;307;384;65;292;217;136;396
P74840,37.0,34.194087982177734,Low important,0,0.1,49,34.194087982177734,0.0,0.0,445;145;34;473;102;198;356;320;387;464;50;113;19;185;87;331;197;183;376;180;202;107;89;139;343;439;280;41;73;32;28;164;123;98;447;299;7;285;177;235;213;411;295;23;232;352;115;288;224
P74840,37.0,34.194087982177734,Random,0,0.1,49,34.2188835144043,0.0247955322265625,0.0247955322265625,70;440;89;146;18;290;246;452;202;449;429;336;319;8;303;26;479;44;137;354;105;87;188;182;110;328;32;468;124;459;107;444;351;62;155;238;117;45;55;125;47;245;334;189;25;206;239;21;92
P74840,37.0,34.194087982177734,Random,1,0.1,49,33.761192321777344,-0.4328956604003906,0.4328956604003906,478;291;64;458;390;387;256;167;53;28;236;63;378;308;354;175;338;382;9;412;465;475;208;148;212;124;184;315;427;169;456;461;483;252;162;361;394;317;10;426;112;363;76;101;14;443;341;260;437
P74840,37.0,34.194087982177734,Random,2,0.1,49,34.08366394042969,-0.11042404174804688,0.11042404174804688,40;311;18;389;196;356;363;132;415;234;469;68;78;232;281;462;203;233;209;420;398;220;342;353;114;412;268;386;37;314;159;146;161;245;202;157;284;299;52;410;148;26;34;193;231;135;319;252;432
P74840,37.0,34.194087982177734,Random,3,0.1,49,34.19393539428711,-0.000152587890625,0.000152587890625,37;72;168;224;258;429;98;68;40;239;39;320;301;117;309;244;349;166;178;181;305;56;344;99;329;327;397;221;279;464;416;82;148;101;257;129;372;421;338;182;186;66;13;77;436;146;85;260;282
P74840,37.0,34.194087982177734,Random,4,0.1,49,34.19322967529297,-0.000858306884765625,0.000858306884765625,311;173;76;122;72;309;422;183;123;103;420;407;362;35;148;240;192;381;289;89;115;185;387;116;280;109;83;450;202;464;425;432;20;247;392;467;323;57;228;84;465;466;285;108;383;41;213;179;49
O53444,37.0,34.970947265625,Top important,0,0.1,30,44.00562286376953,9.034675598144531,9.034675598144531,47;191;280;81;17;249;183;95;1;106;260;165;29;227;66;63;120;32;159;284;82;89;115;145;160;238;158;184;8;266
O53444,37.0,34.970947265625,Low important,0,0.1,30,34.970947265625,0.0,0.0,176;55;94;85;261;195;51;57;132;12;196;54;229;182;109;118;172;86;2;168;268;50;179;212;126;272;49;205;75;143
O53444,37.0,34.970947265625,Random,0,0.1,30,40.63608932495117,5.665142059326172,5.665142059326172,12;119;31;171;65;103;63;47;116;134;46;147;208;77;215;10;275;219;90;135;230;28;241;115;202;277;198;21;256;127
O53444,37.0,34.970947265625,Random,1,0.1,30,34.970970153808594,2.288818359375e-05,2.288818359375e-05,281;276;163;223;151;244;129;53;154;258;135;93;24;148;39;272;34;15;213;120;283;83;98;121;51;40;14;76;188;74
O53444,37.0,34.970947265625,Random,2,0.1,30,34.97145080566406,0.0005035400390625,0.0005035400390625,218;214;78;192;260;131;254;178;230;289;116;41;92;32;205;243;30;75;109;52;66;170;217;155;210;168;60;54;259;7
O53444,37.0,34.970947265625,Random,3,0.1,30,34.97077560424805,-0.000171661376953125,0.000171661376953125,30;173;28;255;27;134;85;213;276;229;57;271;84;169;40;253;42;52;279;244;175;50;245;284;132;227;285;277;223;177
O53444,37.0,34.970947265625,Random,4,0.1,30,34.9724235534668,0.001476287841796875,0.001476287841796875,114;84;138;71;241;153;143;10;29;200;93;134;19;58;36;288;249;181;160;179;214;40;3;177;102;236;285;49;51;123
Q59Q46,25.0,30.211755752563477,Top important,0,0.1,53,29.039159774780273,-1.1725959777832031,1.1725959777832031,293;510;86;97;376;373;3;396;290;483;48;224;24;478;336;492;133;416;326;460;480;156;65;190;194;264;515;59;253;329;179;317;43;370;472;456;353;521;191;93;197;19;309;113;99;207;461;407;218;244;470;505;507
Q59Q46,25.0,30.211755752563477,Low important,0,0.1,53,30.211755752563477,0.0,0.0,76;120;85;328;274;280;75;302;161;419;41;397;187;475;245;400;64;149;415;519;8;355;338;352;439;42;26;105;466;430;500;482;276;100;167;70;236;404;330;83;181;27;386;125;212;379;71;223;148;178;84;74;364
Q59Q46,25.0,30.211755752563477,Random,0,0.1,53,30.38975715637207,0.17800140380859375,0.17800140380859375,94;115;373;394;17;37;113;262;191;451;15;377;345;146;160;75;215;167;261;3;403;165;273;72;19;52;308;203;396;359;510;158;480;302;192;392;413;509;56;432;182;498;433;299;316;14;230;28;213;466;54;61;174
Q59Q46,25.0,30.211755752563477,Random,1,0.1,53,30.211387634277344,-0.0003681182861328125,0.0003681182861328125,239;137;424;212;193;131;22;274;46;389;127;16;152;481;466;492;308;521;43;42;40;318;297;115;269;214;264;291;476;381;250;242;417;178;473;506;332;504;111;171;515;48;58;372;425;57;333;268;174;478;491;227;405
Q59Q46,25.0,30.211755752563477,Random,2,0.1,53,30.227304458618164,0.0155487060546875,0.0155487060546875,311;307;400;87;159;6;230;270;451;373;22;516;253;81;287;478;109;452;29;474;269;137;310;220;44;347;239;59;224;142;342;150;89;99;225;188;152;156;20;429;105;275;209;263;216;167;517;71;62;328;315;221;235
Q59Q46,25.0,30.211755752563477,Random,3,0.1,53,30.212156295776367,0.000400543212890625,0.000400543212890625,417;298;116;328;508;402;253;215;24;19;304;30;433;145;102;333;302;123;394;435;416;325;503;88;142;71;246;492;493;128;323;45;512;348;361;189;454;138;261;270;206;445;444;507;392;18;377;1;140;284;72;181;170
Q59Q46,25.0,30.211755752563477,Random,4,0.1,53,30.211755752563477,0.0,0.0,181;232;40;8;279;286;418;83;155;117;509;195;269;383;387;446;235;514;70;455;516;134;18;318;436;179;88;49;47;44;41;469;72;1;163;170;203;370;45;55;450;138;327;350;292;161;280;456;494;28;426;317;188
I7CKJ5,37.0,38.47917175292969,Top important,0,0.1,44,39.05735397338867,0.5781822204589844,0.5781822204589844,26;170;419;70;196;223;148;58;274;222;121;94;308;52;137;352;426;112;191;13;15;252;367;39;263;393;355;122;237;265;386;111;260;283;218;364;376;397;365;80;35;368;188;434
I7CKJ5,37.0,38.47917175292969,Low important,0,0.1,44,38.47917175292969,0.0,0.0,362;115;100;153;210;255;337;219;126;250;68;91;293;390;25;92;221;311;292;181;17;256;270;319;129;354;208;85;336;98;289;187;186;351;331;268;34;114;43;353;350;290;159;217
I7CKJ5,37.0,38.47917175292969,Random,0,0.1,44,38.07340621948242,-0.4057655334472656,0.4057655334472656,5;407;236;410;132;81;309;161;222;335;332;277;62;368;214;142;193;430;298;17;346;218;192;271;160;101;4;431;216;87;406;19;58;205;48;320;130;79;425;419;337;221;174;240
I7CKJ5,37.0,38.47917175292969,Random,1,0.1,44,38.47917175292969,0.0,0.0,368;162;113;57;429;135;3;318;323;142;182;10;394;235;140;9;422;315;351;79;307;349;430;280;409;306;327;343;129;69;66;385;326;62;169;172;281;298;236;287;258;150;414;221
I7CKJ5,37.0,38.47917175292969,Random,2,0.1,44,38.4732780456543,-0.005893707275390625,0.005893707275390625,418;312;151;29;111;279;193;346;332;265;270;236;308;301;188;293;186;150;18;420;235;161;376;377;339;255;4;290;213;58;380;243;86;61;10;411;405;322;262;252;32;285;136;391
I7CKJ5,37.0,38.47917175292969,Random,3,0.1,44,38.47917175292969,0.0,0.0,132;17;63;295;296;28;248;77;261;336;1;239;388;87;74;244;42;413;276;255;113;212;412;290;405;306;197;293;162;213;418;385;66;44;154;182;128;48;429;157;311;216;287;291
I7CKJ5,37.0,38.47917175292969,Random,4,0.1,44,38.476539611816406,-0.00263214111328125,0.00263214111328125,250;154;114;206;140;4;189;128;412;33;219;69;39;55;342;261;326;429;134;422;383;169;101;59;322;351;79;34;251;318;125;432;413;112;352;163;347;295;343;9;13;371;233;329
A0JC76,30.0,34.72593688964844,Top important,0,0.1,40,40.47991943359375,5.7539825439453125,5.7539825439453125,390;284;139;312;260;53;209;396;47;181;263;187;112;116;214;246;101;224;40;256;37;332;48;81;230;242;129;172;285;266;219;347;74;140;165;52;178;113;316;80
A0JC76,30.0,34.72593688964844,Low important,0,0.1,40,34.72593688964844,0.0,0.0,9;49;17;355;208;177;281;331;364;44;16;59;270;180;114;333;261;226;273;143;179;294;389;169;337;223;265;264;286;95;194;7;236;336;123;272;327;5;348;269
A0JC76,30.0,34.72593688964844,Random,0,0.1,40,34.7298698425293,0.003932952880859375,0.003932952880859375,26;88;17;84;375;25;183;229;327;190;379;37;22;101;326;215;277;193;255;171;141;185;280;365;168;110;262;367;368;258;323;334;245;176;344;153;249;199;179;99
A0JC76,30.0,34.72593688964844,Random,1,0.1,40,34.64546585083008,-0.08047103881835938,0.08047103881835938,58;379;31;97;265;202;191;335;52;312;333;375;369;301;263;359;110;343;345;259;103;67;367;57;50;324;385;91;230;126;330;235;376;260;2;286;289;148;358;122
A0JC76,30.0,34.72593688964844,Random,2,0.1,40,34.70286560058594,-0.0230712890625,0.0230712890625,23;238;48;307;38;388;91;136;332;369;294;395;315;15;215;10;279;312;181;97;110;293;32;130;112;143;336;201;98;376;186;328;236;302;47;367;353;128;87;81
A0JC76,30.0,34.72593688964844,Random,3,0.1,40,34.726524353027344,0.00058746337890625,0.00058746337890625,150;264;392;46;111;245;198;362;304;156;182;68;313;331;140;335;350;220;341;164;193;317;387;4;100;74;227;168;332;157;102;26;247;324;6;128;107;229;110;207
A0JC76,30.0,34.72593688964844,Random,4,0.1,40,34.582706451416016,-0.14323043823242188,0.14323043823242188,30;352;379;364;157;324;43;69;51;92;110;74;276;287;47;8;116;255;331;395;23;142;261;342;65;122;124;31;199;88;390;297;136;202;131;104;295;183;323;362
A0A1S6XWY4,35.0,37.18043518066406,Top important,0,0.1,63,43.103492736816406,5.923057556152344,5.923057556152344,320;585;481;469;92;132;47;75;226;457;304;392;348;567;606;121;76;233;334;341;99;213;376;283;448;353;278;354;33;161;527;482;513;447;246;455;232;578;261;611;48;151;436;215;101;345;617;596;155;597;401;128;506;435;214;377;620;36;558;98;69;475;287
A0A1S6XWY4,35.0,37.18043518066406,Low important,0,0.1,63,37.18043518066406,0.0,0.0,241;179;389;40;285;571;273;607;286;522;477;138;591;486;17;500;530;511;254;490;400;350;204;488;550;492;119;2;466;58;220;8;209;572;131;560;621;325;30;615;240;114;497;344;529;127;526;106;424;382;368;379;491;81;282;515;130;439;56;612;604;366;595
A0A1S6XWY4,35.0,37.18043518066406,Random,0,0.1,63,37.236183166503906,0.05574798583984375,0.05574798583984375,33;363;514;427;460;555;599;574;559;76;406;245;598;47;256;55;266;407;49;235;337;311;110;410;529;229;278;561;172;286;155;339;287;197;439;608;96;143;525;87;558;69;340;262;551;239;443;313;418;281;115;182;207;374;437;458;403;138;82;369;220;486;63
A0A1S6XWY4,35.0,37.18043518066406,Random,1,0.1,63,35.425865173339844,-1.7545700073242188,1.7545700073242188,191;55;415;513;95;469;326;70;156;286;317;481;246;325;247;381;369;37;525;92;380;431;205;445;406;162;600;62;382;427;524;100;287;155;567;23;59;585;298;390;335;385;580;124;616;148;17;154;18;26;136;240;157;273;403;283;50;133;277;195;239;478;304
A0A1S6XWY4,35.0,37.18043518066406,Random,2,0.1,63,37.219993591308594,0.03955841064453125,0.03955841064453125,310;47;395;146;140;456;81;90;513;302;408;589;144;366;424;349;80;587;200;180;104;578;149;490;265;294;466;612;179;384;135;142;402;482;75;138;217;314;178;525;396;419;16;41;545;174;280;115;222;157;295;65;113;602;244;306;371;209;599;187;147;323;38
A0A1S6XWY4,35.0,37.18043518066406,Random,3,0.1,63,37.12788009643555,-0.052555084228515625,0.052555084228515625,118;613;93;487;376;72;387;293;363;88;240;408;50;433;209;141;251;481;554;543;36;617;221;98;362;35;151;505;566;428;180;619;246;571;21;185;314;54;119;395;129;508;389;329;16;608;158;41;8;515;289;45;280;474;166;550;47;80;488;504;133;452;469
A0A1S6XWY4,35.0,37.18043518066406,Random,4,0.1,63,37.176963806152344,-0.00347137451171875,0.00347137451171875,84;537;561;154;597;48;107;401;181;284;149;312;235;300;468;14;32;316;419;414;378;444;388;198;199;618;143;475;518;40;432;6;593;324;439;258;482;587;527;67;403;102;85;538;506;177;43;51;244;224;608;348;363;385;395;515;549;520;522;545;188;278;474
F9VPG1,80.0,79.49162292480469,Top important,0,0.1,29,80.6415023803711,1.1498794555664062,1.1498794555664062,31;140;249;13;283;78;235;119;215;290;279;245;152;206;51;276;144;58;14;264;223;165;93;210;27;269;224;239;229
F9VPG1,80.0,79.49162292480469,Low important,0,0.1,29,79.49162292480469,0.0,0.0,287;104;186;250;203;197;195;5;2;221;198;91;95;41;116;98;288;68;169;38;76;6;99;127;151;64;179;213;30
F9VPG1,80.0,79.49162292480469,Random,0,0.1,29,76.72982788085938,-2.7617950439453125,2.7617950439453125,5;268;214;278;235;224;14;21;276;136;133;26;205;51;284;230;31;73;144;142;36;88;200;203;176;27;228;288;67
F9VPG1,80.0,79.49162292480469,Random,1,0.1,29,80.04159545898438,0.5499725341796875,0.5499725341796875,72;281;25;210;125;271;112;39;287;180;280;160;20;222;147;231;22;198;106;105;23;17;249;152;6;49;87;76;259
F9VPG1,80.0,79.49162292480469,Random,2,0.1,29,74.78409576416016,-4.707527160644531,4.707527160644531,193;206;175;266;259;110;6;51;31;16;162;65;153;197;55;239;32;223;150;140;17;276;79;82;135;280;275;288;235
F9VPG1,80.0,79.49162292480469,Random,3,0.1,29,79.49162292480469,0.0,0.0,82;248;89;120;81;72;8;255;115;200;160;26;118;242;74;62;2;217;213;135;203;55;61;188;284;36;148;142;209
F9VPG1,80.0,79.49162292480469,Random,4,0.1,29,79.49957275390625,0.0079498291015625,0.0079498291015625,274;94;191;86;123;126;220;12;258;64;217;185;10;7;79;76;189;222;29;246;48;82;17;244;144;96;119;4;164
Q8RBF4,60.0,51.28534698486328,Top important,0,0.1,33,59.759830474853516,8.474483489990234,8.474483489990234,102;289;42;10;228;154;137;304;303;68;57;175;152;222;27;9;62;317;126;193;84;178;252;320;244;247;79;305;91;218;172;120;28
Q8RBF4,60.0,51.28534698486328,Low important,0,0.1,33,51.28534698486328,0.0,0.0,144;78;147;122;315;258;259;257;56;233;229;19;140;64;197;163;261;133;272;170;33;248;273;234;96;139;7;141;81;149;285;167;166
Q8RBF4,60.0,51.28534698486328,Random,0,0.1,33,56.64360046386719,5.358253479003906,5.358253479003906,43;139;235;240;53;7;194;324;303;221;92;152;320;314;21;102;45;208;62;29;312;223;230;292;153;183;90;14;121;322;231;85;48
Q8RBF4,60.0,51.28534698486328,Random,1,0.1,33,51.039337158203125,-0.24600982666015625,0.24600982666015625,302;174;100;215;183;296;110;178;297;298;103;172;101;97;211;320;237;155;171;66;111;246;78;43;315;186;42;251;128;188;319;307;6
Q8RBF4,60.0,51.28534698486328,Random,2,0.1,33,51.219482421875,-0.06586456298828125,0.06586456298828125,210;64;140;196;176;173;188;30;197;205;15;297;238;25;134;67;310;93;124;56;40;77;130;76;318;105;95;304;1;226;126;303;139
Q8RBF4,60.0,51.28534698486328,Random,3,0.1,33,51.28514862060547,-0.0001983642578125,0.0001983642578125,265;196;252;130;37;217;167;58;168;271;255;29;178;125;171;248;278;215;182;52;128;1;221;199;282;224;49;229;61;94;284;269;194
Q8RBF4,60.0,51.28534698486328,Random,4,0.1,33,51.27857971191406,-0.00676727294921875,0.00676727294921875,257;62;76;199;121;210;281;157;122;275;80;185;310;247;277;133;230;248;103;144;259;52;172;124;161;11;188;220;24;148;292;237;175
H2EIY3,37.0,36.41015625,Top important,0,0.1,35,38.525367736816406,2.1152114868164062,2.1152114868164062,211;340;148;323;154;257;126;49;125;45;290;218;149;284;133;217;305;188;7;34;166;62;339;146;141;210;136;112;19;195;16;304;55;130;311
H2EIY3,37.0,36.41015625,Low important,0,0.1,35,36.41015625,0.0,0.0,300;207;307;185;243;224;186;279;262;28;78;153;203;193;226;90;132;57;336;15;242;222;276;214;76;51;258;48;215;167;272;216;56;221;198
H2EIY3,37.0,36.41015625,Random,0,0.1,35,36.39738464355469,-0.0127716064453125,0.0127716064453125,123;107;237;222;240;73;4;112;262;206;7;131;340;166;50;193;316;336;36;53;22;186;45;56;119;136;330;291;283;140;203;225;338;117;278
H2EIY3,37.0,36.41015625,Random,1,0.1,35,39.684364318847656,3.2742080688476562,3.2742080688476562,23;329;105;315;30;132;56;133;149;28;309;244;62;118;240;32;2;264;8;317;11;131;37;211;293;143;169;88;154;161;125;106;174;318;181
H2EIY3,37.0,36.41015625,Random,2,0.1,35,38.34152603149414,1.9313697814941406,1.9313697814941406,323;47;157;9;173;211;310;45;128;72;177;171;237;285;314;95;317;17;162;160;80;97;58;153;62;134;234;293;270;278;33;43;295;280;241
H2EIY3,37.0,36.41015625,Random,3,0.1,35,36.382911682128906,-0.02724456787109375,0.02724456787109375,108;58;249;293;165;305;294;10;319;51;253;39;88;220;25;104;171;331;134;124;2;241;52;336;323;193;37;61;284;299;5;224;50;44;282
H2EIY3,37.0,36.41015625,Random,4,0.1,35,36.412078857421875,0.001922607421875,0.001922607421875,183;14;219;155;315;200;11;177;129;2;193;178;20;266;283;45;267;271;280;126;260;43;232;252;115;135;10;88;259;97;174;74;169;184;160
B8IP05,50.0,46.170257568359375,Top important,0,0.1,34,49.83919906616211,3.6689414978027344,3.6689414978027344,116;303;28;91;231;121;54;330;12;314;176;135;145;279;294;73;64;158;150;321;249;329;275;169;98;214;141;285;37;4;104;68;63;289
B8IP05,50.0,46.170257568359375,Low important,0,0.1,34,46.170257568359375,0.0,0.0,70;264;326;76;155;177;299;79;85;224;263;117;281;195;86;34;196;57;160;83;233;127;253;325;101;144;143;225;288;56;44;292;278;318
B8IP05,50.0,46.170257568359375,Random,0,0.1,34,46.234188079833984,0.06393051147460938,0.06393051147460938,12;226;70;329;75;49;215;57;131;82;144;60;256;317;240;19;287;148;116;212;169;198;65;38;314;1;151;191;140;199;44;186;108;316
B8IP05,50.0,46.170257568359375,Random,1,0.1,34,47.08816909790039,0.9179115295410156,0.9179115295410156,101;41;209;86;124;177;217;212;133;58;215;88;237;4;97;114;30;303;14;109;276;255;164;106;213;198;330;82;117;165;275;130;253;229
B8IP05,50.0,46.170257568359375,Random,2,0.1,34,46.88916015625,0.718902587890625,0.718902587890625,302;231;215;55;235;270;187;189;263;331;36;303;89;225;61;112;222;310;188;191;90;313;190;241;10;107;42;86;304;99;156;25;97;285
B8IP05,50.0,46.170257568359375,Random,3,0.1,34,46.267539978027344,0.09728240966796875,0.09728240966796875,259;232;308;156;169;97;46;261;95;11;117;240;180;25;96;82;124;337;318;112;106;58;294;321;104;116;80;24;118;279;142;197;59;137
B8IP05,50.0,46.170257568359375,Random,4,0.1,34,46.169734954833984,-0.000522613525390625,0.000522613525390625,126;158;232;25;24;190;30;33;304;149;182;235;74;291;215;145;309;245;77;81;32;141;67;95;86;57;193;154;79;105;240;237;42;127
G5ELA4,25.0,37.70394515991211,Top important,0,0.1,45,42.004573822021484,4.300628662109375,4.300628662109375,290;433;227;407;24;373;362;311;165;350;121;44;30;400;215;183;388;50;421;158;219;306;19;104;319;390;36;66;387;250;10;259;285;160;303;299;80;195;305;281;294;346;360;237;287
G5ELA4,25.0,37.70394515991211,Low important,0,0.1,45,37.70394515991211,0.0,0.0,283;323;8;163;327;126;190;43;122;432;31;220;264;282;406;242;358;38;411;84;42;144;193;371;441;274;198;416;41;384;7;124;92;61;374;191;235;240;113;59;236;123;368;375;13
G5ELA4,25.0,37.70394515991211,Random,0,0.1,45,37.703826904296875,-0.000118255615234375,0.000118255615234375,394;84;267;39;120;76;341;293;405;367;10;47;134;388;329;387;411;307;384;56;34;282;246;70;211;124;255;218;404;203;208;402;228;294;340;235;137;162;95;274;354;176;278;131;98
G5ELA4,25.0,37.70394515991211,Random,1,0.1,45,36.94193649291992,-0.7620086669921875,0.7620086669921875,4;274;436;340;323;162;187;102;16;345;89;285;173;34;371;354;160;417;5;107;372;88;442;328;407;292;384;262;258;79;105;251;23;231;434;315;140;148;11;268;104;46;33;238;306
G5ELA4,25.0,37.70394515991211,Random,2,0.1,45,37.63688659667969,-0.06705856323242188,0.06705856323242188,325;224;311;191;345;225;388;373;137;88;81;85;306;124;77;189;238;55;411;194;75;423;39;240;133;96;254;237;126;215;138;198;31;25;297;293;279;403;354;9;104;107;299;1;176
G5ELA4,25.0,37.70394515991211,Random,3,0.1,45,37.70376205444336,-0.00018310546875,0.00018310546875,81;49;256;115;109;293;34;371;287;33;180;149;26;195;399;344;318;110;385;378;411;152;434;254;75;382;424;264;383;396;199;103;441;277;98;420;374;279;324;285;292;405;135;93;388
G5ELA4,25.0,37.70394515991211,Random,4,0.1,45,37.70148849487305,-0.0024566650390625,0.0024566650390625,383;371;307;378;225;330;277;6;103;177;36;179;240;91;284;213;109;269;356;23;416;59;44;169;370;322;226;230;95;348;200;293;395;40;262;45;394;41;339;402;369;209;427;280;409
Q8RPW5,28.0,36.27128982543945,Top important,0,0.1,25,39.620845794677734,3.3495559692382812,3.3495559692382812,151;27;60;196;237;139;180;221;102;218;92;74;43;123;4;210;128;134;70;18;133;173;155;178;226
Q8RPW5,28.0,36.27128982543945,Low important,0,0.1,25,36.27128982543945,0.0,0.0,7;189;75;176;121;104;205;160;12;185;194;8;94;223;249;150;6;21;230;212;229;177;25;58;157
Q8RPW5,28.0,36.27128982543945,Random,0,0.1,25,36.271297454833984,7.62939453125e-06,7.62939453125e-06,79;84;51;167;95;45;121;140;149;189;137;217;191;62;41;37;72;28;96;213;94;199;38;231;30
Q8RPW5,28.0,36.27128982543945,Random,1,0.1,25,36.27126693725586,-2.288818359375e-05,2.288818359375e-05,204;97;9;85;208;46;19;35;79;15;98;100;115;212;10;182;183;164;8;7;239;168;205;242;181
Q8RPW5,28.0,36.27128982543945,Random,2,0.1,25,36.29508590698242,0.02379608154296875,0.02379608154296875,67;196;105;34;122;123;109;228;160;53;250;179;61;181;41;37;86;175;102;35;4;200;207;227;13
Q8RPW5,28.0,36.27128982543945,Random,3,0.1,25,36.27518081665039,0.0038909912109375,0.0038909912109375,188;209;63;38;177;89;41;5;117;136;199;44;104;6;82;127;84;180;26;190;183;236;105;124;24
Q8RPW5,28.0,36.27128982543945,Random,4,0.1,25,36.271697998046875,0.000408172607421875,0.000408172607421875,238;123;200;117;244;217;153;53;28;132;111;107;96;162;47;187;150;35;32;157;224;6;232;68;87
Q76M73,72.5,51.02748489379883,Top important,0,0.1,39,51.05412292480469,0.026638031005859375,0.026638031005859375,94;325;134;328;15;11;169;256;265;278;227;195;246;211;145;185;384;181;36;307;249;261;72;219;87;348;322;166;62;16;375;120;27;281;97;236;223;292;49
Q76M73,72.5,51.02748489379883,Low important,0,0.1,39,51.02748489379883,0.0,0.0,139;171;126;331;234;351;88;109;199;140;100;127;327;235;9;118;283;44;61;363;186;19;148;277;355;189;130;306;311;157;347;313;367;294;244;319;343;60;202
Q76M73,72.5,51.02748489379883,Random,0,0.1,39,51.02747344970703,-1.1444091796875e-05,1.1444091796875e-05,224;321;136;14;374;180;232;194;192;297;189;296;31;286;63;27;98;382;191;324;329;30;336;248;243;20;77;5;160;257;155;231;318;78;367;220;353;240;253
Q76M73,72.5,51.02748489379883,Random,1,0.1,39,51.20566940307617,0.17818450927734375,0.17818450927734375,68;202;344;266;128;4;56;284;354;376;9;375;211;99;31;97;355;75;165;29;281;158;298;249;318;229;116;377;115;54;350;84;314;381;225;133;15;289;26
Q76M73,72.5,51.02748489379883,Random,2,0.1,39,51.03129577636719,0.003810882568359375,0.003810882568359375,79;284;253;74;362;33;370;45;178;356;228;280;245;223;39;135;330;112;93;121;367;290;262;233;118;358;281;263;64;18;215;219;137;47;331;335;264;256;287
Q76M73,72.5,51.02748489379883,Random,3,0.1,39,50.974735260009766,-0.0527496337890625,0.0527496337890625,209;83;41;337;383;42;330;28;366;131;147;31;181;89;6;354;153;75;349;213;56;201;227;363;318;189;173;323;169;200;116;365;347;239;303;167;208;224;309
Q76M73,72.5,51.02748489379883,Random,4,0.1,39,51.02729415893555,-0.00019073486328125,0.00019073486328125,383;25;10;339;254;14;34;357;124;71;143;127;351;105;228;257;247;166;40;102;284;101;2;223;209;30;107;59;309;343;55;360;18;176;96;4;263;347;142
A5U8X0,37.0,37.079071044921875,Top important,0,0.1,80,41.46023941040039,4.381168365478516,4.381168365478516,445;613;597;267;152;633;38;719;42;502;132;94;675;139;7;797;389;159;16;518;86;552;415;486;297;176;11;645;541;481;551;368;50;528;124;588;381;142;48;337;420;438;765;623;711;170;718;203;750;23;101;542;573;356;495;341;509;715;116;450;747;285;99;369;147;451;314;532;733;179;570;651;184;674;79;626;668;764;111;625
A5U8X0,37.0,37.079071044921875,Low important,0,0.1,80,37.079071044921875,0.0,0.0,308;373;270;119;358;207;565;457;487;549;647;229;510;584;413;78;332;677;129;600;107;515;354;688;414;76;198;504;794;557;2;387;192;620;681;241;419;32;355;561;44;394;299;146;511;199;1;702;723;160;493;345;453;180;303;113;300;434;390;234;141;344;540;593;604;145;186;562;391;316;564;136;109;432;306;371;178;514;392;24
A5U8X0,37.0,37.079071044921875,Random,0,0.1,80,36.950714111328125,-0.12835693359375,0.12835693359375,654;358;612;140;689;15;21;529;87;767;722;413;308;407;472;38;729;464;54;31;403;590;104;106;300;141;148;18;736;450;716;535;81;272;270;424;177;467;101;518;503;339;793;29;733;439;160;499;181;278;755;490;479;218;600;484;216;759;747;66;105;657;311;179;593;429;560;458;551;96;707;136;284;481;13;574;764;782;501;796
A5U8X0,37.0,37.079071044921875,Random,1,0.1,80,36.94950866699219,-0.1295623779296875,0.1295623779296875,465;218;120;733;626;148;493;215;235;236;220;330;435;478;315;365;57;310;533;778;519;317;192;783;344;627;250;339;706;45;492;401;577;262;375;407;207;20;686;180;647;419;224;756;779;297;334;219;252;670;51;566;374;772;698;341;49;245;428;238;561;124;38;762;16;764;7;46;495;264;181;751;472;598;461;527;346;593;140;350
A5U8X0,37.0,37.079071044921875,Random,2,0.1,80,38.598026275634766,1.5189552307128906,1.5189552307128906,445;695;181;255;353;469;612;123;518;751;591;66;50;756;787;509;682;325;367;747;605;506;748;204;442;688;628;167;288;694;378;148;368;58;472;677;499;185;412;22;599;309;99;451;27;232;773;672;291;299;326;718;696;524;314;662;294;183;692;703;372;351;401;266;142;238;411;533;585;520;293;501;60;473;736;369;656;168;786;398
A5U8X0,37.0,37.079071044921875,Random,3,0.1,80,37.077850341796875,-0.001220703125,0.001220703125,450;6;485;795;536;603;195;773;175;592;268;16;487;734;688;127;63;66;53;673;191;466;130;736;567;608;281;204;183;780;492;35;411;509;409;360;457;216;413;388;253;158;573;686;765;750;685;351;761;547;632;213;40;555;434;167;98;564;168;560;71;232;491;298;549;441;357;556;495;519;350;610;329;217;749;481;690;27;636;93
A5U8X0,37.0,37.079071044921875,Random,4,0.1,80,36.622474670410156,-0.45659637451171875,0.45659637451171875,301;772;717;553;635;656;520;176;686;319;422;393;172;528;468;665;160;463;651;443;90;264;766;360;260;722;452;743;455;706;554;428;300;165;708;682;268;128;465;530;196;761;43;765;598;342;269;305;294;542;592;353;762;496;728;416;608;595;244;569;630;676;258;89;286;573;290;348;436;339;274;149;555;613;650;65;716;182;110;529
B6F260,30.0,48.10064697265625,Top important,0,0.1,45,48.672889709472656,0.5722427368164062,0.5722427368164062,341;57;44;377;319;198;219;422;155;340;435;355;36;432;358;184;78;91;343;174;359;384;407;102;333;88;194;269;327;224;356;277;241;35;254;177;398;114;160;314;315;85;18;96;70
B6F260,30.0,48.10064697265625,Low important,0,0.1,45,48.10064697265625,0.0,0.0,263;192;191;110;181;117;69;382;107;246;249;309;81;67;27;448;220;40;119;5;260;171;285;339;74;84;431;14;159;342;205;103;235;380;116;3;158;129;165;207;72;217;444;208;345
B6F260,30.0,48.10064697265625,Random,0,0.1,45,48.100826263427734,0.000179290771484375,0.000179290771484375,147;274;268;157;270;275;167;417;347;244;37;252;85;414;67;369;418;164;14;447;132;101;227;59;77;103;158;54;389;241;62;310;149;124;228;53;302;407;202;24;257;235;240;133;160
B6F260,30.0,48.10064697265625,Random,1,0.1,45,48.09867477416992,-0.001972198486328125,0.001972198486328125,331;363;401;268;193;160;276;52;236;145;149;132;385;226;286;196;315;148;158;346;119;324;179;166;161;265;19;416;300;120;380;185;250;350;301;432;244;71;371;86;34;299;78;292;143
B6F260,30.0,48.10064697265625,Random,2,0.1,45,48.109031677246094,0.00838470458984375,0.00838470458984375,75;31;297;410;353;277;348;196;11;345;112;278;180;236;443;41;124;317;377;55;245;18;167;135;197;288;52;267;440;121;359;368;118;283;174;394;110;229;322;212;64;94;33;414;111
B6F260,30.0,48.10064697265625,Random,3,0.1,45,48.10009765625,-0.00054931640625,0.00054931640625,449;59;378;206;107;381;111;133;154;414;425;242;428;261;328;130;389;203;388;365;301;56;49;437;262;196;395;284;352;91;149;244;74;6;55;69;217;246;323;142;339;92;178;96;95
B6F260,30.0,48.10064697265625,Random,4,0.1,45,48.088233947753906,-0.01241302490234375,0.01241302490234375,345;301;136;363;89;35;193;325;217;242;398;79;317;101;381;238;120;49;55;207;155;276;304;26;319;332;145;431;230;283;414;14;133;157;448;70;389;411;292;327;420;384;42;144;329
Q9HIW6,60.0,66.73590850830078,Top important,0,0.1,45,67.80966186523438,1.0737533569335938,1.0737533569335938,20;341;345;405;24;78;231;421;324;1;261;134;38;151;50;156;214;161;105;68;295;218;47;40;390;305;431;402;122;399;360;229;432;330;238;412;436;226;107;217;155;114;338;387;210
Q9HIW6,60.0,66.73590850830078,Low important,0,0.1,45,66.73590850830078,0.0,0.0,389;190;370;7;196;374;364;157;233;313;332;276;368;129;8;67;356;391;166;353;154;125;315;162;397;169;176;138;282;383;344;340;381;216;355;146;247;339;117;9;415;133;396;244;212
Q9HIW6,60.0,66.73590850830078,Random,0,0.1,45,66.78638458251953,0.05047607421875,0.05047607421875,309;252;251;181;12;359;382;326;235;82;242;255;134;183;21;13;160;89;256;398;54;324;108;408;87;332;174;178;266;51;110;120;152;343;287;241;236;351;399;300;81;283;143;59;22
Q9HIW6,60.0,66.73590850830078,Random,1,0.1,45,66.76502990722656,0.02912139892578125,0.02912139892578125,321;250;69;32;151;343;365;3;51;241;89;31;50;299;227;251;39;304;97;57;400;56;108;327;145;128;139;308;268;134;99;215;240;74;6;68;264;126;342;393;197;49;120;124;73
Q9HIW6,60.0,66.73590850830078,Random,2,0.1,45,66.73612213134766,0.000213623046875,0.000213623046875,41;371;107;170;402;378;322;163;235;415;393;176;237;403;388;110;249;80;220;395;386;8;195;350;202;398;390;376;3;304;262;190;325;418;264;297;219;277;204;123;87;396;212;392;207
Q9HIW6,60.0,66.73590850830078,Random,3,0.1,45,66.73621368408203,0.00030517578125,0.00030517578125,63;348;222;111;72;94;32;137;374;334;420;163;166;194;16;386;21;439;258;339;186;84;407;17;360;140;54;287;18;412;432;218;326;394;300;12;221;177;153;201;30;259;305;347;377
Q9HIW6,60.0,66.73590850830078,Random,4,0.1,45,62.026832580566406,-4.709075927734375,4.709075927734375,40;351;61;113;321;117;72;404;334;131;1;136;325;135;65;420;322;358;77;297;197;406;188;221;144;20;69;73;271;424;405;395;292;227;76;92;101;272;273;436;191;319;357;205;129
A0A0H2Z9F5,28.0,32.81803512573242,Top important,0,0.1,48,32.94655227661133,0.12851715087890625,0.12851715087890625,68;34;39;121;267;306;99;459;471;234;328;291;240;221;264;205;378;455;265;137;345;437;128;123;361;344;251;435;104;467;215;222;165;177;77;318;248;79;364;342;367;298;63;476;226;15;138;400
A0A0H2Z9F5,28.0,32.81803512573242,Low important,0,0.1,48,32.81803512573242,0.0,0.0,256;200;161;170;8;254;90;58;179;143;293;359;450;218;395;43;288;274;20;442;337;303;323;125;155;219;387;424;152;261;211;457;341;224;72;309;456;431;365;408;347;9;363;406;388;160;356;326
A0A0H2Z9F5,28.0,32.81803512573242,Random,0,0.1,48,30.70573616027832,-2.1122989654541016,2.1122989654541016,240;234;417;469;116;290;15;39;34;289;431;215;233;9;65;76;373;244;273;166;473;101;476;275;64;270;428;4;63;104;224;291;407;165;467;362;389;77;357;160;345;138;41;58;48;92;343;475
A0A0H2Z9F5,28.0,32.81803512573242,Random,1,0.1,48,32.813133239746094,-0.004901885986328125,0.004901885986328125,197;438;415;462;80;414;400;185;246;300;44;287;47;54;46;160;253;260;250;162;345;209;399;272;339;392;321;428;4;471;76;336;36;230;463;265;354;214;193;26;369;216;67;375;117;123;11;82
A0A0H2Z9F5,28.0,32.81803512573242,Random,2,0.1,48,32.81774139404297,-0.000293731689453125,0.000293731689453125,418;184;330;327;145;73;410;361;161;455;113;328;202;149;123;82;190;84;265;268;106;309;47;1;433;118;25;147;16;165;33;45;61;234;155;341;399;210;183;472;136;187;403;14;255;83;209;200
A0A0H2Z9F5,28.0,32.81803512573242,Random,3,0.1,48,32.785648345947266,-0.03238677978515625,0.03238677978515625,141;464;102;393;438;416;111;95;3;15;233;135;201;325;345;12;173;441;306;61;35;235;79;290;215;71;33;172;376;375;169;180;51;293;6;75;236;379;280;315;186;155;414;347;225;428;282;62
A0A0H2Z9F5,28.0,32.81803512573242,Random,4,0.1,48,32.81803512573242,0.0,0.0,462;83;193;466;139;180;101;212;209;354;143;93;77;195;207;241;126;408;263;283;414;297;183;53;166;92;168;26;366;421;247;204;447;386;279;261;162;135;445;33;272;285;352;394;244;458;344;228
O54435,40.0,46.57981491088867,Top important,0,0.1,42,47.58800506591797,1.0081901550292969,1.0081901550292969,103;379;158;78;111;268;115;233;304;83;145;177;129;213;161;329;27;414;61;387;270;219;403;337;97;16;229;367;254;227;312;141;361;209;232;244;11;273;48;381;56;7
O54435,40.0,46.57981491088867,Low important,0,0.1,42,46.57981491088867,0.0,0.0,220;288;342;202;34;298;6;30;365;405;130;206;47;80;333;370;371;133;388;127;303;22;218;355;195;82;289;331;208;287;309;60;65;366;21;272;271;106;46;203;207;44
O54435,40.0,46.57981491088867,Random,0,0.1,42,46.5797119140625,-0.000102996826171875,0.000102996826171875,256;84;179;88;302;98;299;308;107;313;128;10;317;86;415;321;60;21;329;68;338;358;165;378;108;405;398;71;343;223;95;344;411;175;414;388;203;215;350;6;97;134
O54435,40.0,46.57981491088867,Random,1,0.1,42,46.579994201660156,0.000179290771484375,0.000179290771484375,32;193;338;152;169;182;243;90;6;290;165;251;240;231;351;257;33;345;315;102;2;120;203;234;66;113;151;13;279;172;206;104;145;139;51;219;183;261;333;328;109;171
O54435,40.0,46.57981491088867,Random,2,0.1,42,46.52640914916992,-0.05340576171875,0.05340576171875,318;66;258;316;353;355;111;184;229;101;115;29;67;322;73;293;61;55;352;212;118;131;319;346;1;313;405;125;177;12;114;363;223;170;123;13;240;91;23;320;133;192
O54435,40.0,46.57981491088867,Random,3,0.1,42,47.55738830566406,0.9775733947753906,0.9775733947753906,334;393;75;20;90;273;266;55;60;127;195;4;33;234;134;147;288;400;256;357;153;377;175;103;99;199;9;351;391;364;414;57;173;70;108;200;86;161;14;2;104;373
O54435,40.0,46.57981491088867,Random,4,0.1,42,46.670921325683594,0.09110641479492188,0.09110641479492188,310;284;288;315;178;325;274;285;280;296;239;2;235;311;246;160;335;55;181;254;375;281;34;306;313;252;89;91;101;223;29;414;18;386;154;35;68;406;401;110;158;221
P53848,37.0,30.409090042114258,Top important,0,0.1,80,36.72626876831055,6.317178726196289,6.317178726196289,274;696;257;152;27;578;581;435;631;131;528;545;608;444;292;618;196;774;337;123;280;268;724;170;604;749;178;536;523;705;54;701;124;795;535;392;416;324;704;715;637;676;222;738;263;656;735;66;135;494;111;224;641;334;798;134;648;77;689;771;634;98;476;165;732;692;644;758;775;596;457;521;546;215;169;544;510;772;708;500
P53848,37.0,30.409090042114258,Low important,0,0.1,80,30.409090042114258,0.0,0.0,145;348;638;103;330;133;16;760;548;595;180;173;413;322;570;30;231;447;209;613;317;33;211;742;517;93;730;336;204;343;256;255;96;504;632;71;399;217;434;359;688;509;347;717;342;602;186;508;351;443;605;512;726;394;232;63;569;151;132;278;338;350;415;194;511;703;518;433;702;616;572;557;594;302;390;714;235;395;549;341
P53848,37.0,30.409090042114258,Random,0,0.1,80,30.40215301513672,-0.0069370269775390625,0.0069370269775390625,557;270;415;419;258;385;702;536;20;73;122;670;245;425;40;27;137;568;191;326;518;766;46;417;777;719;566;774;461;500;115;759;616;247;599;661;145;478;614;55;35;82;520;212;231;530;106;464;671;192;405;544;311;561;666;283;222;781;633;737;548;681;119;744;601;380;686;732;717;476;354;433;136;729;327;131;662;646;769;353
P53848,37.0,30.409090042114258,Random,1,0.1,80,31.805484771728516,1.3963947296142578,1.3963947296142578,583;506;156;461;217;293;254;362;757;494;10;437;18;560;690;340;49;91;47;408;218;64;161;769;296;605;624;682;561;676;261;136;781;505;731;501;503;700;697;160;550;14;435;538;730;335;274;255;570;92;371;345;423;53;142;51;790;417;198;140;566;531;250;222;549;662;176;407;576;304;658;791;311;766;175;146;793;235;208;679
P53848,37.0,30.409090042114258,Random,2,0.1,80,30.4051570892334,-0.003932952880859375,0.003932952880859375,495;355;564;511;183;72;131;655;242;517;318;346;631;367;471;713;220;602;82;618;524;786;246;463;143;219;427;268;698;228;473;613;526;558;742;451;39;586;497;73;326;428;20;795;218;29;257;28;610;788;569;125;327;362;350;598;178;221;697;280;483;120;705;456;137;325;735;165;174;760;727;154;359;498;567;231;424;37;703;759
P53848,37.0,30.409090042114258,Random,3,0.1,80,31.836851119995117,1.4277610778808594,1.4277610778808594,56;658;527;360;395;312;577;138;669;271;542;741;553;392;415;505;769;560;83;293;322;567;309;611;201;184;489;36;425;570;62;634;473;687;13;641;498;137;57;45;274;428;663;763;16;797;81;214;261;226;301;229;480;559;430;356;87;232;150;105;110;50;738;514;581;613;468;454;256;575;255;651;614;558;703;412;332;387;44;429
P53848,37.0,30.409090042114258,Random,4,0.1,80,30.403554916381836,-0.005535125732421875,0.005535125732421875,643;79;111;150;540;421;213;683;426;267;706;507;149;319;554;404;457;76;125;433;645;601;484;246;458;176;402;549;381;16;123;637;116;775;57;602;172;8;599;17;796;427;129;519;367;343;619;670;771;385;552;263;273;21;510;58;707;328;27;633;338;511;171;435;715;657;566;140;115;760;738;401;361;200;265;679;377;168;504;600
Q4A9M4,37.0,42.09074020385742,Top important,0,0.1,46,52.63473892211914,10.543998718261719,10.543998718261719,36;42;230;138;429;329;361;53;243;124;171;188;139;8;97;59;260;266;47;10;96;107;325;378;75;219;70;132;222;310;143;363;100;347;32;314;231;48;23;395;54;250;349;330;261;14
Q4A9M4,37.0,42.09074020385742,Low important,0,0.1,46,42.09074020385742,0.0,0.0,31;264;296;81;89;30;318;327;263;166;157;308;358;293;283;313;201;236;284;257;279;435;346;322;258;428;142;99;88;339;249;158;213;155;402;280;301;379;253;418;434;348;414;397;309;311
Q4A9M4,37.0,42.09074020385742,Random,0,0.1,46,42.08106231689453,-0.009677886962890625,0.009677886962890625,332;76;327;116;44;310;148;266;216;370;206;190;446;164;299;43;140;1;336;61;96;97;199;331;12;374;72;25;321;40;346;245;52;177;124;297;139;348;283;122;354;166;377;187;111;129
Q4A9M4,37.0,42.09074020385742,Random,1,0.1,46,42.06663131713867,-0.02410888671875,0.02410888671875,337;156;282;340;60;90;444;41;111;145;25;66;449;88;2;334;366;309;418;144;435;361;149;9;263;373;208;96;202;414;412;404;427;457;278;386;428;259;28;376;271;199;328;454;7;102
Q4A9M4,37.0,42.09074020385742,Random,2,0.1,46,42.07746887207031,-0.013271331787109375,0.013271331787109375,27;452;268;59;300;137;364;184;172;153;135;83;31;441;56;323;342;414;318;451;279;117;417;174;309;53;350;410;247;255;339;192;400;145;440;98;55;186;113;74;434;167;99;276;360;324
Q4A9M4,37.0,42.09074020385742,Random,3,0.1,46,42.06871032714844,-0.022029876708984375,0.022029876708984375,11;256;297;450;279;310;345;425;426;420;223;377;289;210;226;325;153;298;189;228;385;70;292;327;408;106;329;124;113;90;195;110;119;374;59;145;81;185;387;23;98;448;447;435;445;180
Q4A9M4,37.0,42.09074020385742,Random,4,0.1,46,42.074310302734375,-0.016429901123046875,0.016429901123046875,157;110;345;279;397;9;176;393;134;32;457;137;1;406;262;68;126;369;253;148;229;275;317;123;367;396;444;434;64;159;299;329;383;192;220;98;118;60;44;322;197;380;423;409;156;57
P53052,37.0,35.0057258605957,Top important,0,0.1,66,38.72271728515625,3.716991424560547,3.716991424560547,276;103;281;350;460;626;520;207;198;485;527;163;514;327;587;50;351;565;498;585;192;149;343;65;16;553;122;299;639;649;393;180;419;175;211;394;199;474;120;581;32;582;95;200;259;534;479;96;54;312;515;311;505;133;560;405;333;596;310;470;449;19;502;245;613;652
P53052,37.0,35.0057258605957,Low important,0,0.1,66,35.0057258605957,0.0,0.0,169;540;366;306;377;435;579;146;307;438;189;85;101;188;124;539;203;325;491;227;518;191;214;228;447;257;461;31;472;410;302;226;503;445;383;496;423;454;77;34;648;66;93;490;76;11;142;217;108;456;536;610;258;290;60;467;162;336;322;564;566;509;15;41;411;291
P53052,37.0,35.0057258605957,Random,0,0.1,66,35.00422286987305,-0.00150299072265625,0.00150299072265625,72;579;70;178;569;318;501;232;48;556;181;64;110;451;186;62;81;147;572;296;253;496;610;419;485;495;111;63;209;588;55;40;412;515;491;87;385;231;116;77;180;380;508;405;475;348;27;4;321;570;239;637;74;283;424;364;567;582;14;238;108;444;638;312;606;297
P53052,37.0,35.0057258605957,Random,1,0.1,66,34.38085174560547,-0.6248741149902344,0.6248741149902344,438;117;366;552;192;611;121;82;506;215;170;339;484;422;229;156;225;240;350;50;645;322;200;540;175;177;553;167;493;263;272;349;49;520;302;23;5;530;249;393;423;277;211;201;379;398;330;570;138;7;488;155;562;43;110;301;473;34;133;135;568;470;289;494;245;29
P53052,37.0,35.0057258605957,Random,2,0.1,66,35.00371551513672,-0.002010345458984375,0.002010345458984375,592;568;235;527;579;108;604;403;443;492;278;21;555;77;485;33;502;474;554;404;183;154;389;125;478;104;187;436;113;601;62;203;644;191;408;190;234;397;562;452;340;321;181;336;652;635;444;92;267;160;533;332;537;46;129;35;522;274;291;123;67;619;263;275;431;625
P53052,37.0,35.0057258605957,Random,3,0.1,66,34.38119125366211,-0.6245346069335938,0.6245346069335938,500;548;105;97;597;401;58;180;208;151;435;114;352;302;137;173;123;484;511;394;631;405;557;513;4;519;613;333;78;376;217;291;258;555;523;497;237;428;206;170;143;240;155;630;8;60;350;279;584;553;592;418;128;49;534;107;304;313;124;247;510;141;467;587;604;287
P53052,37.0,35.0057258605957,Random,4,0.1,66,35.005558013916016,-0.0001678466796875,0.0001678466796875,237;3;426;525;205;635;8;13;131;518;335;216;341;307;473;515;557;492;562;535;113;288;275;269;392;348;649;312;349;214;181;33;573;285;481;224;235;72;166;514;201;603;230;548;611;56;10;380;147;160;168;617;278;369;513;198;263;101;126;156;267;575;226;410;314;107
B1A7S3,37.0,37.40315246582031,Top important,0,0.1,41,41.82935333251953,4.426200866699219,4.426200866699219,126;26;258;100;252;282;188;41;348;237;166;270;208;109;16;50;382;298;227;360;191;300;31;58;75;338;12;306;331;212;88;402;312;257;229;116;391;139;179;279;25
B1A7S3,37.0,37.40315246582031,Low important,0,0.1,41,37.40315246582031,0.0,0.0,384;264;320;42;386;352;327;94;265;46;268;91;108;159;49;351;61;314;355;232;267;269;242;39;328;263;254;82;315;173;277;281;36;52;48;172;174;161;235;233;158
B1A7S3,37.0,37.40315246582031,Random,0,0.1,41,41.76129150390625,4.3581390380859375,4.3581390380859375,409;344;264;24;314;104;181;375;83;38;76;286;149;119;224;177;120;171;226;236;321;158;318;189;368;378;349;404;408;170;182;407;126;359;113;19;42;116;71;248;79
B1A7S3,37.0,37.40315246582031,Random,1,0.1,41,37.3383903503418,-0.06476211547851562,0.06476211547851562,376;300;224;251;235;137;302;394;121;160;255;162;178;212;214;147;232;16;194;322;97;20;308;217;111;193;41;14;216;295;77;203;357;324;377;85;159;150;117;206;282
B1A7S3,37.0,37.40315246582031,Random,2,0.1,41,37.31517791748047,-0.08797454833984375,0.08797454833984375,122;358;356;218;148;406;24;222;108;197;195;29;317;271;312;267;166;167;97;399;375;180;402;146;302;320;270;113;280;34;100;401;314;332;310;253;382;43;20;238;373
B1A7S3,37.0,37.40315246582031,Random,3,0.1,41,37.40167999267578,-0.00147247314453125,0.00147247314453125,272;59;308;220;259;210;290;144;189;102;336;354;139;332;12;66;346;6;3;215;344;307;36;322;132;232;235;264;146;370;50;298;376;368;108;145;256;38;243;207;8
B1A7S3,37.0,37.40315246582031,Random,4,0.1,41,41.103031158447266,3.699878692626953,3.699878692626953,26;102;147;271;10;193;148;255;282;311;256;46;51;75;152;3;144;8;270;215;202;397;189;20;224;145;395;382;60;295;15;73;250;126;246;337;409;391;197;198;243
B8E1T1,80.0,77.45743560791016,Top important,0,0.1,61,83.0367431640625,5.579307556152344,5.579307556152344,499;10;28;487;151;230;168;425;75;539;477;304;200;419;437;5;397;387;401;433;543;66;544;243;148;24;522;380;602;413;584;312;421;193;553;362;331;32;532;89;142;455;116;414;140;546;16;234;261;237;444;264;583;125;449;251;185;78;164;327;431
B8E1T1,80.0,77.45743560791016,Low important,0,0.1,61,77.45743560791016,0.0,0.0,26;256;430;214;281;438;221;424;19;254;190;572;163;495;41;578;203;179;563;435;506;559;446;49;198;139;529;509;440;347;571;60;241;134;23;108;318;258;590;79;330;219;373;3;542;531;98;146;195;332;403;25;386;68;138;220;206;336;4;96;114
B8E1T1,80.0,77.45743560791016,Random,0,0.1,61,77.4635238647461,0.0060882568359375,0.0060882568359375,473;224;515;288;308;178;562;570;583;401;260;80;198;452;145;577;62;436;327;236;418;175;597;166;404;361;362;203;312;567;366;539;423;348;428;494;28;604;492;182;572;97;239;147;271;232;468;120;234;32;233;24;587;227;273;15;388;36;318;45;122
B8E1T1,80.0,77.45743560791016,Random,1,0.1,61,77.45729064941406,-0.00014495849609375,0.00014495849609375,414;549;277;159;29;59;243;15;71;329;563;292;418;347;575;187;48;370;4;98;207;40;249;177;552;120;163;245;484;262;342;392;294;368;36;470;267;583;551;457;441;420;206;144;481;597;72;131;217;385;405;365;412;107;99;152;280;129;592;39;116
B8E1T1,80.0,77.45743560791016,Random,2,0.1,61,77.45591735839844,-0.00151824951171875,0.00151824951171875,108;394;502;102;493;241;461;289;582;198;386;481;144;266;150;357;399;176;21;186;82;309;280;339;546;595;449;59;67;119;218;154;536;397;451;269;599;416;114;96;287;545;322;58;295;422;311;565;522;226;14;526;155;335;544;408;53;98;38;317;268
B8E1T1,80.0,77.45743560791016,Random,3,0.1,61,77.45747375488281,3.814697265625e-05,3.814697265625e-05,462;513;474;532;332;402;51;413;271;182;140;226;275;107;433;575;289;390;85;187;478;311;365;401;121;331;320;52;316;602;50;509;489;146;550;114;84;315;206;405;449;507;71;24;57;603;211;298;242;510;29;356;183;463;218;415;191;113;139;605;165
B8E1T1,80.0,77.45743560791016,Random,4,0.1,61,77.4552230834961,-0.0022125244140625,0.0022125244140625,489;411;501;556;8;384;482;249;187;413;363;129;522;52;94;41;457;55;586;71;57;58;189;208;544;534;248;309;115;164;218;254;543;370;330;128;510;396;344;214;529;290;570;397;77;111;112;454;575;377;238;181;113;261;532;18;243;485;561;195;286
Q4QE75,25.0,31.849578857421875,Top important,0,0.1,63,34.236244201660156,2.3866653442382812,2.3866653442382812,67;89;314;456;533;551;613;539;224;99;590;561;263;344;503;526;74;421;279;377;376;161;43;304;385;290;596;340;571;256;288;228;75;214;520;113;27;60;414;212;124;448;47;587;341;319;403;232;309;216;19;472;84;159;283;14;462;425;134;208;579;381;498
Q4QE75,25.0,31.849578857421875,Low important,0,0.1,63,31.849578857421875,0.0,0.0,565;1;305;624;118;198;292;501;260;401;453;458;80;514;382;87;323;595;33;349;394;282;2;388;172;329;400;515;62;360;148;336;269;17;557;369;51;488;242;6;504;570;207;255;558;70;138;589;202;135;230;384;231;239;165;366;120;301;169;76;293;166;383
Q4QE75,25.0,31.849578857421875,Random,0,0.1,63,31.8498477935791,0.0002689361572265625,0.0002689361572265625,448;437;396;563;33;123;41;119;515;402;28;106;170;558;205;213;529;490;239;469;252;557;227;627;605;169;602;219;537;616;5;297;349;481;514;121;444;625;304;449;459;134;422;66;493;401;410;474;16;115;506;331;351;316;196;583;593;377;107;412;209;494;570
Q4QE75,25.0,31.849578857421875,Random,1,0.1,63,31.810070037841797,-0.039508819580078125,0.039508819580078125,230;535;533;485;505;287;523;494;69;251;381;437;213;388;610;114;131;77;414;75;553;601;332;369;594;586;99;39;47;290;400;29;112;80;566;384;442;482;512;146;452;539;328;321;95;456;246;181;15;315;622;107;176;583;426;157;258;92;548;198;474;462;435
Q4QE75,25.0,31.849578857421875,Random,2,0.1,63,31.85283088684082,0.0032520294189453125,0.0032520294189453125,313;269;160;566;76;247;280;600;531;33;626;561;20;48;128;250;191;49;543;147;362;232;518;150;339;236;37;605;297;537;435;39;415;193;17;450;122;578;486;220;168;468;32;88;11;13;100;603;504;371;90;426;182;481;70;203;205;527;107;132;56;407;420
Q4QE75,25.0,31.849578857421875,Random,3,0.1,63,31.857715606689453,0.008136749267578125,0.008136749267578125,220;117;604;525;35;260;318;601;152;418;236;375;228;393;311;549;348;282;591;304;97;289;9;37;204;262;576;493;170;427;481;374;590;540;268;462;487;237;205;102;203;457;509;458;278;6;498;519;560;96;295;13;137;618;307;196;408;216;133;165;153;51;192
Q4QE75,25.0,31.849578857421875,Random,4,0.1,63,31.834667205810547,-0.014911651611328125,0.014911651611328125,244;607;500;249;411;205;423;179;469;325;551;258;312;393;458;563;230;133;337;529;512;210;523;368;199;541;78;613;481;356;98;543;56;263;329;375;158;402;151;208;105;168;570;408;495;559;191;616;91;513;503;394;55;343;479;546;396;566;25;340;45;478;252
P96155,38.0,33.635135650634766,Top important,0,0.1,62,39.51600646972656,5.880870819091797,5.880870819091797,348;55;284;41;335;376;307;473;164;153;465;345;363;531;183;6;65;228;123;294;603;253;148;470;24;472;318;324;309;504;594;176;491;395;206;45;337;149;430;94;161;120;221;83;159;112;575;379;95;198;302;580;132;500;202;51;455;510;129;32;357;13
P96155,38.0,33.635135650634766,Low important,0,0.1,62,33.635135650634766,0.0,0.0,331;353;63;433;150;502;443;425;586;252;536;540;310;436;582;218;105;349;84;163;133;595;576;397;532;529;121;422;326;563;521;291;401;423;346;412;166;271;583;508;593;5;169;86;286;264;545;270;293;421;319;402;299;201;282;256;258;365;364;405;373;404
P96155,38.0,33.635135650634766,Random,0,0.1,62,33.09445571899414,-0.540679931640625,0.540679931640625,348;500;280;109;44;157;101;469;120;238;418;227;43;522;554;287;76;602;1;601;499;308;103;250;32;610;301;237;406;116;518;6;26;540;200;326;361;143;205;399;279;319;209;422;170;436;56;461;85;257;260;363;12;193;402;447;159;228;551;471;387;481
P96155,38.0,33.635135650634766,Random,1,0.1,62,33.6424674987793,0.00733184814453125,0.00733184814453125,407;143;426;114;243;230;73;524;505;506;533;2;254;529;296;500;34;412;274;59;124;515;467;360;75;147;367;183;250;109;245;275;294;194;291;591;133;174;63;307;223;437;277;459;492;98;466;273;563;33;523;177;199;480;101;130;335;22;585;235;127;158
P96155,38.0,33.635135650634766,Random,2,0.1,62,33.621482849121094,-0.013652801513671875,0.013652801513671875,336;207;41;156;542;38;320;20;552;193;187;233;256;72;238;358;173;125;309;477;298;585;607;23;568;373;425;544;381;293;44;111;457;160;319;528;273;485;356;497;338;218;142;464;127;526;166;325;81;264;390;172;68;300;152;487;98;593;591;592;375;85
P96155,38.0,33.635135650634766,Random,3,0.1,62,33.0569953918457,-0.5781402587890625,0.5781402587890625,146;129;320;548;481;107;484;334;50;336;21;229;81;227;524;368;279;119;54;318;606;345;160;255;437;363;182;87;471;421;154;17;287;522;475;433;120;133;348;193;517;458;440;304;242;286;148;153;96;199;177;155;183;51;64;222;351;367;450;507;168;482
P96155,38.0,33.635135650634766,Random,4,0.1,62,33.80462646484375,0.16949081420898438,0.16949081420898438,357;463;84;493;386;518;281;174;511;172;200;134;34;228;579;602;296;449;370;158;448;565;92;500;305;608;55;319;191;159;566;63;201;573;133;413;82;203;79;575;585;362;359;31;64;606;393;260;231;332;132;335;412;559;543;440;564;554;458;562;95;284
D5KB61,30.0,37.13983154296875,Top important,0,0.1,58,38.28173828125,1.14190673828125,1.14190673828125,308;156;110;118;573;423;287;256;38;561;33;339;525;437;53;208;288;490;201;68;552;484;141;171;284;415;267;224;579;469;277;236;131;146;13;77;174;144;354;344;14;397;80;255;450;212;352;409;473;39;132;457;303;90;103;271;554;382
D5KB61,30.0,37.13983154296875,Low important,0,0.1,58,37.13983154296875,0.0,0.0,346;183;540;562;59;570;245;305;40;72;11;335;205;426;532;96;502;551;439;203;385;54;312;291;51;211;442;546;23;537;517;535;179;516;304;388;306;536;543;268;468;32;100;559;202;557;12;57;292;46;269;101;575;429;553;113;550;263
D5KB61,30.0,37.13983154296875,Random,0,0.1,58,37.13906478881836,-0.000766754150390625,0.000766754150390625,497;188;571;430;495;339;572;72;247;336;146;215;428;108;161;533;443;472;451;343;453;40;205;566;264;478;79;469;17;496;311;360;172;14;369;381;44;53;479;233;395;55;203;448;201;477;244;341;403;248;522;316;131;421;281;449;361;526
D5KB61,30.0,37.13983154296875,Random,1,0.1,58,35.544898986816406,-1.5949325561523438,1.5949325561523438,487;5;270;156;514;114;287;465;293;132;88;345;294;267;155;17;517;58;498;412;115;2;395;329;451;199;229;429;408;198;444;98;192;448;208;542;404;438;9;529;475;64;299;341;521;219;351;376;457;361;147;512;431;497;187;50;320;402
D5KB61,30.0,37.13983154296875,Random,2,0.1,58,38.1295166015625,0.98968505859375,0.98968505859375,140;25;310;8;246;456;560;282;352;422;201;215;514;88;536;503;501;558;120;543;436;491;451;247;386;561;255;98;93;308;279;69;369;157;45;469;427;500;170;454;575;86;455;307;63;434;183;342;333;319;566;486;444;331;407;541;36;139
D5KB61,30.0,37.13983154296875,Random,3,0.1,58,35.66463088989258,-1.4752006530761719,1.4752006530761719,250;46;445;70;63;37;557;492;129;359;282;156;546;362;297;245;517;197;165;60;304;413;399;521;200;496;352;269;239;393;325;85;82;226;174;443;578;112;35;222;409;469;135;400;234;288;369;519;8;246;493;344;563;476;497;429;300;51
D5KB61,30.0,37.13983154296875,Random,4,0.1,58,37.13983917236328,7.62939453125e-06,7.62939453125e-06,98;94;318;74;16;185;474;378;58;321;410;181;61;257;125;544;10;331;84;427;359;336;362;393;220;560;222;124;564;486;360;189;281;371;193;305;232;439;41;96;352;434;79;377;373;45;46;501;21;215;396;566;387;567;47;122;269;495
P15770,27.5,27.617671966552734,Top important,0,0.1,28,28.9062557220459,1.288583755493164,1.288583755493164,205;179;20;264;209;193;253;1;30;56;226;217;268;41;186;190;73;200;176;117;260;123;13;169;126;165;55;31
P15770,27.5,27.617671966552734,Low important,0,0.1,28,27.617671966552734,0.0,0.0,71;215;8;198;212;262;191;244;184;40;60;67;234;79;6;18;5;145;261;116;188;223;59;23;11;245;69;211
P15770,27.5,27.617671966552734,Random,0,0.1,28,27.613813400268555,-0.0038585662841796875,0.0038585662841796875,6;269;56;200;154;20;45;265;223;213;263;40;33;245;157;77;210;139;48;226;39;24;255;36;187;260;225;266
P15770,27.5,27.617671966552734,Random,1,0.1,28,25.79839515686035,-1.8192768096923828,1.8192768096923828,75;205;113;262;107;233;67;213;53;163;155;267;4;209;105;61;43;149;82;263;200;25;172;135;271;51;111;123
P15770,27.5,27.617671966552734,Random,2,0.1,28,27.61819076538086,0.000518798828125,0.000518798828125,97;146;103;219;162;229;90;82;240;248;17;216;43;58;111;150;60;81;261;190;226;239;255;48;191;247;164;96
P15770,27.5,27.617671966552734,Random,3,0.1,28,28.126873016357422,0.5092010498046875,0.5092010498046875,236;179;201;137;50;38;135;160;200;209;152;117;126;184;19;228;68;27;48;139;245;101;166;202;231;195;89;82
P15770,27.5,27.617671966552734,Random,4,0.1,28,27.634923934936523,0.017251968383789062,0.017251968383789062,62;164;176;194;76;67;262;162;172;193;200;88;46;252;134;45;144;155;111;89;239;177;80;168;100;250;180;158
Q7WUI5,52.5,61.392433166503906,Top important,0,0.1,80,65.79072570800781,4.398292541503906,4.398292541503906,661;479;599;182;685;336;66;144;457;235;75;108;72;289;12;573;453;583;291;93;219;295;746;629;298;719;131;418;601;647;688;135;461;529;278;394;91;632;721;30;147;258;337;312;607;619;547;61;273;364;785;720;3;354;365;281;635;97;425;532;191;308;287;25;216;207;374;141;239;608;98;560;777;701;166;175;790;26;212;568
Q7WUI5,52.5,61.392433166503906,Low important,0,0.1,80,61.392433166503906,0.0,0.0,126;379;275;515;358;189;267;625;23;57;19;59;489;466;487;263;567;52;373;101;95;432;428;272;520;389;399;184;300;218;197;704;517;513;70;109;395;391;319;64;139;561;172;392;401;188;708;145;113;249;180;100;443;55;242;327;440;106;21;604;335;497;99;73;65;146;398;305;49;129;149;50;213;127;557;240;10;264;329;406
Q7WUI5,52.5,61.392433166503906,Random,0,0.1,80,61.37098693847656,-0.02144622802734375,0.02144622802734375,571;50;161;641;570;85;592;589;65;606;219;611;385;751;697;573;112;791;233;304;81;516;370;730;403;600;44;428;543;703;448;423;208;513;424;37;419;687;377;262;750;174;182;455;748;155;502;383;531;779;4;308;565;463;587;517;603;471;615;303;412;29;401;128;279;495;17;296;664;524;626;158;265;79;436;780;557;171;188;593
Q7WUI5,52.5,61.392433166503906,Random,1,0.1,80,61.424503326416016,0.032070159912109375,0.032070159912109375,81;490;422;90;778;691;360;435;154;160;239;754;281;617;674;696;46;251;469;504;240;497;256;92;329;401;7;208;78;452;724;231;54;341;533;428;470;93;325;494;599;736;191;782;698;539;633;560;254;351;473;703;237;477;478;598;116;276;295;243;137;486;119;357;299;294;732;379;200;3;120;309;571;641;283;680;186;65;711;612
Q7WUI5,52.5,61.392433166503906,Random,2,0.1,80,61.39134216308594,-0.00109100341796875,0.00109100341796875,203;198;338;735;72;594;421;639;600;643;108;245;100;566;682;58;201;387;168;247;50;665;235;184;488;143;502;340;528;775;324;723;772;309;64;460;244;141;276;666;448;2;449;20;416;350;768;211;605;522;578;136;78;616;546;261;785;696;349;524;356;174;163;382;603;490;689;484;305;753;645;695;188;75;129;407;124;394;43;56
Q7WUI5,52.5,61.392433166503906,Random,3,0.1,80,61.307861328125,-0.08457183837890625,0.08457183837890625,353;790;724;610;421;112;400;66;315;108;304;321;605;573;636;264;248;771;562;687;599;577;320;732;318;502;796;385;443;405;779;187;49;488;522;274;85;156;47;469;498;73;466;665;350;454;60;670;216;2;568;793;177;82;326;723;548;526;560;100;420;552;383;742;72;189;417;780;125;442;254;306;97;505;319;409;479;658;40;352
Q7WUI5,52.5,61.392433166503906,Random,4,0.1,80,61.39207458496094,-0.00035858154296875,0.00035858154296875,400;773;457;209;787;329;395;160;709;118;654;210;628;190;755;732;674;232;774;777;258;365;668;384;604;140;87;750;676;745;428;159;786;226;52;31;483;389;716;485;323;586;669;47;699;272;734;393;550;582;59;300;327;707;364;217;110;259;67;51;112;315;664;344;717;391;412;249;672;148;499;511;630;487;429;234;374;736;796;744
Q02068,47.5,35.475341796875,Top important,0,0.1,39,40.32719802856445,4.851856231689453,4.851856231689453,80;205;351;32;263;345;222;39;190;303;350;107;12;66;257;356;110;288;278;332;361;147;186;381;266;77;375;57;158;202;151;373;10;235;284;166;268;148;214
Q02068,47.5,35.475341796875,Low important,0,0.1,39,35.475341796875,0.0,0.0,196;124;41;229;180;16;128;382;50;145;55;211;219;364;17;72;132;172;277;366;157;24;56;270;290;220;15;139;297;26;368;105;118;191;228;370;49;54;195
Q02068,47.5,35.475341796875,Random,0,0.1,39,35.475154876708984,-0.000186920166015625,0.000186920166015625,286;284;223;52;221;271;74;46;275;136;97;339;110;359;336;33;20;291;308;126;135;142;269;37;105;139;162;153;36;123;191;293;238;132;176;167;108;144;15
Q02068,47.5,35.475341796875,Random,1,0.1,39,36.25590515136719,0.7805633544921875,0.7805633544921875,318;173;322;296;358;15;51;370;4;328;49;46;225;375;126;76;268;164;313;36;9;252;310;98;315;32;282;106;65;304;341;290;97;253;92;382;307;284;345
Q02068,47.5,35.475341796875,Random,2,0.1,39,35.476829528808594,0.00148773193359375,0.00148773193359375,317;128;201;47;257;187;86;364;224;308;20;26;35;273;334;165;84;342;43;258;380;52;79;2;242;170;326;227;145;338;284;297;171;278;333;361;113;375;208
Q02068,47.5,35.475341796875,Random,3,0.1,39,35.47627639770508,0.000934600830078125,0.000934600830078125,153;98;246;26;6;198;346;4;123;43;66;347;219;306;363;317;40;63;271;97;241;106;332;60;151;184;65;225;10;30;316;287;353;36;155;288;295;191;27
Q02068,47.5,35.475341796875,Random,4,0.1,39,35.38787841796875,-0.08746337890625,0.08746337890625,207;44;292;128;226;306;232;30;114;351;180;12;326;55;143;182;299;99;278;164;276;59;379;277;339;216;224;378;131;127;49;139;157;83;97;330;220;75;222
P37025,30.0,28.357830047607422,Top important,0,0.1,18,36.06553268432617,7.70770263671875,7.70770263671875,18;23;56;176;22;127;50;150;68;28;133;101;105;12;143;79;115;165
P37025,30.0,28.357830047607422,Low important,0,0.1,18,28.357830047607422,0.0,0.0,16;110;106;148;60;26;14;149;134;155;10;6;172;126;102;159;11;147
P37025,30.0,28.357830047607422,Random,0,0.1,18,28.357833862304688,3.814697265625e-06,3.814697265625e-06,76;46;110;157;44;48;154;148;174;115;88;38;142;164;40;32;91;7
P37025,30.0,28.357830047607422,Random,1,0.1,18,28.357830047607422,0.0,0.0,42;29;80;148;35;48;124;92;37;53;118;106;119;122;117;38;98;113
P37025,30.0,28.357830047607422,Random,2,0.1,18,28.35781478881836,-1.52587890625e-05,1.52587890625e-05,145;98;103;171;80;26;169;45;170;114;59;124;34;128;16;12;14;102
P37025,30.0,28.357830047607422,Random,3,0.1,18,28.357755661010742,-7.43865966796875e-05,7.43865966796875e-05,157;40;118;138;100;80;60;158;123;69;150;16;153;129;119;15;144;46
P37025,30.0,28.357830047607422,Random,4,0.1,18,28.34197998046875,-0.015850067138671875,0.015850067138671875,59;176;101;77;106;118;114;139;165;150;37;126;171;54;75;155;116;29
O59312,95.0,81.1325912475586,Top important,0,0.1,36,80.21078491210938,-0.9218063354492188,0.9218063354492188,86;234;170;340;238;328;279;267;140;320;272;134;208;129;19;310;15;281;309;215;38;224;9;264;350;220;57;199;108;290;82;194;324;162;183;259
O59312,95.0,81.1325912475586,Low important,0,0.1,36,81.1325912475586,0.0,0.0,257;316;46;270;260;60;128;173;186;163;351;250;8;212;206;165;94;118;207;271;326;71;52;155;227;89;93;298;292;295;187;45;322;96;301;172
O59312,95.0,81.1325912475586,Random,0,0.1,36,81.1334228515625,0.00083160400390625,0.00083160400390625,158;198;167;177;215;272;59;341;145;312;53;49;273;132;121;313;251;149;210;98;113;41;330;102;231;46;23;72;172;218;205;36;38;47;73;228
O59312,95.0,81.1325912475586,Random,1,0.1,36,81.27645111083984,0.14385986328125,0.14385986328125,188;21;119;226;36;276;311;93;253;285;179;270;351;33;259;66;8;88;113;260;330;326;345;238;268;263;5;199;64;286;28;149;71;79;102;105
O59312,95.0,81.1325912475586,Random,2,0.1,36,81.13565063476562,0.00305938720703125,0.00305938720703125,332;30;60;119;246;336;43;243;51;15;134;10;67;287;281;320;48;76;342;194;188;49;184;115;116;266;62;78;337;329;264;311;72;204;35;90
O59312,95.0,81.1325912475586,Random,3,0.1,36,81.27659606933594,0.14400482177734375,0.14400482177734375,199;62;102;63;350;324;302;122;35;48;268;163;165;137;238;146;196;293;147;110;135;206;285;100;59;71;58;290;161;47;68;24;303;45;202;72
O59312,95.0,81.1325912475586,Random,4,0.1,36,80.45076751708984,-0.68182373046875,0.68182373046875,287;274;17;151;186;160;14;1;252;55;173;232;197;203;58;76;56;119;187;319;88;314;231;52;128;193;31;297;270;155;140;138;234;322;77;178
P32440,60.0,35.6174430847168,Top important,0,0.1,35,40.61827850341797,5.000835418701172,5.000835418701172,116;97;183;339;332;41;14;93;217;267;178;336;299;51;57;211;6;301;163;38;305;289;155;20;156;26;329;46;186;272;45;208;89;132;142
P32440,60.0,35.6174430847168,Low important,0,0.1,35,35.6174430847168,0.0,0.0,199;24;103;95;333;172;135;122;280;154;3;19;66;92;44;206;77;166;330;176;202;4;143;62;311;108;173;91;133;256;137;61;28;37;324
P32440,60.0,35.6174430847168,Random,0,0.1,35,35.613311767578125,-0.004131317138671875,0.004131317138671875,188;276;71;258;160;74;87;135;267;60;311;318;232;300;63;322;153;62;77;113;263;333;264;112;321;184;151;148;310;172;23;199;9;162;150
P32440,60.0,35.6174430847168,Random,1,0.1,35,35.5979118347168,-0.01953125,0.01953125,42;30;306;242;261;14;25;285;314;287;18;201;334;323;162;195;89;95;77;43;128;231;173;1;125;160;330;215;294;10;157;278;317;152;343
P32440,60.0,35.6174430847168,Random,2,0.1,35,36.737152099609375,1.1197090148925781,1.1197090148925781,103;315;105;48;197;217;194;304;11;215;119;284;116;238;160;32;80;159;163;6;343;28;204;279;4;235;221;306;114;229;24;242;327;268;132
P32440,60.0,35.6174430847168,Random,3,0.1,35,35.617576599121094,0.000133514404296875,0.000133514404296875,77;271;78;241;130;145;12;240;118;206;67;285;107;189;255;290;329;220;323;208;315;57;49;29;36;278;245;58;174;125;39;96;9;38;26
P32440,60.0,35.6174430847168,Random,4,0.1,35,35.61743927001953,-3.814697265625e-06,3.814697265625e-06,127;166;293;120;99;168;61;297;229;108;132;79;191;274;161;158;270;318;216;246;253;37;187;185;111;151;155;104;335;60;298;47;282;272;35
P9WNX5,30.0,35.328697204589844,Top important,0,0.1,35,44.134727478027344,8.8060302734375,8.8060302734375,179;338;1;122;171;236;256;181;168;144;239;282;109;244;178;213;68;8;6;298;52;315;223;78;63;204;309;50;12;334;283;220;57;328;93
P9WNX5,30.0,35.328697204589844,Low important,0,0.1,35,35.328697204589844,0.0,0.0,243;227;10;127;259;250;234;107;82;26;231;268;35;323;228;158;157;331;249;56;103;170;59;110;81;203;130;135;134;97;337;258;32;111;69
P9WNX5,30.0,35.328697204589844,Random,0,0.1,35,38.28514862060547,2.956451416015625,2.956451416015625,73;60;130;204;120;89;64;133;40;211;217;58;247;225;244;116;220;178;27;296;201;290;84;299;179;56;49;71;190;191;67;277;103;75;92
P9WNX5,30.0,35.328697204589844,Random,1,0.1,35,35.02915573120117,-0.2995414733886719,0.2995414733886719,335;84;230;51;268;215;91;220;68;173;121;241;44;32;259;206;86;126;298;4;186;143;314;60;288;134;172;323;261;164;125;287;122;79;81
P9WNX5,30.0,35.328697204589844,Random,2,0.1,35,35.32232666015625,-0.00637054443359375,0.00637054443359375,201;309;178;287;19;202;142;4;318;240;273;151;101;268;204;159;189;10;137;320;160;175;227;124;88;212;128;28;345;109;41;192;33;332;215
P9WNX5,30.0,35.328697204589844,Random,3,0.1,35,40.4556999206543,5.127002716064453,5.127002716064453,338;280;82;126;189;178;315;94;140;148;231;216;26;206;302;182;179;149;81;183;340;138;320;229;192;288;314;155;334;3;218;281;232;321;168
P9WNX5,30.0,35.328697204589844,Random,4,0.1,35,35.029762268066406,-0.2989349365234375,0.2989349365234375,122;306;75;286;156;170;254;7;324;119;46;177;313;312;221;10;89;151;110;204;92;207;86;209;22;71;182;134;163;305;230;237;120;268;253
F7YTI3,95.0,75.5993423461914,Top important,0,0.1,49,81.30105590820312,5.701713562011719,5.701713562011719,215;33;374;425;259;448;399;240;311;457;107;366;58;419;416;336;443;61;165;423;83;192;37;358;6;276;350;27;335;264;429;280;144;38;479;138;117;128;155;3;265;253;206;59;338;274;159;427;111
F7YTI3,95.0,75.5993423461914,Low important,0,0.1,49,75.5993423461914,0.0,0.0,172;286;9;349;460;120;446;203;329;367;102;444;436;8;353;202;55;453;266;66;473;400;297;63;246;321;100;279;477;64;231;15;73;124;101;109;418;310;89;161;469;483;288;320;277;417;19;168;7
F7YTI3,95.0,75.5993423461914,Random,0,0.1,49,74.82209777832031,-0.7772445678710938,0.7772445678710938,455;395;306;130;345;423;177;80;131;45;128;478;201;21;376;463;447;37;71;33;63;459;466;138;171;121;394;277;207;307;194;104;315;384;39;352;484;367;254;336;226;58;183;60;470;346;14;44;62
F7YTI3,95.0,75.5993423461914,Random,1,0.1,49,77.69874572753906,2.0994033813476562,2.0994033813476562,116;321;289;431;428;145;272;237;71;187;215;384;77;164;221;29;360;198;231;60;319;301;254;276;475;196;230;21;437;358;323;461;366;383;157;204;447;394;259;144;104;82;57;401;219;479;379;482;354
F7YTI3,95.0,75.5993423461914,Random,2,0.1,49,75.5993423461914,0.0,0.0,78;330;242;174;216;321;49;379;296;219;327;8;47;295;103;112;182;277;331;452;318;372;224;272;467;196;110;477;4;248;146;308;246;364;214;456;455;270;389;475;16;88;200;312;169;408;254;361;464
F7YTI3,95.0,75.5993423461914,Random,3,0.1,49,75.5780029296875,-0.02133941650390625,0.02133941650390625,135;285;440;111;258;456;427;288;47;150;130;423;321;71;364;188;21;203;355;205;180;255;447;382;162;286;123;241;372;358;85;226;397;296;224;14;26;107;294;406;345;307;214;72;314;272;143;105;84
F7YTI3,95.0,75.5993423461914,Random,4,0.1,49,74.57957458496094,-1.0197677612304688,1.0197677612304688,1;130;200;107;358;266;33;373;19;281;321;397;383;177;451;90;465;352;56;442;152;462;273;4;51;42;105;97;79;10;91;439;72;445;15;456;125;189;220;272;339;360;45;226;193;41;301;401;374
Q7LXU6,80.0,79.70162200927734,Top important,0,0.1,20,78.99696350097656,-0.7046585083007812,0.7046585083007812,13;9;124;55;71;195;137;77;105;143;70;54;101;162;59;140;116;156;144;17
Q7LXU6,80.0,79.70162200927734,Low important,0,0.1,20,79.70162200927734,0.0,0.0,76;115;88;47;169;75;68;178;61;50;103;79;64;30;87;73;122;125;99;149
Q7LXU6,80.0,79.70162200927734,Random,0,0.1,20,79.69812774658203,-0.0034942626953125,0.0034942626953125,126;89;72;105;75;177;41;145;134;112;192;33;128;185;42;111;136;67;119;43
Q7LXU6,80.0,79.70162200927734,Random,1,0.1,20,79.70014190673828,-0.0014801025390625,0.0014801025390625,129;151;66;1;6;194;144;61;38;157;139;143;192;114;25;159;46;90;28;131
Q7LXU6,80.0,79.70162200927734,Random,2,0.1,20,79.68560791015625,-0.01601409912109375,0.01601409912109375,2;71;40;58;107;180;73;155;12;74;114;34;84;130;176;3;65;11;70;166
Q7LXU6,80.0,79.70162200927734,Random,3,0.1,20,79.70040893554688,-0.00121307373046875,0.00121307373046875,133;50;48;136;1;176;69;187;70;160;111;19;109;193;172;6;107;86;43;181
Q7LXU6,80.0,79.70162200927734,Random,4,0.1,20,79.4921646118164,-0.2094573974609375,0.2094573974609375,45;89;139;148;82;101;90;105;146;16;112;155;151;194;96;141;9;56;31;14
A0A140JW76,30.0,33.822853088378906,Top important,0,0.1,38,35.84474182128906,2.0218887329101562,2.0218887329101562,267;61;85;360;341;207;370;107;144;170;366;315;271;29;306;187;234;55;110;345;323;316;104;156;171;181;132;338;14;229;199;364;92;221;204;164;36;180
A0A140JW76,30.0,33.822853088378906,Low important,0,0.1,38,33.822853088378906,0.0,0.0,112;205;66;173;102;4;376;195;231;224;159;250;143;227;119;339;109;190;94;120;142;193;87;296;117;325;242;63;32;176;101;299;259;179;106;241;362;183
A0A140JW76,30.0,33.822853088378906,Random,0,0.1,38,31.464990615844727,-2.3578624725341797,2.3578624725341797,8;260;267;105;189;95;378;4;30;258;248;252;92;35;255;190;227;57;64;134;280;38;147;344;300;343;257;192;290;373;205;212;80;359;136;1;302;160
A0A140JW76,30.0,33.822853088378906,Random,1,0.1,38,33.82039260864258,-0.002460479736328125,0.002460479736328125,241;139;152;345;339;298;69;315;279;134;33;147;43;63;248;234;124;202;240;195;210;11;142;258;14;130;67;227;375;86;216;196;220;211;217;206;374;268
A0A140JW76,30.0,33.822853088378906,Random,2,0.1,38,33.820072174072266,-0.002780914306640625,0.002780914306640625,182;274;1;88;222;340;205;89;369;213;199;326;21;315;337;66;30;268;2;327;101;316;164;93;238;290;363;350;147;94;83;317;58;202;204;241;306;4
A0A140JW76,30.0,33.822853088378906,Random,3,0.1,38,33.822120666503906,-0.000732421875,0.000732421875,123;29;7;26;33;14;8;165;286;1;134;240;324;12;378;206;199;239;49;32;284;352;92;317;214;371;210;160;119;42;99;351;93;356;50;333;149;127
A0A140JW76,30.0,33.822853088378906,Random,4,0.1,38,33.82233428955078,-0.000518798828125,0.000518798828125,144;102;4;114;302;201;68;305;25;287;184;164;289;130;293;244;187;156;364;171;294;338;74;62;15;178;312;323;29;276;84;300;21;353;72;128;136;38
Q97ZV2,47.5,56.90644073486328,Top important,0,0.1,45,60.909690856933594,4.0032501220703125,4.0032501220703125,299;129;427;324;362;161;414;261;108;94;289;354;397;225;188;115;68;338;271;335;422;391;119;287;341;203;64;146;426;411;305;232;141;37;27;250;211;325;140;105;100;257;320;260;312
Q97ZV2,47.5,56.90644073486328,Low important,0,0.1,45,56.90644073486328,0.0,0.0,293;392;214;244;130;234;254;348;333;379;4;175;200;353;158;291;28;186;154;235;387;192;388;402;365;23;180;290;383;424;375;38;224;331;117;378;127;306;349;116;276;205;327;372;340
Q97ZV2,47.5,56.90644073486328,Random,0,0.1,45,56.90237808227539,-0.004062652587890625,0.004062652587890625,182;95;254;263;374;365;146;66;9;410;342;138;106;139;134;34;185;192;44;319;266;316;267;317;359;32;179;338;363;7;87;85;175;234;48;392;425;414;221;38;375;439;416;118;213
Q97ZV2,47.5,56.90644073486328,Random,1,0.1,45,56.87928771972656,-0.02715301513671875,0.02715301513671875,207;272;394;230;144;74;100;81;438;154;366;160;200;330;56;331;251;72;289;340;385;296;356;55;92;336;139;261;252;79;383;411;377;185;191;268;408;250;212;319;169;16;45;224;425
Q97ZV2,47.5,56.90644073486328,Random,2,0.1,45,56.765899658203125,-0.14054107666015625,0.14054107666015625,122;48;68;262;217;22;71;213;139;274;80;63;184;69;355;402;400;141;215;161;255;152;105;154;58;405;279;403;433;238;191;4;65;334;96;83;44;371;33;234;276;219;177;289;125
Q97ZV2,47.5,56.90644073486328,Random,3,0.1,45,57.83208084106445,0.9256401062011719,0.9256401062011719,330;371;292;435;15;162;360;262;125;349;110;52;350;160;248;12;408;346;74;84;375;317;68;18;83;272;351;318;240;44;14;365;363;184;103;53;256;269;216;299;50;212;25;199;425
Q97ZV2,47.5,56.90644073486328,Random,4,0.1,45,56.87860870361328,-0.02783203125,0.02783203125,257;163;397;244;225;267;396;423;402;25;247;425;83;408;50;422;102;91;339;331;203;172;278;220;181;307;444;235;86;222;65;170;13;143;6;268;99;44;373;4;401;387;196;84;407
A7J1X4,85.0,80.36483001708984,Top important,0,0.1,35,81.85285949707031,1.4880294799804688,1.4880294799804688,131;230;299;318;282;17;64;256;120;291;99;269;200;52;251;344;244;168;295;109;311;241;49;143;7;243;149;51;258;8;214;11;334;278;86
A7J1X4,85.0,80.36483001708984,Low important,0,0.1,35,80.36483001708984,0.0,0.0,60;31;96;102;176;28;268;228;266;208;262;23;328;236;239;124;155;320;229;198;323;281;115;116;58;202;235;259;174;342;12;180;136;61;313
A7J1X4,85.0,80.36483001708984,Random,0,0.1,35,83.36076354980469,2.9959335327148438,2.9959335327148438,310;162;300;19;331;334;265;118;107;131;39;214;147;149;228;229;42;95;225;268;291;92;255;34;251;287;4;211;336;284;267;12;127;30;25
A7J1X4,85.0,80.36483001708984,Random,1,0.1,35,80.28156280517578,-0.0832672119140625,0.0832672119140625,81;33;16;162;2;62;346;172;39;186;272;42;269;258;85;109;48;285;250;273;17;249;117;212;343;277;104;242;287;267;88;121;323;138;340
A7J1X4,85.0,80.36483001708984,Random,2,0.1,35,80.36959838867188,0.00476837158203125,0.00476837158203125,242;101;303;134;62;116;344;229;325;49;23;43;153;36;177;50;58;100;161;98;260;323;194;129;195;189;126;279;307;75;113;158;199;327;90
A7J1X4,85.0,80.36483001708984,Random,3,0.1,35,79.06893920898438,-1.2958908081054688,1.2958908081054688,284;78;8;82;330;64;29;262;187;250;108;94;45;77;21;156;172;63;236;325;251;267;230;232;306;151;150;28;205;59;143;336;38;289;140
A7J1X4,85.0,80.36483001708984,Random,4,0.1,35,81.745849609375,1.3810195922851562,1.3810195922851562,164;330;62;294;100;179;2;55;64;105;88;52;68;232;218;108;258;243;49;148;126;29;230;348;38;146;226;269;327;150;10;32;1;131;171
A2QR21,37.0,49.91139602661133,Top important,0,0.1,53,53.77584457397461,3.8644485473632812,3.8644485473632812,344;518;45;248;439;142;463;316;137;94;220;55;44;504;112;332;454;119;264;76;235;134;427;487;87;100;419;512;490;429;503;474;491;171;195;56;240;448;335;117;372;309;435;254;311;374;394;515;340;392;263;188;49
A2QR21,37.0,49.91139602661133,Low important,0,0.1,53,49.91139602661133,0.0,0.0,444;53;417;399;457;1;323;88;376;133;2;152;355;172;214;397;230;22;170;461;265;198;165;42;141;333;180;348;269;99;484;9;468;485;209;379;146;91;382;465;65;174;320;270;84;35;359;234;182;81;128;191;205
A2QR21,37.0,49.91139602661133,Random,0,0.1,53,49.89767837524414,-0.0137176513671875,0.0137176513671875,87;252;278;377;137;413;457;255;14;210;404;244;33;455;256;459;235;427;355;374;215;91;139;45;76;92;149;203;349;515;228;338;516;29;77;150;337;83;519;185;227;128;59;317;143;144;36;487;90;444;289;406;441
A2QR21,37.0,49.91139602661133,Random,1,0.1,53,49.91139602661133,0.0,0.0,501;177;60;525;242;393;18;244;269;148;433;415;74;176;115;495;168;93;369;359;98;189;410;492;208;286;521;195;387;480;259;340;502;236;300;434;14;246;31;458;406;63;273;421;279;158;230;383;308;191;347;185;116
A2QR21,37.0,49.91139602661133,Random,2,0.1,53,49.910911560058594,-0.000484466552734375,0.000484466552734375,326;148;239;91;426;303;341;271;291;371;465;27;108;406;256;376;458;294;60;137;399;315;123;28;442;360;476;444;308;351;193;340;56;496;514;226;240;436;46;8;81;419;311;319;325;283;244;41;159;196;421;134;414
A2QR21,37.0,49.91139602661133,Random,3,0.1,53,49.911231994628906,-0.000164031982421875,0.000164031982421875,57;71;203;474;127;439;306;36;414;452;54;398;129;143;154;376;287;126;335;446;460;373;349;165;377;372;434;500;517;440;4;257;51;24;32;12;374;16;503;473;188;76;403;504;63;426;382;55;313;501;122;42;226
A2QR21,37.0,49.91139602661133,Random,4,0.1,53,49.91139602661133,0.0,0.0,272;428;86;440;2;159;103;170;128;482;99;461;477;387;207;155;20;181;471;354;466;328;111;242;34;93;331;327;441;474;362;445;417;116;444;188;526;299;480;458;223;372;312;357;106;8;32;488;284;446;127;90;9
Q979W2,62.5,55.35264205932617,Top important,0,0.1,37,59.847320556640625,4.494678497314453,4.494678497314453,311;123;68;331;326;186;84;118;219;177;355;288;260;278;41;105;359;346;98;302;187;336;17;318;34;15;300;40;148;196;126;29;46;109;32;13;327
Q979W2,62.5,55.35264205932617,Low important,0,0.1,37,55.35264205932617,0.0,0.0,121;338;229;195;212;143;10;145;76;272;35;33;200;102;92;319;254;332;306;267;153;249;215;198;228;135;190;356;79;89;90;43;201;110;266;93;258
Q979W2,62.5,55.35264205932617,Random,0,0.1,37,55.357425689697266,0.00478363037109375,0.00478363037109375,263;253;77;149;228;196;327;258;72;237;14;7;360;20;183;236;100;229;66;1;91;37;226;8;109;70;21;314;89;235;325;92;98;295;288;171;173
Q979W2,62.5,55.35264205932617,Random,1,0.1,37,55.44865036010742,0.09600830078125,0.09600830078125,226;198;144;204;353;200;348;329;219;155;277;141;45;13;331;106;341;10;231;160;126;38;98;90;33;29;44;142;191;146;137;1;30;195;265;113;78
Q979W2,62.5,55.35264205932617,Random,2,0.1,37,55.357967376708984,0.0053253173828125,0.0053253173828125,181;74;353;105;299;7;316;46;288;187;147;190;6;268;106;83;223;322;82;248;310;309;304;151;85;227;63;341;100;1;270;221;348;108;347;205;234
Q979W2,62.5,55.35264205932617,Random,3,0.1,37,52.74304962158203,-2.6095924377441406,2.6095924377441406,254;217;228;194;148;358;43;175;98;116;58;87;153;237;146;167;251;324;128;74;154;100;97;337;311;119;279;240;136;304;104;347;149;302;223;181;226
Q979W2,62.5,55.35264205932617,Random,4,0.1,37,55.60932540893555,0.256683349609375,0.256683349609375,109;85;68;50;98;359;73;41;105;270;235;333;208;334;161;232;53;75;253;330;76;84;195;19;47;17;201;319;175;38;247;43;256;340;29;6;185
E9BLE1,37.0,27.475011825561523,Top important,0,0.1,55,36.037010192871094,8.56199836730957,8.56199836730957,502;371;313;421;482;331;385;339;395;453;15;20;93;515;427;472;36;337;236;550;379;30;65;164;42;157;120;183;29;149;359;44;317;88;283;13;54;430;43;199;142;314;308;397;297;400;177;213;161;470;522;214;454;133;60
E9BLE1,37.0,27.475011825561523,Low important,0,0.1,55,27.475011825561523,0.0,0.0,535;51;112;312;419;381;293;441;526;307;481;47;140;68;528;148;311;265;447;235;111;505;444;285;239;543;537;240;281;451;468;96;504;290;508;289;2;347;268;282;234;324;411;466;288;201;76;123;134;474;244;465;439;139;109
E9BLE1,37.0,27.475011825561523,Random,0,0.1,55,27.474903106689453,-0.0001087188720703125,0.0001087188720703125,491;431;336;78;187;486;399;112;38;386;523;250;384;190;130;198;105;174;58;81;213;332;179;355;142;161;425;164;324;30;510;370;537;299;241;435;457;23;434;325;470;156;449;237;8;171;44;71;398;412;516;55;182;488;473
E9BLE1,37.0,27.475011825561523,Random,1,0.1,55,27.243379592895508,-0.23163223266601562,0.23163223266601562,27;226;296;384;447;116;249;98;281;12;353;334;153;46;174;333;313;455;196;106;532;202;190;264;410;128;473;136;71;193;9;112;158;81;351;74;330;43;288;24;289;269;162;28;204;137;145;48;344;470;305;413;513;541;405
E9BLE1,37.0,27.475011825561523,Random,2,0.1,55,27.242013931274414,-0.23299789428710938,0.23299789428710938,230;510;20;400;539;345;362;535;546;244;409;438;68;517;494;81;313;499;354;221;9;24;473;5;10;214;491;146;357;266;281;219;188;55;324;263;94;302;380;196;2;1;476;250;161;343;40;472;103;531;163;232;432;393;286
E9BLE1,37.0,27.475011825561523,Random,3,0.1,55,30.45847511291504,2.9834632873535156,2.9834632873535156,4;398;150;395;396;105;481;258;174;418;20;358;193;259;27;320;286;469;153;55;296;385;492;444;170;369;204;456;257;530;179;3;132;537;284;98;473;53;502;548;278;390;84;363;7;57;66;338;207;482;127;87;467;496;430
E9BLE1,37.0,27.475011825561523,Random,4,0.1,55,27.474885940551758,-0.000125885009765625,0.000125885009765625,145;17;269;4;293;228;29;438;23;44;62;3;300;19;363;42;342;37;428;111;376;266;439;190;132;203;63;381;185;290;426;125;51;114;354;268;479;549;176;164;442;116;344;407;327;13;256;373;16;524;523;188;455;187;437
Q6L2X5,70.0,74.74385070800781,Top important,0,0.1,80,78.3243179321289,3.5804672241210938,3.5804672241210938,160;539;611;505;577;741;665;303;640;145;728;156;123;299;459;5;219;241;242;104;173;140;286;149;639;189;474;223;230;581;478;754;697;371;187;87;616;617;798;305;781;481;531;417;28;660;691;407;686;206;429;739;466;632;70;413;345;448;572;94;724;463;126;488;375;254;472;226;127;621;148;183;431;340;435;57;295;393;513;751
Q6L2X5,70.0,74.74385070800781,Low important,0,0.1,80,74.74385070800781,0.0,0.0,648;725;573;477;163;380;696;33;77;85;615;105;388;608;95;419;228;224;712;787;464;46;154;600;554;775;516;650;250;705;508;549;412;372;282;327;192;239;174;395;177;107;476;181;473;773;27;147;747;716;707;382;199;684;346;180;434;797;248;551;69;672;522;730;384;418;356;769;726;564;406;191;132;374;276;318;255;352;316;588
Q6L2X5,70.0,74.74385070800781,Random,0,0.1,80,75.29100799560547,0.5471572875976562,0.5471572875976562,324;230;459;325;681;62;424;22;218;657;64;42;366;461;670;200;646;705;400;430;104;511;530;295;747;669;211;73;775;251;575;45;23;303;597;723;212;676;454;373;684;278;748;199;401;422;37;749;222;364;74;595;521;547;41;728;280;18;93;423;713;539;127;717;305;697;121;565;48;207;483;14;426;4;363;214;129;1;614;533
Q6L2X5,70.0,74.74385070800781,Random,1,0.1,80,74.70825958251953,-0.03559112548828125,0.03559112548828125,624;744;582;459;617;430;463;529;371;704;426;234;46;282;665;162;247;425;674;432;686;120;549;692;385;301;356;719;336;630;319;82;291;287;468;524;161;257;780;507;610;467;499;171;108;93;284;536;623;517;616;17;201;358;369;581;302;448;739;114;606;401;264;677;776;297;734;141;670;658;764;270;481;361;312;406;576;306;423;621
Q6L2X5,70.0,74.74385070800781,Random,2,0.1,80,74.0235366821289,-0.7203140258789062,0.7203140258789062,490;206;485;472;71;776;41;634;181;764;788;158;520;505;146;794;584;782;601;648;270;438;39;94;656;210;292;444;635;133;377;790;407;710;423;416;122;145;72;189;236;214;379;341;784;197;428;16;551;774;399;83;713;502;582;621;732;457;21;244;142;731;175;410;398;180;125;567;393;574;260;689;163;12;204;580;120;36;233;748
Q6L2X5,70.0,74.74385070800781,Random,3,0.1,80,75.04502868652344,0.301177978515625,0.301177978515625,376;407;107;672;133;415;506;180;47;396;48;152;5;560;588;448;457;400;487;455;601;518;697;459;324;353;755;729;60;798;8;241;612;195;734;644;316;793;639;661;190;374;450;458;355;686;331;9;26;320;18;692;474;554;225;483;13;766;615;160;58;366;224;302;738;6;62;315;214;574;169;669;618;357;675;262;703;654;55;559
Q6L2X5,70.0,74.74385070800781,Random,4,0.1,80,74.79855346679688,0.0547027587890625,0.0547027587890625,395;261;420;678;511;662;19;27;312;456;746;469;646;418;72;365;178;567;788;611;322;158;796;244;534;135;759;389;642;230;288;311;412;296;257;309;416;629;607;41;318;559;134;530;45;271;350;697;165;789;63;22;383;608;195;645;464;424;325;184;581;333;108;14;103;194;484;37;606;496;441;628;624;86;109;753;74;243;633;219
K4L7X3,30.0,32.45781326293945,Top important,0,0.1,41,41.48089599609375,9.023082733154297,9.023082733154297,209;221;99;156;365;98;124;103;189;258;317;157;152;118;86;82;184;150;6;107;310;309;73;133;158;33;191;161;212;95;180;122;61;302;264;141;145;227;203;399;151
K4L7X3,30.0,32.45781326293945,Low important,0,0.1,41,32.45781326293945,0.0,0.0,276;334;74;243;376;207;187;226;75;311;44;125;119;132;356;120;253;329;298;315;364;210;353;80;307;123;154;126;225;279;37;4;260;342;380;358;79;155;23;289;326
K4L7X3,30.0,32.45781326293945,Random,0,0.1,41,31.994722366333008,-0.4630908966064453,0.4630908966064453,53;155;231;294;352;389;221;306;305;332;187;170;380;232;35;386;83;157;358;271;143;234;79;69;247;126;218;245;145;24;287;124;313;379;78;96;5;384;161;201;322
K4L7X3,30.0,32.45781326293945,Random,1,0.1,41,32.458595275878906,0.000782012939453125,0.000782012939453125,80;284;337;110;101;275;13;155;341;16;148;58;179;177;204;306;352;330;356;243;120;217;264;116;332;60;277;74;399;172;291;131;37;67;128;52;312;157;391;238;279
K4L7X3,30.0,32.45781326293945,Random,2,0.1,41,32.451786041259766,-0.0060272216796875,0.0060272216796875,118;353;15;85;105;160;127;1;185;113;371;228;14;155;95;172;108;58;164;362;148;56;34;350;143;8;268;218;39;223;32;246;215;284;25;57;93;316;158;35;107
K4L7X3,30.0,32.45781326293945,Random,3,0.1,41,33.522926330566406,1.0651130676269531,1.0651130676269531,42;308;325;75;268;287;62;74;57;364;320;213;181;129;274;388;172;113;168;248;123;307;175;138;92;258;398;139;209;374;226;271;327;230;381;203;40;210;250;214;142
K4L7X3,30.0,32.45781326293945,Random,4,0.1,41,32.20726013183594,-0.2505531311035156,0.2505531311035156,207;360;190;233;362;49;260;36;81;159;316;289;248;177;99;5;50;328;73;288;3;138;189;263;270;20;200;151;55;142;68;337;367;399;249;172;165;202;13;124;208
Q2PCE3,60.0,46.707794189453125,Top important,0,0.1,25,50.68626403808594,3.9784698486328125,3.9784698486328125,179;38;161;128;57;229;165;230;91;53;180;62;7;16;139;188;90;58;95;71;111;143;36;1;117
Q2PCE3,60.0,46.707794189453125,Low important,0,0.1,25,46.707794189453125,0.0,0.0,207;124;84;13;28;44;56;87;244;8;122;217;192;101;96;145;68;163;137;205;164;48;167;202;17
Q2PCE3,60.0,46.707794189453125,Random,0,0.1,25,46.70842742919922,0.00063323974609375,0.00063323974609375,240;120;129;106;222;51;47;217;200;236;69;12;170;19;171;111;116;213;139;59;185;208;166;193;35
Q2PCE3,60.0,46.707794189453125,Random,1,0.1,25,46.707313537597656,-0.00048065185546875,0.00048065185546875,17;34;58;120;97;68;41;190;72;187;14;48;232;37;81;20;148;64;134;139;239;206;156;218;80
Q2PCE3,60.0,46.707794189453125,Random,2,0.1,25,46.565738677978516,-0.14205551147460938,0.14205551147460938,238;67;46;79;211;112;98;13;78;118;224;136;229;60;61;85;148;245;234;233;5;144;125;102;6
Q2PCE3,60.0,46.707794189453125,Random,3,0.1,25,46.669944763183594,-0.03784942626953125,0.03784942626953125,93;203;234;25;91;33;160;71;67;11;136;108;78;121;20;15;109;41;146;201;82;168;164;232;244
Q2PCE3,60.0,46.707794189453125,Random,4,0.1,25,46.706764221191406,-0.00102996826171875,0.00102996826171875,126;160;17;112;203;105;31;115;233;170;139;214;7;220;13;212;89;238;56;96;22;61;20;152;222
B4X9S4,55.0,57.112369537353516,Top important,0,0.1,45,58.27201461791992,1.1596450805664062,1.1596450805664062,341;374;117;211;296;137;432;140;406;91;427;36;194;250;393;160;387;235;153;146;361;52;420;223;45;440;177;168;333;365;310;80;129;135;269;238;441;274;418;424;96;182;58;281;326
B4X9S4,55.0,57.112369537353516,Low important,0,0.1,45,57.112369537353516,0.0,0.0,87;408;94;151;248;329;404;50;17;306;340;439;166;380;79;40;433;355;236;156;143;339;292;67;119;345;83;386;127;256;48;257;356;43;131;13;20;60;76;437;201;152;115;120;113
B4X9S4,55.0,57.112369537353516,Random,0,0.1,45,56.56147766113281,-0.5508918762207031,0.5508918762207031,413;121;208;429;130;77;56;99;128;68;249;126;233;102;279;314;339;387;395;259;64;251;13;432;301;438;210;299;25;2;294;131;316;257;45;373;132;385;341;231;136;118;317;161;423
B4X9S4,55.0,57.112369537353516,Random,1,0.1,45,57.11302185058594,0.000652313232421875,0.000652313232421875,168;111;195;381;417;220;191;293;63;274;307;22;145;414;236;213;150;401;327;346;154;337;404;348;353;197;279;49;284;176;85;39;294;110;384;202;402;169;193;429;116;67;52;201;435
B4X9S4,55.0,57.112369537353516,Random,2,0.1,45,57.18077087402344,0.06840133666992188,0.06840133666992188,390;185;173;148;376;260;97;178;305;163;135;189;232;83;4;142;155;397;194;124;179;42;62;302;383;21;94;181;184;296;385;373;121;100;311;290;258;342;143;139;362;339;106;88;235
B4X9S4,55.0,57.112369537353516,Random,3,0.1,45,57.34538269042969,0.23301315307617188,0.23301315307617188,321;65;20;139;180;73;266;13;169;19;164;388;409;77;440;298;398;160;41;182;391;68;100;87;25;414;59;286;368;211;423;198;168;196;207;64;37;214;110;76;407;8;284;282;412
B4X9S4,55.0,57.112369537353516,Random,4,0.1,45,57.113014221191406,0.000644683837890625,0.000644683837890625,351;349;408;238;423;92;346;298;24;47;399;127;255;62;77;300;289;15;104;61;400;297;103;119;64;305;224;248;52;177;397;5;258;303;245;6;229;186;332;196;39;8;172;79;93
Q8NMD5,45.0,39.68755340576172,Top important,0,0.1,44,43.564239501953125,3.8766860961914062,3.8766860961914062,113;136;146;66;7;253;371;254;166;417;394;431;176;397;376;328;162;290;354;318;132;375;194;258;416;109;344;236;325;233;363;31;358;55;350;74;284;379;191;244;89;147;201;411
Q8NMD5,45.0,39.68755340576172,Low important,0,0.1,44,39.68755340576172,0.0,0.0,122;164;47;14;148;396;86;421;29;297;77;321;256;160;183;32;106;377;12;393;50;422;365;158;26;186;330;82;405;91;144;226;145;243;30;286;331;408;43;225;156;161;18;293
Q8NMD5,45.0,39.68755340576172,Random,0,0.1,44,39.99310302734375,0.30554962158203125,0.30554962158203125,246;119;189;194;138;3;374;103;64;385;52;108;367;127;229;170;20;72;91;136;177;417;79;234;9;260;393;15;358;408;415;383;142;426;24;193;37;76;401;292;274;428;284;281
Q8NMD5,45.0,39.68755340576172,Random,1,0.1,44,39.68778991699219,0.00023651123046875,0.00023651123046875,5;241;175;11;214;351;191;87;355;368;286;347;20;9;121;410;303;252;364;63;348;336;59;94;96;204;376;401;153;390;174;78;29;171;137;147;324;377;281;109;201;251;192;404
Q8NMD5,45.0,39.68755340576172,Random,2,0.1,44,39.71199417114258,0.024440765380859375,0.024440765380859375,335;320;83;145;246;399;371;139;227;236;229;299;103;363;260;72;202;334;396;426;239;251;94;368;34;71;62;391;36;112;129;23;93;394;231;108;313;284;97;96;406;385;21;319
Q8NMD5,45.0,39.68755340576172,Random,3,0.1,44,39.768096923828125,0.08054351806640625,0.08054351806640625,245;347;423;342;32;65;204;382;309;277;345;302;47;183;188;270;24;391;393;74;296;394;66;170;422;134;352;69;206;68;50;286;22;177;406;261;25;160;88;139;269;316;283;305
Q8NMD5,45.0,39.68755340576172,Random,4,0.1,44,39.707420349121094,0.019866943359375,0.019866943359375,167;252;7;315;392;348;266;175;181;238;210;122;1;196;20;207;333;103;317;396;350;394;138;145;156;265;54;42;184;287;345;285;421;377;24;95;308;358;376;93;190;369;227;215
A8PYK0,37.0,34.330482482910156,Top important,0,0.1,72,33.431480407714844,-0.8990020751953125,0.8990020751953125,5;646;268;405;460;293;73;348;684;288;510;182;329;579;667;228;167;212;382;76;620;17;116;248;517;592;321;439;140;649;144;552;688;582;494;159;174;657;400;220;388;25;36;608;668;85;185;53;530;148;254;700;501;415;637;130;251;685;118;51;215;493;214;697;478;229;68;514;462;13;422;587
A8PYK0,37.0,34.330482482910156,Low important,0,0.1,72,34.330482482910156,0.0,0.0,112;438;342;301;593;225;384;155;426;365;111;456;285;532;71;373;150;437;333;563;93;434;87;537;74;302;497;417;72;305;88;706;476;351;306;100;61;124;441;95;680;673;606;630;549;135;107;127;367;138;450;264;120;165;286;472;570;56;227;113;311;337;304;428;448;553;562;559;261;343;125;550
A8PYK0,37.0,34.330482482910156,Random,0,0.1,72,34.32953643798828,-0.000946044921875,0.000946044921875,340;69;33;83;674;640;435;713;345;325;342;447;351;587;65;216;229;484;586;711;113;511;534;412;441;638;277;150;200;394;550;556;24;597;355;632;41;599;141;408;528;506;338;245;395;75;35;169;266;666;672;524;79;52;235;596;164;88;554;186;583;373;415;154;354;466;199;311;614;517;130;318
A8PYK0,37.0,34.330482482910156,Random,1,0.1,72,34.29307174682617,-0.037410736083984375,0.037410736083984375,9;478;372;602;426;632;266;395;363;222;299;43;351;338;412;441;489;403;599;680;569;633;479;85;156;366;452;703;688;319;676;542;624;585;697;556;554;31;417;442;579;695;422;121;110;690;344;308;570;127;503;619;188;517;462;231;234;356;126;433;318;130;560;14;25;235;251;689;296;634;224;314
A8PYK0,37.0,34.330482482910156,Random,2,0.1,72,34.36638259887695,0.035900115966796875,0.035900115966796875,456;183;537;677;140;381;479;275;620;508;487;603;704;166;312;399;54;474;21;480;427;356;319;531;524;658;420;628;247;645;457;581;76;594;612;641;113;471;571;98;269;438;375;242;682;596;437;56;141;477;467;504;207;252;455;193;73;345;640;512;64;598;633;510;442;251;444;256;412;167;84;394
A8PYK0,37.0,34.330482482910156,Random,3,0.1,72,34.2618293762207,-0.06865310668945312,0.06865310668945312,236;557;30;247;159;364;108;401;622;122;597;377;310;568;511;630;7;470;399;479;96;116;464;516;398;493;706;9;153;663;455;167;507;509;152;416;709;137;536;291;640;405;341;215;692;117;94;233;210;569;141;293;478;276;232;242;221;143;502;486;472;48;678;357;336;356;611;598;412;234;332;335
A8PYK0,37.0,34.330482482910156,Random,4,0.1,72,34.32109069824219,-0.00939178466796875,0.00939178466796875,464;442;308;31;353;712;616;339;696;368;492;669;592;391;413;711;64;350;457;651;541;434;605;597;253;286;555;522;422;133;573;566;491;454;529;397;34;194;293;487;692;328;183;98;14;385;224;104;671;578;657;438;535;652;159;395;640;714;557;374;3;580;230;681;466;281;354;633;581;179;244;284
Q980N1,85.0,60.66777038574219,Top important,0,0.1,26,62.398189544677734,1.7304191589355469,1.7304191589355469,253;153;20;133;238;4;11;119;62;25;129;94;247;85;211;128;212;202;65;118;34;49;163;13;77;145
Q980N1,85.0,60.66777038574219,Low important,0,0.1,26,60.66777038574219,0.0,0.0,141;177;201;167;109;72;116;241;220;197;83;157;184;76;101;79;19;248;138;90;210;135;32;192;33;87
Q980N1,85.0,60.66777038574219,Random,0,0.1,26,60.67274856567383,0.004978179931640625,0.004978179931640625,127;13;111;242;21;235;230;27;144;29;92;154;60;194;94;143;217;245;204;3;228;161;176;229;250;198
Q980N1,85.0,60.66777038574219,Random,1,0.1,26,60.47571563720703,-0.19205474853515625,0.19205474853515625,19;196;75;88;211;203;223;13;210;92;27;191;221;100;153;227;205;212;174;155;141;175;145;61;70;226
Q980N1,85.0,60.66777038574219,Random,2,0.1,26,60.651512145996094,-0.01625823974609375,0.01625823974609375,112;254;188;194;109;53;218;30;210;116;25;142;102;174;96;98;104;177;93;103;58;179;50;54;182;45
Q980N1,85.0,60.66777038574219,Random,3,0.1,26,60.662986755371094,-0.00478363037109375,0.00478363037109375,228;169;244;33;147;101;219;84;48;138;88;121;116;170;189;194;47;222;212;66;247;150;15;98;217;172
Q980N1,85.0,60.66777038574219,Random,4,0.1,26,60.46823501586914,-0.19953536987304688,0.19953536987304688,22;43;140;105;152;37;254;238;173;221;176;192;30;121;138;123;153;160;207;109;225;171;85;200;51;5
A0A0U2RV57,55.0,59.1911506652832,Top important,0,0.1,29,63.21561050415039,4.0244598388671875,4.0244598388671875,27;19;126;157;236;76;234;213;56;152;251;167;198;166;119;48;81;171;29;44;146;11;275;170;186;189;23;179;95
A0A0U2RV57,55.0,59.1911506652832,Low important,0,0.1,29,59.1911506652832,0.0,0.0,68;215;124;12;33;250;253;206;94;85;159;154;42;227;214;75;104;117;102;20;2;248;87;220;93;118;133;158;149
A0A0U2RV57,55.0,59.1911506652832,Random,0,0.1,29,59.1909294128418,-0.00022125244140625,0.00022125244140625,113;16;169;41;128;247;143;242;30;22;152;166;42;173;3;96;204;240;243;230;62;148;54;53;155;187;276;15;79
A0A0U2RV57,55.0,59.1911506652832,Random,1,0.1,29,59.175350189208984,-0.01580047607421875,0.01580047607421875,165;32;104;126;237;271;175;172;139;117;197;86;157;17;131;210;47;33;224;36;89;29;234;129;67;154;266;216;72
A0A0U2RV57,55.0,59.1911506652832,Random,2,0.1,29,59.19096374511719,-0.000186920166015625,0.000186920166015625,198;275;18;241;154;28;284;2;86;148;56;104;70;173;188;23;257;191;93;232;245;285;83;31;259;254;208;171;280
A0A0U2RV57,55.0,59.1911506652832,Random,3,0.1,29,59.179866790771484,-0.01128387451171875,0.01128387451171875,169;71;157;54;204;52;75;242;230;124;28;17;64;237;101;229;116;39;36;205;87;185;183;203;164;150;224;184;8
A0A0U2RV57,55.0,59.1911506652832,Random,4,0.1,29,59.18721389770508,-0.003936767578125,0.003936767578125,180;127;42;109;52;266;141;173;106;237;182;149;218;203;73;116;100;171;65;227;17;150;48;120;64;137;54;126;4
O59025,90.0,64.46601104736328,Top important,0,0.1,72,64.24181365966797,-0.2241973876953125,0.2241973876953125,398;9;13;598;576;22;687;34;615;516;601;159;322;131;173;133;387;584;268;633;650;286;665;452;533;56;683;488;164;354;66;540;137;37;696;669;499;674;180;250;274;295;318;677;122;393;679;50;637;235;466;609;306;267;634;507;551;693;217;378;68;258;363;29;445;84;186;360;464;475;148;532
O59025,90.0,64.46601104736328,Low important,0,0.1,72,64.46601104736328,0.0,0.0,374;44;185;177;647;230;385;396;327;153;583;689;380;58;688;162;391;365;389;241;479;641;244;592;154;129;197;438;681;136;200;25;427;32;501;73;713;146;408;349;198;28;536;511;7;216;483;522;55;325;117;100;577;333;284;563;521;490;24;491;600;413;178;597;60;75;143;121;48;364;326;135
O59025,90.0,64.46601104736328,Random,0,0.1,72,64.45984649658203,-0.00616455078125,0.00616455078125,569;632;113;391;142;389;630;605;571;315;578;446;622;538;162;710;242;234;215;276;703;402;475;649;281;388;357;585;116;321;379;55;136;133;503;278;437;96;400;272;619;161;201;107;663;235;100;250;320;378;661;220;351;662;309;519;310;138;75;366;487;532;656;419;139;482;143;572;675;229;232;429
O59025,90.0,64.46601104736328,Random,1,0.1,72,64.46540069580078,-0.0006103515625,0.0006103515625,64;214;408;378;40;78;466;204;642;374;217;169;498;10;500;223;309;707;627;545;48;1;381;249;596;178;383;328;296;440;148;282;28;208;632;662;479;393;352;313;88;68;626;654;549;505;23;119;187;550;325;43;468;567;473;709;607;345;702;445;625;464;186;37;441;137;236;477;250;542;122;110
O59025,90.0,64.46601104736328,Random,2,0.1,72,64.46366882324219,-0.00234222412109375,0.00234222412109375,700;303;146;525;68;630;560;112;434;399;163;618;638;43;101;611;517;100;473;273;61;606;414;97;389;162;569;426;229;74;404;239;393;121;156;488;478;654;81;119;577;91;73;11;158;425;439;265;605;603;701;445;105;89;596;166;221;387;133;95;56;318;643;204;77;655;627;184;484;363;406;686
O59025,90.0,64.46601104736328,Random,3,0.1,72,64.7752914428711,0.3092803955078125,0.3092803955078125,696;492;31;659;424;86;507;18;359;239;559;207;186;238;566;377;679;85;48;110;711;49;80;170;354;73;451;209;655;661;41;543;176;153;16;634;692;398;2;329;459;684;609;57;385;307;590;627;196;76;242;571;130;322;182;194;243;317;521;92;613;423;246;519;671;9;111;318;308;127;72;199
O59025,90.0,64.46601104736328,Random,4,0.1,72,64.71269226074219,0.24668121337890625,0.24668121337890625,575;394;278;234;325;699;627;473;572;443;453;505;546;544;391;594;105;260;250;302;143;579;685;67;239;446;620;559;576;188;695;485;27;652;467;590;412;334;23;553;615;536;274;106;327;490;415;298;543;712;398;45;20;172;483;231;564;305;501;570;698;254;116;360;178;355;616;703;359;347;598;53
Q92WA3,37.0,37.826133728027344,Top important,0,0.1,33,42.69799041748047,4.871856689453125,4.871856689453125,262;269;74;61;132;205;272;25;183;311;324;210;188;227;246;178;62;55;141;82;38;257;268;147;145;17;191;7;220;29;295;274;112
Q92WA3,37.0,37.826133728027344,Low important,0,0.1,33,37.826133728027344,0.0,0.0,238;215;251;308;228;32;130;149;134;34;86;289;224;320;2;72;168;63;77;231;169;114;76;139;121;172;118;175;159;85;154;117;120
Q92WA3,37.0,37.826133728027344,Random,0,0.1,33,37.8222541809082,-0.003879547119140625,0.003879547119140625,232;30;42;45;79;41;282;308;131;25;106;302;144;69;84;229;201;322;27;247;2;260;23;98;87;20;303;263;215;289;309;135;216
Q92WA3,37.0,37.826133728027344,Random,1,0.1,33,37.827049255371094,0.00091552734375,0.00091552734375,84;51;19;265;7;192;85;133;3;230;249;143;211;261;53;94;168;97;75;122;229;43;63;268;323;72;66;183;4;227;70;130;59
Q92WA3,37.0,37.826133728027344,Random,2,0.1,33,37.82537841796875,-0.00075531005859375,0.00075531005859375,151;130;199;16;10;300;82;158;286;277;5;207;85;227;3;157;247;65;138;48;161;284;113;117;234;11;109;17;131;128;188;301;268
Q92WA3,37.0,37.826133728027344,Random,3,0.1,33,37.826759338378906,0.0006256103515625,0.0006256103515625,84;133;193;74;5;199;166;326;164;206;247;168;221;194;240;46;300;85;9;118;235;151;239;323;306;62;127;4;245;96;112;238;233
Q92WA3,37.0,37.826133728027344,Random,4,0.1,33,37.82117462158203,-0.0049591064453125,0.0049591064453125,89;196;153;299;81;284;60;237;41;12;245;250;192;93;236;95;266;80;132;97;78;210;187;113;59;24;313;326;204;124;102;28;200
O93656,37.0,57.84141540527344,Top important,0,0.1,32,60.88791275024414,3.046497344970703,3.046497344970703,147;154;34;25;53;128;174;88;207;177;38;190;150;310;187;74;113;301;198;311;30;237;277;143;193;70;46;276;239;312;83;235
O93656,37.0,57.84141540527344,Low important,0,0.1,32,57.84141540527344,0.0,0.0,140;258;192;265;65;273;23;229;123;225;288;162;294;184;287;185;279;91;291;51;296;126;66;125;101;68;284;138;232;272;267;233
O93656,37.0,57.84141540527344,Random,0,0.1,32,57.829803466796875,-0.0116119384765625,0.0116119384765625,142;115;202;250;261;17;9;269;305;198;128;243;124;300;162;69;12;79;98;217;64;132;76;121;21;317;11;272;199;58;86;274
O93656,37.0,57.84141540527344,Random,1,0.1,32,57.82956314086914,-0.011852264404296875,0.011852264404296875,2;5;23;128;221;52;193;213;115;63;130;179;118;298;191;210;219;183;252;190;314;16;95;173;253;287;274;310;205;263;108;293
O93656,37.0,57.84141540527344,Random,2,0.1,32,58.468746185302734,0.6273307800292969,0.6273307800292969,214;154;168;228;316;305;279;1;75;43;194;206;177;178;107;140;293;176;238;234;124;317;60;159;237;113;283;120;171;158;67;270
O93656,37.0,57.84141540527344,Random,3,0.1,32,57.841400146484375,-1.52587890625e-05,1.52587890625e-05,66;258;78;270;96;59;61;77;221;251;301;101;63;119;164;243;183;265;143;180;202;146;246;97;171;120;76;89;229;104;275;95
O93656,37.0,57.84141540527344,Random,4,0.1,32,57.80058288574219,-0.04083251953125,0.04083251953125,96;235;8;145;5;83;242;11;266;110;4;311;101;201;146;268;189;270;168;233;139;302;132;211;17;291;141;185;104;127;224;53
Q8E5N5,25.0,37.06367111206055,Top important,0,0.1,46,36.55564880371094,-0.5080223083496094,0.5080223083496094,51;421;121;414;126;18;383;184;65;215;161;297;89;354;388;96;241;379;327;341;399;291;136;149;113;329;183;85;406;98;343;324;231;148;55;118;278;25;427;426;40;260;152;214;79;308
Q8E5N5,25.0,37.06367111206055,Low important,0,0.1,46,37.06367111206055,0.0,0.0,48;108;348;77;163;437;32;91;90;9;72;38;119;310;450;246;53;289;377;6;42;409;290;201;193;81;249;252;418;385;404;175;313;177;115;54;412;78;116;397;219;39;429;436;309;288
Q8E5N5,25.0,37.06367111206055,Random,0,0.1,46,37.0634765625,-0.000194549560546875,0.000194549560546875,222;173;148;42;104;151;357;62;248;251;356;333;309;334;370;102;110;245;157;393;398;416;422;443;48;94;360;401;191;100;49;249;32;107;399;313;323;25;33;400;265;214;226;27;109;61
Q8E5N5,25.0,37.06367111206055,Random,1,0.1,46,37.06029510498047,-0.003376007080078125,0.003376007080078125,15;33;108;65;154;301;304;432;270;240;244;7;119;107;112;156;123;186;91;48;302;426;419;385;283;171;316;169;120;276;163;38;208;280;286;113;158;199;402;117;307;395;40;214;438;274
Q8E5N5,25.0,37.06367111206055,Random,2,0.1,46,37.058128356933594,-0.005542755126953125,0.005542755126953125,26;173;276;366;190;207;59;68;385;42;445;161;205;45;133;21;24;81;117;17;300;193;398;245;49;46;176;6;29;113;119;401;74;409;235;222;266;95;65;52;157;91;142;249;169;148
Q8E5N5,25.0,37.06367111206055,Random,3,0.1,46,37.06366729736328,-3.814697265625e-06,3.814697265625e-06,299;10;367;75;396;333;412;133;140;330;232;335;229;203;222;250;337;207;382;230;95;331;168;57;317;439;385;428;6;181;100;35;280;447;40;324;158;37;351;376;286;38;426;129;76;71
Q8E5N5,25.0,37.06367111206055,Random,4,0.1,46,33.99046325683594,-3.0732078552246094,3.0732078552246094,255;236;131;116;153;384;331;51;369;442;275;427;319;79;439;112;11;107;177;221;152;1;312;375;313;13;38;141;455;335;162;387;3;123;409;383;199;253;5;148;352;84;22;377;297;127
Q9AJC6,70.0,60.998741149902344,Top important,0,0.1,39,63.48518371582031,2.4864425659179688,2.4864425659179688,378;181;346;268;13;338;102;104;11;220;322;263;38;60;70;301;249;92;114;384;201;247;289;308;136;370;246;141;19;1;156;345;306;68;193;334;288;312;95
Q9AJC6,70.0,60.998741149902344,Low important,0,0.1,39,60.998741149902344,0.0,0.0,5;188;182;133;276;359;130;208;231;209;55;339;197;76;58;7;152;27;88;16;73;360;15;200;254;266;97;215;377;316;52;28;329;267;124;98;75;205;240
Q9AJC6,70.0,60.998741149902344,Random,0,0.1,39,60.97394943237305,-0.024791717529296875,0.024791717529296875,221;163;214;124;37;298;138;380;325;153;68;202;251;376;99;172;282;273;346;59;32;360;9;347;278;353;41;305;39;330;186;155;361;176;334;103;200;60;128
Q9AJC6,70.0,60.998741149902344,Random,1,0.1,39,60.999549865722656,0.0008087158203125,0.0008087158203125,350;331;197;303;269;118;256;52;343;72;119;359;134;218;71;318;66;125;302;101;204;132;114;375;24;103;239;47;22;138;323;315;35;54;68;183;185;230;146
Q9AJC6,70.0,60.998741149902344,Random,2,0.1,39,60.967655181884766,-0.031085968017578125,0.031085968017578125,257;362;9;264;16;70;42;6;180;74;368;215;19;358;66;118;64;26;128;347;184;222;323;175;277;171;181;205;204;333;32;371;270;339;361;186;232;79;119
Q9AJC6,70.0,60.998741149902344,Random,3,0.1,39,63.77683639526367,2.778095245361328,2.778095245361328,243;157;325;174;3;109;350;349;72;303;172;201;280;254;22;112;19;40;240;44;271;264;115;287;319;11;333;95;212;15;141;52;378;114;200;80;316;183;348
Q9AJC6,70.0,60.998741149902344,Random,4,0.1,39,60.99637222290039,-0.002368927001953125,0.002368927001953125,312;216;225;232;66;193;27;298;150;142;87;308;260;45;237;337;253;160;238;301;382;198;203;379;158;166;329;117;262;148;130;115;159;293;276;95;93;68;283
Q3BEM2,25.0,37.9671630859375,Top important,0,0.1,31,37.598045349121094,-0.36911773681640625,0.36911773681640625,74;159;281;131;266;60;176;101;67;284;104;127;46;236;304;94;141;4;66;292;18;183;149;11;53;244;19;286;90;252;100
Q3BEM2,25.0,37.9671630859375,Low important,0,0.1,31,37.9671630859375,0.0,0.0,86;65;120;52;140;33;42;10;299;169;215;70;114;62;48;95;97;2;272;9;26;223;99;21;274;203;111;6;297;192;162
Q3BEM2,25.0,37.9671630859375,Random,0,0.1,31,38.050941467285156,0.08377838134765625,0.08377838134765625,219;6;300;301;134;288;150;100;126;136;3;272;77;250;128;153;139;17;79;102;104;48;46;110;178;240;164;180;231;276;181
Q3BEM2,25.0,37.9671630859375,Random,1,0.1,31,37.96614074707031,-0.0010223388671875,0.0010223388671875,213;303;168;94;249;191;193;298;132;163;256;62;84;71;122;293;194;41;16;26;206;107;103;226;223;208;239;262;196;143;63
Q3BEM2,25.0,37.9671630859375,Random,2,0.1,31,38.08494186401367,0.11777877807617188,0.11777877807617188,190;173;103;229;141;62;264;166;175;120;254;257;295;170;94;200;285;118;135;101;15;33;137;290;194;174;116;248;303;50;186
Q3BEM2,25.0,37.9671630859375,Random,3,0.1,31,38.0047492980957,0.037586212158203125,0.037586212158203125,297;124;40;120;229;70;243;271;32;186;48;284;92;198;304;146;54;170;115;152;75;112;44;129;151;193;140;42;133;96;149
Q3BEM2,25.0,37.9671630859375,Random,4,0.1,31,38.737098693847656,0.7699356079101562,0.7699356079101562,163;182;83;10;210;103;2;191;214;144;272;27;68;146;245;303;268;87;112;293;234;56;176;174;244;264;137;130;255;74;263
Q2UIM2,45.0,51.69979476928711,Top important,0,0.1,51,52.920902252197266,1.2211074829101562,1.2211074829101562,374;300;203;299;294;191;354;455;93;221;344;141;100;179;423;72;303;492;460;234;376;365;348;152;438;359;108;220;202;266;248;257;3;61;345;38;453;472;261;44;375;228;17;207;120;171;194;370;97;225;394
Q2UIM2,45.0,51.69979476928711,Low important,0,0.1,51,51.69979476928711,0.0,0.0,264;255;60;169;347;499;101;301;361;421;319;291;378;267;350;184;427;113;104;479;445;270;195;63;205;333;265;193;190;399;317;459;73;500;209;494;422;443;358;13;148;174;343;298;474;409;281;465;416;320;89
Q2UIM2,45.0,51.69979476928711,Random,0,0.1,51,48.83436584472656,-2.865428924560547,2.865428924560547,121;60;139;502;216;110;38;111;218;422;276;249;456;477;269;7;76;312;226;299;317;119;219;25;274;120;257;151;6;215;372;316;363;142;183;277;230;81;115;332;506;452;193;463;203;58;497;256;447;95;486
Q2UIM2,45.0,51.69979476928711,Random,1,0.1,51,58.391353607177734,6.691558837890625,6.691558837890625,434;126;364;481;422;147;221;70;366;89;30;149;78;141;438;354;393;249;135;185;503;318;197;418;311;374;98;243;295;468;262;33;286;244;25;92;57;229;190;282;427;425;400;337;220;59;198;270;213;316;314
Q2UIM2,45.0,51.69979476928711,Random,2,0.1,51,51.58761215209961,-0.1121826171875,0.1121826171875,277;201;452;117;390;269;172;385;335;10;14;5;93;318;402;358;412;161;363;97;254;1;413;216;395;178;78;360;476;333;329;304;45;255;174;126;399;96;157;485;86;181;444;357;428;294;162;37;127;122;270
Q2UIM2,45.0,51.69979476928711,Random,3,0.1,51,51.67265701293945,-0.02713775634765625,0.02713775634765625,173;286;391;479;137;490;417;261;155;285;177;322;179;465;92;474;273;43;26;160;351;252;4;478;484;145;462;367;390;271;125;332;106;232;181;82;256;418;15;187;149;312;378;330;388;120;115;448;212;172;227
Q2UIM2,45.0,51.69979476928711,Random,4,0.1,51,51.62515640258789,-0.07463836669921875,0.07463836669921875,68;372;129;262;88;164;108;475;158;487;495;334;280;429;102;195;42;154;501;254;420;81;227;119;415;205;78;91;481;281;367;276;18;93;269;391;301;376;176;3;26;445;446;479;223;298;97;491;183;439;349
P45148,25.0,32.90268325805664,Top important,0,0.1,23,31.061059951782227,-1.841623306274414,1.841623306274414,117;105;41;201;221;177;198;127;91;32;170;204;217;20;210;5;145;51;95;96;12;124;148
P45148,25.0,32.90268325805664,Low important,0,0.1,23,32.90268325805664,0.0,0.0,142;219;65;62;46;50;70;30;47;183;188;77;44;108;154;29;39;83;84;93;8;66;151
P45148,25.0,32.90268325805664,Random,0,0.1,23,32.90049743652344,-0.002185821533203125,0.002185821533203125,228;205;138;157;1;137;175;130;181;97;51;54;40;187;170;134;111;161;229;48;50;15;114
P45148,25.0,32.90268325805664,Random,1,0.1,23,32.80229187011719,-0.10039138793945312,0.10039138793945312,228;58;196;156;32;61;119;63;220;88;140;76;167;216;4;195;28;166;147;91;198;187;174
P45148,25.0,32.90268325805664,Random,2,0.1,23,32.902687072753906,3.814697265625e-06,3.814697265625e-06,224;65;24;143;10;110;114;39;6;164;62;169;120;49;82;43;149;101;162;228;174;142;157
P45148,25.0,32.90268325805664,Random,3,0.1,23,32.67292022705078,-0.22976303100585938,0.22976303100585938,113;4;182;156;134;14;87;157;32;106;38;89;9;120;49;136;206;201;47;103;104;28;123
P45148,25.0,32.90268325805664,Random,4,0.1,23,32.90269470214844,1.1444091796875e-05,1.1444091796875e-05,174;166;188;59;202;4;12;1;13;152;42;60;199;224;222;163;167;49;95;111;114;66;218
Q5SJ01,60.0,69.853759765625,Top important,0,0.1,57,75.61003875732422,5.756278991699219,5.756278991699219,263;500;28;304;186;16;356;13;557;372;253;417;341;295;46;402;123;294;4;338;281;96;551;408;310;243;454;303;216;479;43;494;290;222;314;199;322;61;272;264;244;360;139;180;208;496;105;380;184;405;115;335;476;48;40;326;249
Q5SJ01,60.0,69.853759765625,Low important,0,0.1,57,69.853759765625,0.0,0.0,431;438;387;133;400;39;345;201;487;203;113;457;84;228;459;279;344;163;296;38;319;298;369;517;297;111;420;251;406;384;539;181;91;21;401;248;415;519;525;258;456;538;70;484;69;140;302;362;27;59;427;155;95;93;488;286;18
Q5SJ01,60.0,69.853759765625,Random,0,0.1,57,69.85455322265625,0.00079345703125,0.00079345703125,266;227;291;14;476;516;323;295;231;143;23;480;192;156;110;44;460;178;302;191;241;531;308;47;382;410;327;174;193;111;141;59;363;405;485;461;335;499;8;214;530;535;129;237;261;102;418;502;289;212;484;409;533;466;534;92;524
Q5SJ01,60.0,69.853759765625,Random,1,0.1,57,69.85165405273438,-0.002105712890625,0.002105712890625,272;151;434;226;257;497;164;402;429;81;120;447;488;246;523;440;467;145;539;112;186;21;123;178;311;392;132;273;549;314;5;201;525;347;170;343;437;36;303;545;334;196;453;503;106;394;80;308;403;441;45;20;15;376;420;331;129
Q5SJ01,60.0,69.853759765625,Random,2,0.1,57,69.86247253417969,0.0087127685546875,0.0087127685546875,14;448;93;373;356;466;22;237;96;182;170;189;464;318;381;370;209;78;261;135;235;232;242;427;421;274;526;220;484;352;443;23;133;338;559;43;83;143;151;90;139;119;465;409;229;392;28;503;238;105;268;380;152;227;130;153;481
Q5SJ01,60.0,69.853759765625,Random,3,0.1,57,69.85356140136719,-0.0001983642578125,0.0001983642578125,552;27;182;374;118;345;522;25;140;502;472;380;152;430;129;401;542;422;124;102;528;501;8;197;294;389;49;475;459;333;57;225;410;454;400;494;480;248;486;187;447;148;367;560;184;20;144;58;216;47;489;391;535;497;371;204;10
Q5SJ01,60.0,69.853759765625,Random,4,0.1,57,69.8537368774414,-2.288818359375e-05,2.288818359375e-05,410;375;93;460;555;236;208;435;49;246;549;138;358;261;541;54;430;403;545;486;292;12;221;177;307;228;371;6;74;178;385;151;360;295;421;206;202;112;32;372;306;345;22;283;4;404;31;166;90;102;432;235;513;88;427;487;161
A3MWU9,90.0,87.40327453613281,Top important,0,0.1,31,90.88444519042969,3.481170654296875,3.481170654296875,24;18;51;215;105;286;157;86;161;101;31;173;187;170;193;236;55;268;111;304;166;102;25;21;233;297;280;247;284;33;300
A3MWU9,90.0,87.40327453613281,Low important,0,0.1,31,87.40327453613281,0.0,0.0,107;278;72;240;15;143;61;80;73;16;261;35;29;206;178;99;266;2;49;162;246;295;281;177;146;75;59;109;113;116;121
A3MWU9,90.0,87.40327453613281,Random,0,0.1,31,87.11940002441406,-0.28387451171875,0.28387451171875,160;290;10;51;282;21;298;47;31;222;90;101;37;292;105;306;225;240;46;203;78;284;269;104;280;34;1;157;146;195;262
A3MWU9,90.0,87.40327453613281,Random,1,0.1,31,87.40327453613281,0.0,0.0,276;117;308;70;44;84;231;93;57;288;11;76;32;209;151;291;285;127;82;195;67;63;125;119;108;137;290;71;208;266;115
A3MWU9,90.0,87.40327453613281,Random,2,0.1,31,87.40350341796875,0.0002288818359375,0.0002288818359375,210;154;267;126;4;160;1;221;212;94;220;243;159;174;116;225;204;238;145;34;103;107;198;21;167;269;216;121;17;31;222
A3MWU9,90.0,87.40327453613281,Random,3,0.1,31,87.40259552001953,-0.00067901611328125,0.00067901611328125,124;140;99;251;281;144;202;4;177;72;61;97;96;33;246;220;32;138;155;22;236;213;214;65;128;137;308;60;300;106;82
A3MWU9,90.0,87.40327453613281,Random,4,0.1,31,87.40354919433594,0.000274658203125,0.000274658203125,305;32;30;89;68;188;290;211;112;148;238;271;150;4;31;56;66;151;6;90;304;225;14;195;269;228;289;147;5;213;273
P29957,29.0,49.19140625,Top important,0,0.1,67,51.771846771240234,2.5804405212402344,2.5804405212402344,466;407;458;598;367;626;557;503;293;581;601;143;384;552;556;454;507;541;361;651;181;631;68;496;44;33;191;118;636;442;662;519;406;51;236;66;655;563;332;269;10;147;368;579;431;508;50;438;230;474;126;123;394;141;261;136;245;402;193;186;561;548;531;185;112;270;467
P29957,29.0,49.19140625,Low important,0,0.1,67,49.19140625,0.0,0.0,283;374;354;418;327;521;447;421;529;576;71;137;21;395;476;606;224;204;328;148;502;562;92;408;389;142;265;501;217;280;238;486;76;614;198;196;392;111;82;464;171;427;183;510;194;325;107;281;220;373;95;285;329;382;145;144;133;393;60;366;526;312;61;284;316;225;58
P29957,29.0,49.19140625,Random,0,0.1,67,49.173580169677734,-0.017826080322265625,0.017826080322265625,669;619;518;55;23;62;339;236;209;395;83;63;506;526;193;98;576;642;638;298;332;57;342;405;140;30;549;515;103;147;626;521;197;280;73;70;291;123;353;52;494;575;459;326;469;170;651;402;609;54;596;532;594;514;437;420;535;646;94;365;444;350;430;223;232;255;658
P29957,29.0,49.19140625,Random,1,0.1,67,47.11422348022461,-2.0771827697753906,2.0771827697753906,25;189;46;129;51;110;659;44;176;161;276;579;569;449;297;300;347;669;38;522;483;445;574;517;396;341;1;393;202;247;155;115;257;47;543;603;620;164;138;232;294;230;207;463;92;264;518;407;72;259;485;211;218;666;280;389;332;31;49;61;270;371;29;299;145;641;336
P29957,29.0,49.19140625,Random,2,0.1,67,49.1911735534668,-0.000232696533203125,0.000232696533203125,189;149;272;574;43;593;369;132;611;47;39;599;146;472;602;524;23;527;109;380;338;515;645;288;347;530;519;521;428;518;91;487;263;114;324;269;308;526;565;629;268;365;70;372;117;191;163;661;440;525;315;510;425;2;582;437;548;247;221;178;246;116;176;640;329;529;120
P29957,29.0,49.19140625,Random,3,0.1,67,52.34608459472656,3.1546783447265625,3.1546783447265625,221;23;480;617;151;70;177;460;474;167;579;527;201;60;418;601;655;573;120;136;392;498;583;278;86;464;150;657;1;139;317;17;399;323;447;408;155;112;636;412;492;152;365;376;50;176;162;403;319;500;286;363;237;629;433;298;532;556;357;290;509;456;233;466;607;591;562
P29957,29.0,49.19140625,Random,4,0.1,67,49.1828498840332,-0.008556365966796875,0.008556365966796875,561;201;480;42;664;74;113;317;165;75;435;605;101;537;361;662;391;402;73;567;610;584;32;181;592;661;312;481;125;59;401;302;158;141;304;124;628;560;225;331;536;340;81;171;507;623;183;490;358;341;483;150;148;198;349;437;429;78;576;606;213;450;405;255;510;254;577
Q53TZ2,30.0,33.56338119506836,Top important,0,0.1,31,37.34807205200195,3.7846908569335938,3.7846908569335938,98;59;278;245;110;160;40;43;83;153;213;249;139;173;274;309;97;282;182;246;14;195;254;13;229;108;221;156;25;26;154
Q53TZ2,30.0,33.56338119506836,Low important,0,0.1,31,33.56338119506836,0.0,0.0,148;129;33;175;106;76;152;23;15;64;288;71;36;209;292;171;244;277;159;223;94;235;233;149;296;128;270;90;211;122;67
Q53TZ2,30.0,33.56338119506836,Random,0,0.1,31,33.56338119506836,0.0,0.0,15;136;291;272;289;114;100;44;280;308;67;102;48;290;284;233;201;92;119;121;68;196;281;304;2;215;128;123;36;144;259
Q53TZ2,30.0,33.56338119506836,Random,1,0.1,31,33.567134857177734,0.003753662109375,0.003753662109375,97;230;2;241;287;95;156;15;172;119;108;31;233;144;79;186;297;211;255;76;36;43;251;32;195;209;212;136;175;180;55
Q53TZ2,30.0,33.56338119506836,Random,2,0.1,31,33.563377380371094,-3.814697265625e-06,3.814697265625e-06,211;33;74;73;105;214;221;79;23;125;49;60;144;184;285;56;275;58;70;109;75;261;186;121;215;264;209;145;183;82;5
Q53TZ2,30.0,33.56338119506836,Random,3,0.1,31,33.83146667480469,0.2680854797363281,0.2680854797363281,63;15;145;273;99;64;106;138;126;68;257;76;270;245;58;218;247;189;78;55;237;91;242;277;21;231;98;114;148;157;40
Q53TZ2,30.0,33.56338119506836,Random,4,0.1,31,33.29047393798828,-0.2729072570800781,0.2729072570800781,49;230;91;78;23;203;110;173;1;34;15;170;39;295;54;96;118;21;19;202;42;69;282;185;247;28;278;222;184;281;263
P96091,37.0,41.47309494018555,Top important,0,0.1,73,52.662750244140625,11.189655303955078,11.189655303955078,574;435;95;123;29;288;108;633;524;409;620;158;376;383;570;90;710;294;188;421;497;255;72;260;436;277;405;510;677;372;2;251;458;44;162;704;546;207;357;122;498;86;234;681;195;176;191;345;550;285;407;648;536;1;431;428;430;340;263;218;113;148;611;511;130;63;454;202;109;701;33;360;13
P96091,37.0,41.47309494018555,Low important,0,0.1,73,41.47309494018555,0.0,0.0,509;618;632;129;5;97;378;173;676;256;591;221;200;441;411;602;96;450;65;71;206;481;539;567;492;674;136;403;414;374;201;433;517;526;612;638;10;60;171;350;665;229;700;351;377;150;167;349;422;394;154;532;448;446;505;362;134;268;415;615;347;442;170;19;149;423;445;425;264;453;379;393;449
P96091,37.0,41.47309494018555,Random,0,0.1,73,41.46171569824219,-0.011379241943359375,0.011379241943359375,421;225;326;644;103;634;409;205;657;286;525;364;377;375;161;576;614;521;210;492;64;601;184;109;714;76;527;341;638;537;704;309;425;229;439;547;77;83;501;325;219;118;175;436;476;203;648;583;250;542;19;198;499;222;373;659;572;562;379;544;496;36;265;510;429;464;159;523;107;287;247;177;454
P96091,37.0,41.47309494018555,Random,1,0.1,73,41.46910858154297,-0.003986358642578125,0.003986358642578125,65;710;381;60;314;309;9;54;658;122;456;287;681;470;232;441;481;703;677;644;43;352;208;372;41;6;66;519;63;88;538;323;400;294;250;699;596;231;265;657;341;353;465;104;169;584;502;283;507;275;296;19;24;569;692;449;649;590;539;115;337;393;173;501;565;558;313;212;112;704;316;76;120
P96091,37.0,41.47309494018555,Random,2,0.1,73,41.45447540283203,-0.018619537353515625,0.018619537353515625,450;466;689;315;191;657;363;669;414;613;707;425;618;250;652;264;124;108;521;375;514;350;644;676;489;565;487;366;369;704;183;261;424;248;332;486;171;476;86;361;75;587;56;530;595;438;226;273;99;50;454;622;216;26;84;705;207;160;686;467;711;189;481;684;680;209;286;302;77;283;354;235;394
P96091,37.0,41.47309494018555,Random,3,0.1,73,41.244873046875,-0.22822189331054688,0.22822189331054688,263;207;334;545;120;501;190;250;720;233;681;412;414;86;360;231;154;326;709;490;531;632;337;241;272;37;654;281;384;477;159;200;472;264;387;24;80;169;276;456;575;19;291;713;483;73;521;435;606;471;385;454;668;95;692;445;70;649;152;570;162;288;459;259;258;416;300;79;518;333;476;294;280
P96091,37.0,41.47309494018555,Random,4,0.1,73,41.46692657470703,-0.006168365478515625,0.006168365478515625,475;362;165;275;69;655;687;10;44;176;188;137;279;227;525;60;546;663;547;66;196;56;79;290;487;404;200;68;250;550;22;554;39;187;80;202;387;549;318;476;668;83;682;613;620;448;252;337;349;691;406;96;517;394;161;259;291;690;632;703;596;65;77;221;107;466;486;255;526;198;671;380;544
P54471,37.0,34.806541442871094,Top important,0,0.1,24,36.400508880615234,1.5939674377441406,1.5939674377441406,130;142;125;205;102;41;214;84;232;105;115;184;237;48;80;135;70;14;168;73;228;109;236;120
P54471,37.0,34.806541442871094,Low important,0,0.1,24,34.806541442871094,0.0,0.0,131;224;106;234;187;101;74;95;154;225;87;235;32;28;118;144;38;123;207;24;211;157;138;16
P54471,37.0,34.806541442871094,Random,0,0.1,24,34.80106735229492,-0.005474090576171875,0.005474090576171875,77;100;75;9;222;22;72;114;112;24;1;176;117;199;187;91;59;192;115;180;25;135;84;79
P54471,37.0,34.806541442871094,Random,1,0.1,24,34.8442268371582,0.037685394287109375,0.037685394287109375,102;35;156;111;157;213;104;123;143;149;30;53;98;169;32;134;82;68;93;235;19;154;170;228
P54471,37.0,34.806541442871094,Random,2,0.1,24,34.82872772216797,0.022186279296875,0.022186279296875,217;87;34;48;178;208;182;89;59;41;55;4;121;86;103;58;77;172;3;128;188;61;223;62
P54471,37.0,34.806541442871094,Random,3,0.1,24,34.808021545410156,0.0014801025390625,0.0014801025390625,93;146;15;231;53;163;56;192;49;42;131;106;78;123;121;151;154;100;157;34;171;119;115;114
P54471,37.0,34.806541442871094,Random,4,0.1,24,34.80653762817383,-3.814697265625e-06,3.814697265625e-06,207;183;212;224;179;188;218;49;20;199;137;122;52;127;220;37;77;236;55;30;98;158;160;133
P20906,30.0,37.56669616699219,Top important,0,0.1,53,42.62389373779297,5.057197570800781,5.057197570800781,144;261;412;297;500;9;267;281;5;468;258;68;105;488;330;193;427;319;482;355;177;329;528;519;206;106;436;354;75;291;450;525;383;172;79;294;14;124;506;403;264;18;490;447;54;173;285;187;478;123;375;178;402
P20906,30.0,37.56669616699219,Low important,0,0.1,53,37.56669616699219,0.0,0.0,25;213;432;484;82;518;454;272;93;299;148;116;73;523;77;409;200;223;28;399;157;160;472;238;480;438;166;197;357;415;435;59;240;215;233;448;425;203;377;142;129;41;271;325;307;22;452;205;53;243;66;92;451
P20906,30.0,37.56669616699219,Random,0,0.1,53,37.56254959106445,-0.004146575927734375,0.004146575927734375,51;460;123;100;197;169;366;118;243;178;383;84;305;266;260;149;331;218;44;341;453;343;228;107;428;113;296;358;158;431;448;108;237;208;87;458;500;155;222;439;13;462;185;352;388;516;50;162;98;248;370;354;283
P20906,30.0,37.56669616699219,Random,1,0.1,53,37.54578399658203,-0.02091217041015625,0.02091217041015625,45;406;360;38;416;325;33;211;305;236;63;354;482;276;485;503;508;320;284;386;463;210;289;442;186;495;49;240;528;352;517;507;492;145;119;147;412;313;444;267;168;189;497;400;170;246;51;357;129;473;58;329;28
P20906,30.0,37.56669616699219,Random,2,0.1,53,37.56658935546875,-0.0001068115234375,0.0001068115234375,47;458;460;380;92;39;312;53;141;340;177;3;55;508;143;362;474;136;145;45;527;159;115;5;255;516;418;174;259;69;107;63;486;104;421;311;426;386;260;429;68;285;74;101;404;233;137;82;432;405;373;204;370
P20906,30.0,37.56669616699219,Random,3,0.1,53,37.567039489746094,0.00034332275390625,0.00034332275390625,319;273;41;462;263;292;344;403;382;68;355;442;504;82;389;244;92;350;394;353;22;502;391;46;318;43;304;205;283;267;219;84;175;348;461;516;302;328;378;116;90;309;75;393;279;61;275;51;16;73;53;33;376
P20906,30.0,37.56669616699219,Random,4,0.1,53,37.56370544433594,-0.00299072265625,0.00299072265625,374;189;35;79;77;223;140;139;260;157;310;166;266;390;114;492;267;487;233;340;520;417;151;21;481;141;458;195;315;111;333;516;396;199;514;159;381;491;527;212;255;270;433;460;90;97;329;9;98;275;526;153;509
B1B389,50.0,36.46570587158203,Top important,0,0.1,49,42.421024322509766,5.955318450927734,5.955318450927734,455;387;337;251;366;238;375;113;11;351;294;303;309;114;367;108;116;65;162;88;471;466;295;359;459;349;185;157;395;2;461;44;404;50;144;328;169;371;214;424;464;320;89;193;219;355;411;222;231
B1B389,50.0,36.46570587158203,Low important,0,0.1,49,36.46570587158203,0.0,0.0,9;67;408;130;237;473;74;354;240;299;289;432;305;177;180;310;316;102;200;264;293;353;63;386;95;83;211;385;280;417;274;91;254;40;313;271;62;30;436;78;260;103;73;92;325;418;255;106;416
B1B389,50.0,36.46570587158203,Random,0,0.1,49,36.459999084472656,-0.005706787109375,0.005706787109375,397;377;390;269;210;139;392;425;385;295;25;475;348;202;477;131;281;65;236;305;37;13;274;132;371;20;249;408;159;59;336;272;31;140;113;44;183;346;200;418;433;471;56;342;297;457;83;125;98
B1B389,50.0,36.46570587158203,Random,1,0.1,49,36.46512222290039,-0.000583648681640625,0.000583648681640625,436;404;448;339;324;419;45;390;112;65;341;114;171;305;289;254;420;348;55;432;198;302;54;89;128;378;85;430;382;117;301;166;116;145;343;437;299;125;308;426;293;212;359;258;277;240;340;285;283
B1B389,50.0,36.46570587158203,Random,2,0.1,49,36.465145111083984,-0.000560760498046875,0.000560760498046875,287;166;185;307;114;450;253;188;298;51;422;227;353;168;56;285;177;471;391;249;90;350;170;258;182;236;309;379;296;222;75;361;223;66;32;460;352;431;117;295;107;76;248;320;347;441;322;268;282
B1B389,50.0,36.46570587158203,Random,3,0.1,49,36.46570587158203,0.0,0.0,170;157;365;15;185;121;343;201;448;119;212;131;287;5;123;250;437;420;214;87;196;298;399;215;307;428;117;99;10;392;136;452;68;75;48;227;348;175;283;385;334;415;76;336;49;110;188;155;320
B1B389,50.0,36.46570587158203,Random,4,0.1,49,36.46570587158203,0.0,0.0,352;276;177;200;170;269;435;175;22;222;249;386;71;92;151;312;160;425;362;398;254;99;156;123;378;264;394;236;480;133;307;148;188;368;3;478;357;413;10;112;384;29;463;246;208;342;12;255;168
O27106,60.0,48.111412048339844,Top important,0,0.1,24,54.279869079589844,6.16845703125,6.16845703125,67;34;125;148;89;227;151;4;159;192;124;43;186;61;178;5;110;168;30;214;188;114;97;109
O27106,60.0,48.111412048339844,Low important,0,0.1,24,48.111412048339844,0.0,0.0,21;84;195;166;93;139;167;225;174;76;144;83;80;50;47;94;86;133;57;116;137;108;79;11
O27106,60.0,48.111412048339844,Random,0,0.1,24,48.094261169433594,-0.01715087890625,0.01715087890625,105;138;186;221;163;59;176;203;122;119;210;151;72;88;66;180;100;53;162;22;96;168;161;117
O27106,60.0,48.111412048339844,Random,1,0.1,24,48.10437774658203,-0.0070343017578125,0.0070343017578125,119;227;31;3;58;188;211;128;106;96;62;45;157;66;139;80;183;196;90;41;46;158;71;102
O27106,60.0,48.111412048339844,Random,2,0.1,24,48.111289978027344,-0.0001220703125,0.0001220703125,42;206;156;12;118;132;128;183;201;222;38;131;215;173;115;98;6;39;218;33;103;127;48;113
O27106,60.0,48.111412048339844,Random,3,0.1,24,48.08747100830078,-0.0239410400390625,0.0239410400390625,70;217;135;133;19;101;24;150;97;156;13;102;192;63;187;43;155;214;169;28;183;179;104;33
O27106,60.0,48.111412048339844,Random,4,0.1,24,48.10416030883789,-0.007251739501953125,0.007251739501953125,76;33;106;117;45;221;97;170;95;210;98;82;227;63;102;22;84;77;1;214;56;8;64;179
Q8DL82,20.0,22.86945152282715,Top important,0,0.1,18,37.29998016357422,14.43052864074707,14.43052864074707,130;30;166;164;129;173;139;87;27;50;51;159;12;63;148;47;106;158
Q8DL82,20.0,22.86945152282715,Low important,0,0.1,18,22.86945152282715,0.0,0.0,25;66;99;6;140;169;123;67;161;9;53;92;56;110;128;147;37;41
Q8DL82,20.0,22.86945152282715,Random,0,0.1,18,22.869455337524414,3.814697265625e-06,3.814697265625e-06,28;10;38;150;98;80;73;37;121;29;51;63;97;15;54;12;46;71
Q8DL82,20.0,22.86945152282715,Random,1,0.1,18,22.02829933166504,-0.8411521911621094,0.8411521911621094,42;88;117;27;98;133;44;154;58;85;170;160;137;150;129;84;113;166
Q8DL82,20.0,22.86945152282715,Random,2,0.1,18,22.869430541992188,-2.09808349609375e-05,2.09808349609375e-05,88;111;97;165;174;74;2;69;113;39;79;159;176;6;50;13;99;60
Q8DL82,20.0,22.86945152282715,Random,3,0.1,18,22.86945152282715,0.0,0.0,23;167;120;63;33;74;90;138;136;73;9;83;53;157;170;145;143;46
Q8DL82,20.0,22.86945152282715,Random,4,0.1,18,22.869285583496094,-0.0001659393310546875,0.0001659393310546875,11;34;156;135;31;134;128;87;99;146;52;112;169;162;50;43;3;117
Q9UXF5,70.0,69.777099609375,Top important,0,0.1,33,74.67131805419922,4.894218444824219,4.894218444824219,149;294;327;301;258;129;231;302;259;320;267;251;282;166;26;37;52;86;63;101;263;306;175;196;93;271;105;53;121;207;23;238;69
Q9UXF5,70.0,69.777099609375,Low important,0,0.1,33,69.777099609375,0.0,0.0,257;232;159;284;198;152;103;220;219;329;132;161;87;151;7;40;114;88;51;269;84;78;48;111;10;118;303;300;95;195;115;148;156
Q9UXF5,70.0,69.777099609375,Random,0,0.1,33,69.77706909179688,-3.0517578125e-05,3.0517578125e-05,196;310;328;43;124;21;281;145;30;170;217;80;249;120;296;287;247;289;276;242;150;153;71;309;104;232;140;37;28;85;223;277;300
Q9UXF5,70.0,69.777099609375,Random,1,0.1,33,69.76158142089844,-0.0155181884765625,0.0155181884765625,112;94;101;3;191;252;228;37;77;168;242;96;320;78;157;155;236;128;98;76;165;220;10;218;52;330;237;323;169;316;118;319;33
Q9UXF5,70.0,69.777099609375,Random,2,0.1,33,69.75920867919922,-0.01789093017578125,0.01789093017578125,146;164;246;26;238;25;269;214;282;40;92;175;22;70;19;290;88;103;188;225;156;157;265;141;250;321;313;96;38;272;216;312;320
Q9UXF5,70.0,69.777099609375,Random,3,0.1,33,72.75381469726562,2.976715087890625,2.976715087890625,123;38;35;313;287;173;6;122;74;258;327;177;147;66;230;250;289;183;190;113;103;222;254;302;294;160;163;58;293;149;2;131;192
Q9UXF5,70.0,69.777099609375,Random,4,0.1,33,69.22300720214844,-0.5540924072265625,0.5540924072265625,327;174;96;51;123;146;13;249;136;163;133;323;121;85;222;2;120;65;237;41;200;300;291;188;12;61;75;56;259;292;311;317;279
P16497,25.0,28.809986114501953,Top important,0,0.1,61,32.01042175292969,3.2004356384277344,3.2004356384277344,471;284;378;185;321;332;588;184;580;81;532;43;415;304;461;558;70;341;125;565;18;1;405;105;550;404;515;262;206;28;217;396;108;251;390;159;128;309;430;119;297;583;230;161;325;294;120;492;131;211;274;193;425;209;13;194;534;310;34;428;200
P16497,25.0,28.809986114501953,Low important,0,0.1,61,28.809986114501953,0.0,0.0,66;497;403;568;509;21;589;424;222;168;65;290;204;438;508;19;343;548;519;12;183;133;91;153;529;436;406;419;400;575;267;449;152;276;522;234;359;296;511;562;346;521;433;331;171;476;482;362;597;409;510;407;395;579;340;601;445;132;439;412;282
P16497,25.0,28.809986114501953,Random,0,0.1,61,28.809614181518555,-0.0003719329833984375,0.0003719329833984375,542;293;308;503;466;244;468;24;301;375;93;72;374;458;41;300;163;272;509;494;601;577;303;429;87;517;291;499;464;395;264;477;120;428;63;195;351;194;525;243;137;34;387;504;21;48;121;35;26;512;153;228;113;390;560;422;8;307;381;25;289
P16497,25.0,28.809986114501953,Random,1,0.1,61,28.68381118774414,-0.1261749267578125,0.1261749267578125,413;244;548;337;508;222;443;153;520;122;81;396;314;584;467;160;322;556;435;558;192;189;235;321;512;49;77;550;154;390;195;457;432;547;7;427;332;278;175;402;371;436;288;346;33;170;573;109;152;570;236;442;468;491;247;465;151;392;183;280;426
P16497,25.0,28.809986114501953,Random,2,0.1,61,28.95940399169922,0.14941787719726562,0.14941787719726562,375;148;31;481;285;459;374;344;10;24;563;145;407;243;380;307;182;330;521;2;310;522;361;142;262;159;42;327;329;606;530;315;414;119;109;600;471;435;65;338;99;106;381;73;550;462;157;136;189;166;258;161;584;195;176;599;560;125;18;516;385
P16497,25.0,28.809986114501953,Random,3,0.1,61,28.75963020324707,-0.05035591125488281,0.05035591125488281,563;443;400;482;9;420;387;597;179;572;432;93;581;544;207;592;562;237;513;415;546;345;384;533;310;425;70;169;566;243;55;174;227;199;14;121;275;39;172;433;248;120;59;304;21;103;535;286;148;374;302;156;434;130;261;448;515;53;427;269;449
P16497,25.0,28.809986114501953,Random,4,0.1,61,28.77861213684082,-0.03137397766113281,0.03137397766113281,48;281;109;228;87;442;10;410;60;55;320;418;575;104;278;289;557;493;525;352;49;253;349;347;250;162;463;182;420;406;297;226;98;161;113;510;209;576;366;176;97;50;573;159;18;546;383;114;198;276;302;435;337;107;363;31;415;342;191;596;500
Q9HIA7,70.0,74.51631927490234,Top important,0,0.1,18,83.89069366455078,9.374374389648438,9.374374389648438,167;174;91;98;33;80;9;74;20;101;169;134;84;73;7;139;23;97
Q9HIA7,70.0,74.51631927490234,Low important,0,0.1,18,74.51631927490234,0.0,0.0,14;53;69;3;35;103;113;36;2;104;30;22;63;152;25;24;154;87
Q9HIA7,70.0,74.51631927490234,Random,0,0.1,18,74.43788146972656,-0.07843780517578125,0.07843780517578125,73;40;120;91;86;112;45;168;8;140;54;38;174;19;107;7;13;14
Q9HIA7,70.0,74.51631927490234,Random,1,0.1,18,74.51551055908203,-0.0008087158203125,0.0008087158203125,7;6;32;141;77;95;172;88;56;9;106;30;49;20;140;15;53;132
Q9HIA7,70.0,74.51631927490234,Random,2,0.1,18,74.51631927490234,0.0,0.0,119;70;163;27;149;21;34;110;76;40;160;125;55;109;6;64;18;13
Q9HIA7,70.0,74.51631927490234,Random,3,0.1,18,74.51629638671875,-2.288818359375e-05,2.288818359375e-05,25;153;85;14;171;60;90;53;89;176;42;77;45;71;168;161;73;123
Q9HIA7,70.0,74.51631927490234,Random,4,0.1,18,74.51631927490234,0.0,0.0,82;93;53;15;6;37;78;51;145;170;5;153;163;118;100;25;148;173
A9H275,48.0,49.179988861083984,Top important,0,0.1,56,52.18513107299805,3.0051422119140625,3.0051422119140625,149;515;260;106;132;293;17;507;207;110;508;528;489;464;473;454;98;323;42;481;89;254;469;167;514;112;314;468;191;411;543;500;412;20;206;458;364;495;451;398;182;263;371;174;157;334;300;21;315;379;121;120;92;527;164;116
A9H275,48.0,49.179988861083984,Low important,0,0.1,56,49.179988861083984,0.0,0.0,442;321;457;471;284;163;82;198;24;413;276;253;230;448;418;424;44;151;446;440;102;265;30;232;332;329;176;161;162;252;250;366;378;154;326;285;172;389;188;391;50;292;62;456;417;472;381;460;470;461;355;97;90;416;99;283
A9H275,48.0,49.179988861083984,Random,0,0.1,56,49.20509719848633,0.02510833740234375,0.02510833740234375,528;287;334;85;39;314;95;178;512;88;242;514;364;222;230;373;416;316;236;348;424;75;470;61;461;554;66;136;202;550;87;192;340;126;311;518;421;112;459;10;228;232;256;280;444;474;185;111;63;375;539;103;483;437;177;131
A9H275,48.0,49.179988861083984,Random,1,0.1,56,48.85980987548828,-0.3201789855957031,0.3201789855957031,149;190;490;521;411;273;551;14;57;210;131;332;68;298;297;543;303;212;428;312;320;527;246;84;92;438;135;168;245;546;456;308;181;400;317;378;504;344;408;199;20;15;83;388;215;484;416;460;258;427;152;385;54;270;280;447
A9H275,48.0,49.179988861083984,Random,2,0.1,56,49.25386047363281,0.07387161254882812,0.07387161254882812,107;301;352;299;486;488;127;502;318;183;293;343;10;321;404;522;146;204;452;551;537;419;14;40;32;23;360;91;239;62;186;61;42;222;437;296;28;245;167;380;382;328;225;441;72;200;494;302;340;164;447;479;367;133;416;84
A9H275,48.0,49.179988861083984,Random,3,0.1,56,49.184024810791016,0.00403594970703125,0.00403594970703125,248;29;201;61;285;146;167;451;152;155;54;6;232;542;174;47;344;392;546;291;461;275;258;494;217;160;10;26;490;121;78;450;469;122;477;471;148;298;131;458;166;204;381;478;57;486;386;410;341;549;516;336;314;79;501;413
A9H275,48.0,49.179988861083984,Random,4,0.1,56,48.85724639892578,-0.3227424621582031,0.3227424621582031,97;388;138;6;104;120;410;264;558;325;82;238;199;423;332;511;74;41;257;543;101;492;185;59;209;494;371;203;149;276;142;520;144;157;476;448;112;154;47;326;284;4;183;268;341;155;256;357;527;233;171;195;158;10;538;287
Q65KZ6,40.0,56.66560745239258,Top important,0,0.1,59,62.82870101928711,6.163093566894531,6.163093566894531,101;397;508;277;355;230;274;418;155;171;516;324;167;388;371;72;246;88;446;362;513;242;148;156;381;98;314;225;338;68;62;297;558;467;379;581;41;497;188;150;189;126;216;537;351;125;160;307;137;35;519;238;180;437;540;365;211;57;207
Q65KZ6,40.0,56.66560745239258,Low important,0,0.1,59,56.66560745239258,0.0,0.0,460;411;245;436;367;336;465;82;105;222;204;439;75;415;571;440;556;118;329;475;128;309;205;45;478;134;466;443;554;510;492;404;301;399;168;256;110;420;488;166;285;444;86;344;71;459;364;287;387;179;47;414;340;473;283;183;83;281;462
Q65KZ6,40.0,56.66560745239258,Random,0,0.1,59,56.62809753417969,-0.037509918212890625,0.037509918212890625,323;363;409;49;398;325;299;418;441;492;195;113;91;419;243;426;388;167;59;109;349;424;400;408;293;205;288;440;184;126;83;468;279;94;364;405;81;258;196;4;316;581;311;425;164;563;549;428;560;305;161;473;377;257;89;580;107;12;27
Q65KZ6,40.0,56.66560745239258,Random,1,0.1,59,59.06938934326172,2.4037818908691406,2.4037818908691406,113;453;102;563;191;415;22;155;159;118;284;154;431;126;292;557;245;405;130;109;10;401;250;564;188;382;534;455;200;373;125;566;436;488;157;203;320;528;366;151;59;491;153;374;230;242;198;288;423;71;308;80;413;101;321;83;417;358;53
Q65KZ6,40.0,56.66560745239258,Random,2,0.1,59,56.29815673828125,-0.3674507141113281,0.3674507141113281,342;198;147;20;428;154;102;66;365;339;517;10;508;56;486;562;156;425;224;581;579;246;329;311;409;357;265;572;279;63;8;194;547;176;336;466;160;401;108;82;291;206;166;135;295;31;312;44;196;501;24;432;137;396;480;157;364;558;250
Q65KZ6,40.0,56.66560745239258,Random,3,0.1,59,56.286128997802734,-0.37947845458984375,0.37947845458984375,219;585;308;77;251;252;282;38;115;129;124;58;41;195;114;556;427;394;208;111;324;75;154;424;197;520;549;508;215;390;423;393;8;515;561;364;192;422;71;432;297;78;23;86;52;365;461;443;166;218;213;484;300;276;125;316;354;256;419
Q65KZ6,40.0,56.66560745239258,Random,4,0.1,59,56.12391662597656,-0.5416908264160156,0.5416908264160156,150;139;351;47;88;201;361;172;379;348;495;577;506;564;87;397;132;510;418;324;573;180;116;97;259;515;205;237;412;122;504;11;148;525;211;341;295;521;551;514;473;203;338;409;477;52;118;160;566;507;432;43;218;482;346;363;503;547;310
A7LBQ5,40.0,29.521726608276367,Top important,0,0.1,32,38.731544494628906,9.209817886352539,9.209817886352539,263;54;122;108;109;49;9;156;84;163;132;210;247;277;171;38;27;85;186;48;101;128;34;148;313;312;102;259;236;302;184;30
A7LBQ5,40.0,29.521726608276367,Low important,0,0.1,32,29.521726608276367,0.0,0.0,168;213;44;16;55;130;17;8;249;273;300;254;159;241;161;53;185;255;95;250;88;257;107;150;126;205;66;224;229;134;173;144
A7LBQ5,40.0,29.521726608276367,Random,0,0.1,32,29.521657943725586,-6.866455078125e-05,6.866455078125e-05,159;298;169;292;42;276;157;146;221;265;130;128;217;1;37;38;60;270;73;238;74;228;175;14;282;291;81;259;204;116;196;28
A7LBQ5,40.0,29.521726608276367,Random,1,0.1,32,29.52053451538086,-0.0011920928955078125,0.0011920928955078125,142;302;195;121;39;199;157;298;126;68;284;128;93;130;31;287;262;36;131;156;72;75;227;66;309;226;135;141;269;216;140;291
A7LBQ5,40.0,29.521726608276367,Random,2,0.1,32,32.03095245361328,2.509225845336914,2.509225845336914,263;137;212;234;303;175;65;139;180;21;117;57;288;28;116;298;31;141;229;83;261;222;256;189;304;85;123;209;314;206;78;312
A7LBQ5,40.0,29.521726608276367,Random,3,0.1,32,29.52164077758789,-8.58306884765625e-05,8.58306884765625e-05,43;44;261;311;302;171;114;112;79;177;161;80;270;227;294;299;127;14;187;291;170;201;284;254;97;179;197;61;244;224;148;116
A7LBQ5,40.0,29.521726608276367,Random,4,0.1,32,35.510292053222656,5.988565444946289,5.988565444946289,95;15;92;88;298;54;21;98;193;94;139;308;79;122;134;196;239;240;255;130;227;124;269;190;263;202;235;166;186;87;110;170
O15920,39.0,35.688175201416016,Top important,0,0.1,47,37.65053176879883,1.9623565673828125,1.9623565673828125,177;162;210;147;363;275;4;48;330;269;257;70;49;223;158;84;115;102;166;319;188;97;323;63;282;333;91;294;40;312;154;348;60;113;56;364;73;66;358;28;171;139;428;39;124;286;125
O15920,39.0,35.688175201416016,Low important,0,0.1,47,35.688175201416016,0.0,0.0,377;416;152;77;107;435;370;444;424;256;81;211;228;270;394;207;429;284;57;385;306;273;208;262;47;104;318;386;321;415;69;414;199;299;355;303;448;238;251;239;419;317;396;58;352;420;418
O15920,39.0,35.688175201416016,Random,0,0.1,47,35.57162094116211,-0.11655426025390625,0.11655426025390625,104;62;161;111;114;142;232;449;249;196;172;289;409;364;14;361;444;50;224;398;387;22;88;419;54;383;390;201;157;316;139;164;38;413;3;143;264;337;416;440;425;59;192;55;272;31;4
O15920,39.0,35.688175201416016,Random,1,0.1,47,35.55994415283203,-0.12823104858398438,0.12823104858398438,290;296;297;64;104;48;377;435;222;167;106;437;430;183;22;144;392;400;306;198;335;264;26;337;432;405;35;28;272;365;59;117;25;279;127;252;445;160;41;428;4;239;302;155;89;319;99
O15920,39.0,35.688175201416016,Random,2,0.1,47,35.626094818115234,-0.06208038330078125,0.06208038330078125,36;411;157;257;73;266;168;399;33;335;277;364;326;129;98;241;182;269;281;127;144;283;348;115;359;95;345;434;38;423;342;102;311;382;81;70;191;141;442;65;419;263;404;452;365;3;381
O15920,39.0,35.688175201416016,Random,3,0.1,47,35.7855110168457,0.0973358154296875,0.0973358154296875,130;439;196;409;369;190;357;72;154;279;333;110;211;202;142;176;448;231;146;275;65;262;127;450;103;35;465;431;197;102;112;341;183;75;334;285;344;336;314;290;189;444;153;149;425;356;463
O15920,39.0,35.688175201416016,Random,4,0.1,47,35.67888641357422,-0.009288787841796875,0.009288787841796875,102;75;202;315;8;120;183;201;3;288;105;262;253;122;139;267;152;261;226;32;219;319;396;351;401;1;35;5;25;415;343;203;352;220;64;172;395;270;329;146;100;160;34;173;386;293;20
O30012,77.0,76.9483642578125,Top important,0,0.1,62,79.33306121826172,2.3846969604492188,2.3846969604492188,3;333;224;298;247;385;237;254;444;108;351;35;25;45;389;221;156;274;285;174;527;65;281;196;534;101;267;506;22;466;14;9;530;536;314;521;302;111;125;130;421;72;533;289;576;60;561;475;343;30;495;412;423;195;175;16;272;253;306;226;199;471
O30012,77.0,76.9483642578125,Low important,0,0.1,62,76.9483642578125,0.0,0.0,52;583;57;44;425;354;54;537;109;112;331;79;154;158;87;120;128;473;556;589;587;472;347;546;99;251;616;182;414;461;102;526;110;499;318;395;413;322;20;88;609;424;520;493;49;356;500;383;166;483;167;276;480;602;280;402;287;433;194;572;492;53
O30012,77.0,76.9483642578125,Random,0,0.1,62,76.92556762695312,-0.022796630859375,0.022796630859375,101;358;475;9;278;321;24;447;192;329;554;171;241;108;617;91;591;252;502;42;499;354;313;134;208;376;209;245;166;485;529;493;600;592;70;233;276;390;301;21;189;450;30;219;162;496;323;268;318;117;214;11;144;37;347;118;619;553;251;56;559;466
O30012,77.0,76.9483642578125,Random,1,0.1,62,76.88127899169922,-0.06708526611328125,0.06708526611328125,533;231;292;441;372;550;420;396;11;315;369;358;510;262;435;520;370;494;169;291;310;503;564;146;384;432;16;597;373;463;320;426;44;509;124;41;359;55;378;271;535;387;414;442;57;449;80;264;355;63;306;91;472;534;204;106;344;298;265;47;224;429
O30012,77.0,76.9483642578125,Random,2,0.1,62,76.94818115234375,-0.00018310546875,0.00018310546875,390;58;547;509;532;535;507;617;9;456;317;573;421;320;261;570;334;284;256;473;111;577;437;323;462;418;397;283;229;125;34;430;590;392;276;121;307;144;559;368;544;619;378;89;461;460;413;161;425;219;116;271;504;412;356;107;399;259;386;173;422;227
O30012,77.0,76.9483642578125,Random,3,0.1,62,76.8833999633789,-0.06496429443359375,0.06496429443359375,552;443;486;455;187;122;63;398;592;410;137;515;158;179;487;427;62;579;297;606;511;298;464;224;206;562;94;439;129;277;197;126;257;409;79;564;116;75;311;266;45;541;313;391;13;195;105;492;279;17;508;70;518;76;261;51;183;157;467;349;471;533
O30012,77.0,76.9483642578125,Random,4,0.1,62,80.18903350830078,3.2406692504882812,3.2406692504882812,314;539;541;193;281;546;21;478;542;339;278;136;190;38;155;603;614;3;86;176;254;230;42;226;583;93;43;202;104;467;312;357;62;41;232;14;83;231;142;134;208;124;349;57;128;502;330;224;585;290;389;509;265;53;619;331;198;45;74;180;245;372
Q2HQR7,25.0,27.59050750732422,Top important,0,0.1,24,32.76530838012695,5.174800872802734,5.174800872802734,92;158;181;214;46;219;198;74;162;118;170;67;73;64;102;172;187;133;4;93;193;26;72;112
Q2HQR7,25.0,27.59050750732422,Low important,0,0.1,24,27.59050750732422,0.0,0.0,75;221;143;115;78;175;3;76;2;161;213;184;132;179;180;111;79;212;1;149;6;227;19;17
Q2HQR7,25.0,27.59050750732422,Random,0,0.1,24,27.59050750732422,0.0,0.0,173;139;84;105;196;127;132;194;135;220;94;168;148;98;223;79;12;200;78;206;203;50;8;122
Q2HQR7,25.0,27.59050750732422,Random,1,0.1,24,27.590131759643555,-0.0003757476806640625,0.0003757476806640625,50;106;1;153;155;188;91;146;110;175;42;148;119;201;162;41;207;118;183;166;88;90;123;74
Q2HQR7,25.0,27.59050750732422,Random,2,0.1,24,27.589136123657227,-0.0013713836669921875,0.0013713836669921875,11;180;83;25;9;68;52;129;146;67;223;131;31;213;71;183;144;211;38;46;164;57;195;82
Q2HQR7,25.0,27.59050750732422,Random,3,0.1,24,27.77948570251465,0.1889781951904297,0.1889781951904297,4;232;181;108;51;123;211;110;107;24;145;161;189;230;159;100;155;72;21;204;139;190;8;178
Q2HQR7,25.0,27.59050750732422,Random,4,0.1,24,27.590473175048828,-3.4332275390625e-05,3.4332275390625e-05,187;182;81;208;144;146;65;116;153;193;201;209;128;161;167;103;56;122;150;134;60;151;191;27
A0A1L2BH72,35.0,33.291378021240234,Top important,0,0.1,41,37.16168975830078,3.870311737060547,3.870311737060547,367;244;147;216;373;392;371;315;23;220;45;169;261;206;297;405;402;25;241;137;98;379;399;155;296;262;363;385;258;107;184;141;140;113;335;248;121;110;54;355;376
A0A1L2BH72,35.0,33.291378021240234,Low important,0,0.1,41,33.291378021240234,0.0,0.0,338;236;62;388;337;46;290;196;59;35;347;340;387;263;197;328;76;267;194;282;19;109;326;311;243;307;310;239;351;235;273;264;185;270;228;285;314;266;325;232;269
A0A1L2BH72,35.0,33.291378021240234,Random,0,0.1,41,33.29060363769531,-0.000774383544921875,0.000774383544921875,111;201;356;379;38;301;384;295;110;135;118;159;216;393;224;307;375;338;238;400;123;279;365;96;330;20;60;245;293;287;176;230;271;103;255;385;17;354;61;32;252
A0A1L2BH72,35.0,33.291378021240234,Random,1,0.1,41,32.857723236083984,-0.43365478515625,0.43365478515625,146;382;388;247;34;188;226;127;254;179;283;20;245;301;142;238;5;244;276;168;100;4;258;178;300;261;267;19;78;58;97;28;149;36;271;192;288;26;174;46;190
A0A1L2BH72,35.0,33.291378021240234,Random,2,0.1,41,33.28929138183594,-0.002086639404296875,0.002086639404296875,36;306;225;151;161;314;155;311;207;248;351;131;35;108;83;142;191;228;324;160;199;256;236;401;371;29;170;6;177;183;337;162;121;120;136;227;158;94;257;234;194
A0A1L2BH72,35.0,33.291378021240234,Random,3,0.1,41,33.25939178466797,-0.031986236572265625,0.031986236572265625,371;2;15;233;33;17;328;272;21;392;13;363;292;35;188;346;206;393;285;157;134;275;77;174;356;381;22;68;90;395;142;192;144;102;314;181;311;198;263;343;349
A0A1L2BH72,35.0,33.291378021240234,Random,4,0.1,41,33.28520965576172,-0.006168365478515625,0.006168365478515625,298;54;245;281;334;210;82;390;48;100;341;197;168;272;89;46;329;145;278;352;346;190;269;373;213;235;359;189;289;211;284;132;332;277;236;279;17;76;128;65;42
O66914,90.0,65.69219970703125,Top important,0,0.1,24,67.10225677490234,1.4100570678710938,1.4100570678710938,205;211;207;125;17;31;50;188;27;216;227;166;194;174;41;54;170;140;91;113;105;192;7;191
O66914,90.0,65.69219970703125,Low important,0,0.1,24,65.69219970703125,0.0,0.0,56;102;48;120;190;148;65;181;182;126;208;168;139;94;138;66;149;47;73;9;151;210;136;89
O66914,90.0,65.69219970703125,Random,0,0.1,24,62.30411148071289,-3.3880882263183594,3.3880882263183594,170;120;187;166;226;201;70;192;135;202;193;194;81;7;149;55;205;234;50;82;125;24;214;18
O66914,90.0,65.69219970703125,Random,1,0.1,24,67.60971069335938,1.917510986328125,1.917510986328125,101;161;42;170;211;176;182;110;234;198;24;145;5;96;28;212;121;43;115;109;126;197;86;57
O66914,90.0,65.69219970703125,Random,2,0.1,24,65.63166809082031,-0.0605316162109375,0.0605316162109375,194;107;42;204;34;62;88;188;124;147;19;31;70;232;72;157;69;43;169;173;8;142;190;95
O66914,90.0,65.69219970703125,Random,3,0.1,24,65.37769317626953,-0.31450653076171875,0.31450653076171875,91;31;217;6;191;119;10;67;142;23;215;97;148;114;164;139;162;198;197;125;202;151;44;40
O66914,90.0,65.69219970703125,Random,4,0.1,24,65.69256591796875,0.0003662109375,0.0003662109375,55;171;84;91;86;44;173;147;199;19;36;198;87;75;47;112;191;185;42;219;152;230;59;160
A4YDR9,75.0,75.60289764404297,Top important,0,0.1,55,77.84058380126953,2.2376861572265625,2.2376861572265625,546;344;489;325;172;399;161;499;392;449;116;388;17;185;409;196;465;191;137;368;518;3;223;335;145;33;271;268;503;382;46;530;512;218;278;9;209;273;132;7;298;141;79;432;348;10;479;305;468;203;306;447;330;405;477
A4YDR9,75.0,75.60289764404297,Low important,0,0.1,55,75.60289764404297,0.0,0.0,6;454;308;155;195;283;94;128;48;39;383;80;113;148;190;416;395;177;373;463;60;240;428;471;394;354;100;431;176;119;470;417;526;158;509;522;106;124;385;11;501;122;233;180;81;378;87;313;45;276;439;445;78;101;281
A4YDR9,75.0,75.60289764404297,Random,0,0.1,55,75.60281372070312,-8.392333984375e-05,8.392333984375e-05,153;230;384;14;40;402;5;545;56;340;291;199;85;426;83;351;365;139;179;121;163;398;257;202;41;510;469;521;361;390;298;504;323;405;231;105;122;322;383;53;132;87;120;441;218;9;522;505;200;36;165;275;45;450;190
A4YDR9,75.0,75.60289764404297,Random,1,0.1,55,75.6029052734375,7.62939453125e-06,7.62939453125e-06,376;29;407;168;62;54;316;433;460;92;107;165;507;2;1;90;540;253;5;170;103;220;38;85;389;385;75;109;248;383;71;246;265;89;173;296;468;442;50;197;23;308;162;431;36;508;193;76;401;65;61;160;477;258;144
A4YDR9,75.0,75.60289764404297,Random,2,0.1,55,75.60395812988281,0.00106048583984375,0.00106048583984375,57;19;188;431;366;83;209;163;87;150;475;247;227;331;355;220;223;117;473;323;92;148;37;360;131;42;211;97;197;195;373;321;165;159;281;274;20;149;442;543;71;84;142;21;541;175;192;493;25;143;512;244;164;203;158
A4YDR9,75.0,75.60289764404297,Random,3,0.1,55,75.60469818115234,0.001800537109375,0.001800537109375,30;68;109;40;442;387;178;149;477;345;132;507;474;67;183;117;457;157;431;106;444;538;27;179;237;197;5;289;451;488;368;162;144;503;277;210;95;200;104;55;182;42;286;230;184;171;360;123;486;41;386;60;533;113;302
A4YDR9,75.0,75.60289764404297,Random,4,0.1,55,75.53313446044922,-0.06976318359375,0.06976318359375,156;339;413;355;198;463;472;227;433;16;74;120;278;375;354;113;104;139;203;327;205;176;411;429;476;187;10;361;146;42;282;114;440;172;404;265;115;309;417;244;145;34;182;281;332;521;507;367;445;229;138;144;8;79;471
Q8ILF7,25.0,32.60238265991211,Top important,0,0.1,51,42.31830978393555,9.715927124023438,9.715927124023438,71;337;390;355;495;116;330;315;416;172;76;428;261;189;468;420;472;36;197;238;347;314;58;130;220;274;371;414;159;458;376;387;457;132;294;187;35;168;39;310;112;401;319;399;231;406;18;230;153;47;176
Q8ILF7,25.0,32.60238265991211,Low important,0,0.1,51,32.60238265991211,0.0,0.0,372;321;69;194;298;471;502;115;288;181;209;226;19;138;66;125;481;120;124;81;393;178;89;389;279;388;378;377;312;448;410;409;460;11;212;435;7;129;391;324;405;404;379;174;374;300;433;381;297;383;408
Q8ILF7,25.0,32.60238265991211,Random,0,0.1,51,33.63312530517578,1.0307426452636719,1.0307426452636719,145;278;50;102;161;354;123;472;259;289;91;113;334;71;293;111;86;180;448;14;12;225;368;352;19;481;436;320;497;377;168;160;471;99;508;470;9;131;348;417;451;491;386;412;433;87;58;152;337;249;242
Q8ILF7,25.0,32.60238265991211,Random,1,0.1,51,33.16263198852539,0.5602493286132812,0.5602493286132812,268;20;300;253;179;423;477;408;404;181;212;360;503;115;418;315;347;476;223;273;41;291;231;136;481;252;139;353;448;214;296;10;40;55;145;468;444;462;79;369;251;206;255;193;110;337;376;424;346;201;386
Q8ILF7,25.0,32.60238265991211,Random,2,0.1,51,33.009117126464844,0.4067344665527344,0.4067344665527344,124;285;292;74;129;398;57;81;503;100;367;143;454;114;474;69;187;18;355;508;461;182;443;430;190;383;3;181;97;88;31;248;361;126;269;70;142;252;50;7;470;309;105;334;401;242;397;76;227;372;290
Q8ILF7,25.0,32.60238265991211,Random,3,0.1,51,33.952552795410156,1.3501701354980469,1.3501701354980469,151;257;447;123;312;89;408;355;64;299;235;290;478;35;449;329;354;19;96;255;8;221;376;229;437;57;121;371;172;337;317;463;429;328;285;245;473;467;392;308;27;129;485;230;166;98;368;204;486;361;47
Q8ILF7,25.0,32.60238265991211,Random,4,0.1,51,32.80345916748047,0.20107650756835938,0.20107650756835938,4;309;111;11;135;229;85;133;137;252;30;116;300;275;105;321;226;358;355;403;94;491;273;114;263;271;441;53;444;416;84;316;285;81;174;231;181;52;37;118;412;225;55;347;509;203;230;408;200;376;307
Q51739,80.0,65.3294906616211,Top important,0,0.1,61,68.07852935791016,2.7490386962890625,2.7490386962890625,138;527;602;450;459;305;455;331;270;476;40;294;364;432;435;588;19;387;413;150;44;214;360;573;74;140;251;126;437;58;480;379;593;355;186;568;362;155;100;29;310;177;446;125;94;583;386;468;336;164;403;420;143;383;407;592;325;151;286;409;10
Q51739,80.0,65.3294906616211,Low important,0,0.1,61,65.3294906616211,0.0,0.0,194;60;81;121;488;406;268;330;534;92;230;353;191;171;469;319;399;50;426;283;496;142;84;85;144;552;423;53;453;337;482;431;89;59;547;530;49;162;93;249;291;334;99;148;559;174;160;341;133;289;457;33;415;211;131;427;333;454;175;72;316
Q51739,80.0,65.3294906616211,Random,0,0.1,61,65.33599090576172,0.006500244140625,0.006500244140625,416;491;513;473;580;191;384;282;379;265;289;443;275;358;27;411;286;68;160;527;231;6;543;338;80;390;60;28;534;601;299;562;98;12;531;348;353;179;234;290;402;242;399;188;119;572;374;497;272;554;530;480;144;213;406;120;461;65;349;312;529
Q51739,80.0,65.3294906616211,Random,1,0.1,61,66.52533721923828,1.1958465576171875,1.1958465576171875,6;70;602;154;356;578;88;401;298;290;85;29;374;437;384;203;266;218;559;283;329;572;133;155;328;122;475;598;501;25;147;318;306;409;407;201;212;268;430;422;146;597;539;431;520;480;71;305;207;247;481;103;112;117;220;238;3;267;271;304;285
Q51739,80.0,65.3294906616211,Random,2,0.1,61,65.32913970947266,-0.0003509521484375,0.0003509521484375,315;290;569;505;355;449;481;508;71;426;288;232;372;215;488;236;564;604;420;114;444;226;536;309;233;390;453;322;379;83;279;330;166;51;64;202;440;597;92;13;378;263;282;545;582;123;235;347;60;76;101;81;204;437;553;341;436;199;16;377;366
Q51739,80.0,65.3294906616211,Random,3,0.1,61,66.44548034667969,1.1159896850585938,1.1159896850585938,17;296;463;275;142;217;594;55;600;439;53;407;144;62;207;258;235;569;299;180;498;438;518;183;553;346;376;226;374;71;503;467;550;479;602;319;167;595;106;434;84;327;360;245;23;150;169;308;48;75;272;233;85;312;582;548;432;598;220;599;504
Q51739,80.0,65.3294906616211,Random,4,0.1,61,65.32948303222656,-7.62939453125e-06,7.62939453125e-06,4;161;495;303;420;11;218;250;504;206;22;528;548;323;454;228;594;112;272;483;103;543;191;463;498;282;586;300;448;132;519;215;286;399;579;288;487;123;182;347;160;267;356;230;275;521;477;341;127;534;306;51;122;246;444;220;263;316;216;141;65
B8E1U6,75.0,84.03301239013672,Top important,0,0.1,40,91.47979736328125,7.446784973144531,7.446784973144531,61;314;367;304;155;242;70;44;4;137;17;370;146;110;252;394;263;197;389;11;84;23;140;54;219;71;196;324;300;243;276;343;77;386;126;235;164;101;182;148
B8E1U6,75.0,84.03301239013672,Low important,0,0.1,40,84.03301239013672,0.0,0.0,244;301;159;80;150;19;46;378;115;247;89;156;33;190;200;185;10;145;234;321;266;364;86;322;87;303;231;208;315;116;283;100;108;323;45;125;275;153;203;267
B8E1U6,75.0,84.03301239013672,Random,0,0.1,40,84.02516174316406,-0.00785064697265625,0.00785064697265625,142;278;306;41;196;68;59;201;151;355;281;17;259;348;337;72;359;393;111;331;392;127;206;92;184;103;77;95;138;231;212;213;295;258;254;57;313;376;186;187
B8E1U6,75.0,84.03301239013672,Random,1,0.1,40,84.21320343017578,0.1801910400390625,0.1801910400390625,77;375;270;377;139;323;8;13;316;177;298;30;290;213;36;302;132;222;19;307;192;161;52;37;314;395;280;209;336;115;111;96;216;74;193;53;319;381;138;274
B8E1U6,75.0,84.03301239013672,Random,2,0.1,40,84.20040130615234,0.167388916015625,0.167388916015625,394;156;288;383;310;251;131;331;171;396;63;201;385;86;67;96;140;176;390;111;315;363;119;314;56;274;292;387;17;134;116;147;252;175;79;187;265;71;309;43
B8E1U6,75.0,84.03301239013672,Random,3,0.1,40,83.96711730957031,-0.06589508056640625,0.06589508056640625,234;27;85;371;82;7;28;367;89;222;355;365;196;93;262;177;207;254;1;136;114;105;45;134;103;124;160;368;288;360;56;279;383;275;395;389;62;257;86;233
B8E1U6,75.0,84.03301239013672,Random,4,0.1,40,84.0029525756836,-0.030059814453125,0.030059814453125,131;312;322;166;282;381;52;195;246;68;301;59;72;237;274;327;101;165;178;104;258;159;320;133;44;21;190;163;346;354;140;395;84;236;272;221;285;91;79;22
P20845,60.35,40.01991653442383,Top important,0,0.1,52,46.316558837890625,6.296642303466797,6.296642303466797,520;469;424;401;110;309;381;239;272;320;4;252;209;443;29;263;190;299;434;30;73;362;220;480;400;176;500;2;332;213;169;244;471;372;25;459;504;346;389;432;448;124;154;224;38;13;368;99;247;468;395;412
P20845,60.35,40.01991653442383,Low important,0,0.1,52,40.01991653442383,0.0,0.0,257;281;202;367;142;231;87;200;16;216;52;336;44;51;422;109;72;50;363;391;7;513;96;343;89;134;48;92;210;108;388;103;47;259;460;289;206;83;478;464;430;406;145;274;510;359;133;138;337;139;292;91
P20845,60.35,40.01991653442383,Random,0,0.1,52,39.87305450439453,-0.14686203002929688,0.14686203002929688,486;330;368;476;371;369;121;409;209;205;397;143;324;347;87;501;128;31;315;142;201;430;429;349;309;475;456;226;440;478;399;255;3;69;316;311;292;46;291;175;378;340;415;493;516;181;136;420;377;101;58;222
P20845,60.35,40.01991653442383,Random,1,0.1,52,40.00249481201172,-0.017421722412109375,0.017421722412109375,435;329;394;118;138;156;145;170;313;157;223;96;332;204;1;141;446;17;79;252;190;386;174;455;376;506;361;516;341;57;336;221;480;477;127;259;82;71;2;58;274;402;161;437;192;472;494;42;303;473;352;301
P20845,60.35,40.01991653442383,Random,2,0.1,52,40.00050354003906,-0.019412994384765625,0.019412994384765625,371;67;299;238;13;350;446;161;282;54;508;77;46;196;306;189;106;76;173;346;265;428;254;6;49;179;142;58;4;391;17;132;329;8;20;360;412;348;170;86;47;5;473;23;301;342;386;33;314;279;144;222
P20845,60.35,40.01991653442383,Random,3,0.1,52,40.003387451171875,-0.016529083251953125,0.016529083251953125,343;416;355;187;242;354;149;283;412;265;464;67;185;332;429;345;14;435;517;348;277;512;77;75;263;252;475;367;89;311;444;375;342;477;116;136;33;351;102;217;173;73;188;210;163;385;297;492;366;382;407;87
P20845,60.35,40.01991653442383,Random,4,0.1,52,40.018741607666016,-0.0011749267578125,0.0011749267578125,75;192;56;92;439;485;413;144;202;11;40;45;66;136;2;416;113;283;109;46;322;169;59;385;138;99;273;490;221;470;507;115;196;298;157;335;492;313;201;306;262;318;211;127;347;23;82;118;135;359;96;73
Q8KBP5,22.0,27.213302612304688,Top important,0,0.1,21,30.307126998901367,3.0938243865966797,3.0938243865966797,71;166;93;128;98;144;112;194;157;196;198;169;203;168;185;85;110;62;47;125;139
Q8KBP5,22.0,27.213302612304688,Low important,0,0.1,21,27.213302612304688,0.0,0.0,57;44;20;109;95;86;180;76;124;36;18;131;127;116;91;2;143;53;134;101;40
Q8KBP5,22.0,27.213302612304688,Random,0,0.1,21,27.21271324157715,-0.0005893707275390625,0.0005893707275390625,27;163;187;196;104;90;124;158;6;62;11;38;74;67;12;50;183;122;28;87;81
Q8KBP5,22.0,27.213302612304688,Random,1,0.1,21,27.338937759399414,0.12563514709472656,0.12563514709472656,122;166;33;120;6;85;93;74;107;135;197;23;104;60;121;170;87;92;28;14;12
Q8KBP5,22.0,27.213302612304688,Random,2,0.1,21,27.31258773803711,0.09928512573242188,0.09928512573242188,105;70;182;82;165;144;183;197;162;166;107;93;61;5;37;11;180;137;14;75;168
Q8KBP5,22.0,27.213302612304688,Random,3,0.1,21,27.21319007873535,-0.0001125335693359375,0.0001125335693359375,140;116;137;21;48;124;152;176;187;85;143;182;28;200;41;25;35;80;96;90;6
Q8KBP5,22.0,27.213302612304688,Random,4,0.1,21,30.34075927734375,3.1274566650390625,3.1274566650390625,166;176;71;87;17;74;44;121;40;163;58;119;155;39;18;32;67;79;26;8;88
A5HKP3,37.0,27.92751693725586,Top important,0,0.1,32,40.83049392700195,12.902976989746094,12.902976989746094,262;94;105;154;116;55;78;98;119;50;129;243;255;49;292;146;269;27;241;242;149;33;272;215;296;95;203;168;185;157;301;316
A5HKP3,37.0,27.92751693725586,Low important,0,0.1,32,27.92751693725586,0.0,0.0,64;2;128;166;274;225;281;248;253;155;52;131;45;314;66;173;293;137;120;140;147;152;176;156;275;118;278;53;104;177;206;99
A5HKP3,37.0,27.92751693725586,Random,0,0.1,32,27.927053451538086,-0.0004634857177734375,0.0004634857177734375,114;225;38;96;205;68;62;12;207;193;32;78;186;288;191;264;101;11;301;86;81;174;48;4;153;36;179;211;184;303;24;280
A5HKP3,37.0,27.92751693725586,Random,1,0.1,32,26.348648071289062,-1.5788688659667969,1.5788688659667969,230;167;123;133;151;47;90;100;38;121;94;226;259;194;213;23;198;128;145;82;174;30;2;131;313;182;266;223;159;200;299;118
A5HKP3,37.0,27.92751693725586,Random,2,0.1,32,27.927518844604492,1.9073486328125e-06,1.9073486328125e-06,89;204;83;100;139;166;96;111;127;150;151;243;24;250;73;36;284;145;158;272;30;316;113;246;261;6;273;279;227;115;19;278
A5HKP3,37.0,27.92751693725586,Random,3,0.1,32,27.92747688293457,-4.00543212890625e-05,4.00543212890625e-05,91;316;170;98;164;102;278;43;64;45;31;169;290;72;221;265;179;166;210;298;48;231;240;254;109;165;208;26;85;300;151;9
A5HKP3,37.0,27.92751693725586,Random,4,0.1,32,38.468963623046875,10.541446685791016,10.541446685791016,112;123;200;86;258;126;157;194;182;247;275;132;314;60;240;94;102;103;80;95;243;56;7;106;262;16;288;256;277;208;72;237
Q9YE01,98.0,85.64607238769531,Top important,0,0.1,34,89.3875503540039,3.7414779663085938,3.7414779663085938,249;90;122;320;288;319;37;111;268;185;130;222;190;151;175;1;29;59;282;261;200;326;76;134;244;170;239;274;331;116;40;158;171;22
Q9YE01,98.0,85.64607238769531,Low important,0,0.1,34,85.64607238769531,0.0,0.0,228;309;5;304;257;232;2;31;278;92;209;202;35;14;159;126;323;318;128;68;279;36;189;99;317;144;224;66;140;69;137;109;314;193
Q9YE01,98.0,85.64607238769531,Random,0,0.1,34,85.64607238769531,0.0,0.0,327;46;232;242;292;183;4;291;108;139;197;160;214;181;123;321;31;32;298;234;218;40;88;126;236;92;65;16;293;254;313;41;241;127
Q9YE01,98.0,85.64607238769531,Random,1,0.1,34,85.90754699707031,0.261474609375,0.261474609375,41;201;143;183;172;222;311;159;154;87;17;34;263;316;177;249;153;108;147;80;169;331;9;196;243;192;219;266;69;132;224;204;211;255
Q9YE01,98.0,85.64607238769531,Random,2,0.1,34,85.64599609375,-7.62939453125e-05,7.62939453125e-05,282;176;120;187;175;99;281;287;260;258;62;202;205;24;148;302;209;174;154;54;229;244;160;189;55;116;128;60;241;74;190;28;5;47
Q9YE01,98.0,85.64607238769531,Random,3,0.1,34,85.6907958984375,0.0447235107421875,0.0447235107421875,283;49;285;23;126;305;250;202;54;58;314;312;260;234;209;296;282;315;13;185;224;275;71;94;134;306;77;142;184;2;196;319;226;106
Q9YE01,98.0,85.64607238769531,Random,4,0.1,34,85.21109008789062,-0.4349822998046875,0.4349822998046875,35;174;150;293;316;165;98;225;31;320;191;251;64;70;29;238;266;118;116;176;60;159;327;112;119;114;224;198;312;261;122;156;222;180
O87082,30.0,33.89288330078125,Top important,0,0.1,50,36.5926399230957,2.699756622314453,2.699756622314453,454;165;73;312;385;463;462;405;384;301;65;319;268;325;473;445;333;435;431;327;476;364;110;294;97;31;332;40;198;16;490;101;373;380;193;469;133;35;88;308;82;335;341;196;365;257;446;370;447;89
O87082,30.0,33.89288330078125,Low important,0,0.1,50,33.89288330078125,0.0,0.0,378;317;238;26;482;95;52;390;429;339;262;231;430;159;343;195;491;107;127;437;62;337;208;154;286;201;117;188;432;211;108;217;190;160;67;220;168;232;182;141;206;277;475;436;27;375;433;111;315;114
O87082,30.0,33.89288330078125,Random,0,0.1,50,33.586585998535156,-0.30629730224609375,0.30629730224609375,370;408;282;385;463;30;47;312;78;331;495;209;216;21;327;441;358;154;231;46;274;50;265;108;266;4;44;40;166;199;365;198;59;9;94;124;182;478;296;121;264;5;453;299;250;476;232;270;444;131
O87082,30.0,33.89288330078125,Random,1,0.1,50,33.79146194458008,-0.10142135620117188,0.10142135620117188,402;88;355;459;445;157;387;274;449;432;413;378;352;482;208;101;38;320;183;76;150;163;246;160;85;151;437;17;162;444;195;340;179;80;400;123;13;50;433;232;439;152;239;316;132;226;267;463;256;490
O87082,30.0,33.89288330078125,Random,2,0.1,50,33.892642974853516,-0.000240325927734375,0.000240325927734375,41;97;134;57;7;335;377;131;433;370;324;289;104;475;252;413;305;317;226;467;342;103;347;336;272;59;114;19;256;271;367;443;146;446;408;205;193;141;374;31;201;314;338;415;71;203;120;106;357;35
O87082,30.0,33.89288330078125,Random,3,0.1,50,34.29695510864258,0.4040718078613281,0.4040718078613281,151;300;246;413;260;474;336;78;33;53;22;390;303;12;352;52;317;205;209;442;340;144;16;452;17;435;58;112;165;73;418;451;329;199;271;253;235;497;297;408;128;322;309;461;18;436;228;45;492;391
O87082,30.0,33.89288330078125,Random,4,0.1,50,33.61399459838867,-0.2788887023925781,0.2788887023925781,359;13;282;178;111;285;184;278;130;202;321;190;417;332;165;159;425;149;307;81;84;113;30;216;1;66;365;412;140;133;27;98;147;336;486;366;248;60;439;16;364;377;92;246;372;473;427;254;192;223
Q3AEU2,70.0,46.13287353515625,Top important,0,0.1,42,51.39415740966797,5.261283874511719,5.261283874511719,316;4;285;341;261;296;35;408;242;147;98;326;10;205;41;350;223;50;24;228;397;292;254;299;219;348;25;156;271;385;370;37;297;218;30;62;272;391;262;159;19;68
Q3AEU2,70.0,46.13287353515625,Low important,0,0.1,42,46.13287353515625,0.0,0.0,148;376;70;149;240;320;295;97;387;76;40;360;169;216;39;99;167;319;146;86;329;179;367;283;247;53;266;301;253;332;362;305;270;275;309;101;318;232;343;333;264;55
Q3AEU2,70.0,46.13287353515625,Random,0,0.1,42,46.13389587402344,0.0010223388671875,0.0010223388671875,271;231;366;214;308;140;184;193;59;154;374;240;170;234;191;255;263;356;9;319;295;89;97;205;259;209;233;220;18;162;300;157;190;309;253;245;239;26;51;324;302;223
Q3AEU2,70.0,46.13287353515625,Random,1,0.1,42,46.12947463989258,-0.003398895263671875,0.003398895263671875,315;413;84;292;397;52;169;297;298;352;88;172;272;89;256;208;227;363;222;330;132;253;268;306;203;291;266;51;155;309;385;11;349;1;168;187;381;237;25;329;359;372
Q3AEU2,70.0,46.13287353515625,Random,2,0.1,42,46.13869857788086,0.005825042724609375,0.005825042724609375,153;170;362;185;205;180;28;381;333;232;391;150;49;260;134;16;203;327;70;161;229;225;270;62;380;404;267;21;354;335;132;75;33;109;379;41;9;386;281;55;371;407
Q3AEU2,70.0,46.13287353515625,Random,3,0.1,42,46.1328239440918,-4.9591064453125e-05,4.9591064453125e-05,140;163;276;368;194;93;101;343;99;373;48;14;134;184;388;403;102;57;409;100;372;272;36;204;282;113;317;20;260;142;336;244;248;179;288;90;376;294;199;406;323;29
Q3AEU2,70.0,46.13287353515625,Random,4,0.1,42,46.120361328125,-0.01251220703125,0.01251220703125,211;239;393;61;20;242;274;49;117;370;131;201;241;82;270;75;79;402;10;161;346;285;271;60;235;70;40;292;297;181;385;209;295;205;163;156;186;111;257;12;419;190
J7HDV0,37.0,37.21844482421875,Top important,0,0.1,52,39.51205825805664,2.2936134338378906,2.2936134338378906,127;3;403;198;249;9;19;154;195;366;296;39;253;57;463;222;448;431;132;359;153;122;494;306;240;493;344;356;227;360;107;400;374;232;13;217;485;238;435;432;187;471;16;423;336;483;461;444;272;62;302;489
J7HDV0,37.0,37.21844482421875,Low important,0,0.1,52,37.21844482421875,0.0,0.0,207;199;91;339;468;115;415;288;221;210;371;155;284;63;433;488;357;223;473;99;452;426;361;335;171;281;53;436;212;358;375;377;142;394;372;148;365;167;499;350;368;395;161;326;466;47;321;243;164;364;453;387
J7HDV0,37.0,37.21844482421875,Random,0,0.1,52,37.17340087890625,-0.0450439453125,0.0450439453125,84;319;106;402;510;10;4;379;232;266;493;460;295;225;452;442;431;433;136;233;409;108;281;201;470;157;490;422;54;463;159;400;382;79;497;161;271;451;146;308;291;226;103;144;269;403;23;131;219;123;197;311
J7HDV0,37.0,37.21844482421875,Random,1,0.1,52,37.2189826965332,0.000537872314453125,0.000537872314453125,32;372;468;72;313;479;303;362;262;142;117;70;94;407;179;174;222;136;36;54;311;484;356;329;374;332;314;307;317;441;364;259;416;238;353;346;491;18;457;334;168;503;119;260;47;256;57;14;23;208;343;98
J7HDV0,37.0,37.21844482421875,Random,2,0.1,52,37.21981430053711,0.001369476318359375,0.001369476318359375,372;220;157;335;199;413;126;500;136;265;339;296;330;4;172;491;81;337;108;183;26;96;101;80;115;376;378;32;497;282;121;305;194;243;20;47;362;222;237;105;489;192;91;444;164;5;200;253;385;356;369;147
J7HDV0,37.0,37.21844482421875,Random,3,0.1,52,37.21865463256836,0.000209808349609375,0.000209808349609375,139;262;507;45;500;87;384;267;227;248;512;22;402;510;126;456;502;199;343;417;81;458;67;374;290;50;209;359;479;261;328;501;232;85;115;112;42;147;467;54;364;7;32;437;108;222;256;307;125;97;485;264
J7HDV0,37.0,37.21844482421875,Random,4,0.1,52,37.21839141845703,-5.340576171875e-05,5.340576171875e-05,116;15;165;479;435;46;230;288;377;256;45;401;218;331;345;103;17;155;75;508;466;172;250;232;486;133;239;344;336;363;259;274;488;447;104;135;329;305;349;500;346;510;162;387;146;319;473;436;293;312;125;57
Q7S2S4,50.0,59.54343795776367,Top important,0,0.1,49,59.499107360839844,-0.044330596923828125,0.044330596923828125,468;153;97;475;354;409;465;114;53;63;119;366;410;355;442;314;285;39;168;31;202;12;437;19;292;481;303;365;229;203;387;448;394;321;124;136;454;84;452;453;318;248;338;298;42;287;357;370;309
Q7S2S4,50.0,59.54343795776367,Low important,0,0.1,49,59.54343795776367,0.0,0.0,479;267;482;251;383;194;165;235;286;172;162;241;117;85;289;122;239;382;65;157;134;50;480;363;214;21;32;305;412;392;201;51;288;102;401;190;212;60;18;61;211;179;415;64;206;350;83;262;158
Q7S2S4,50.0,59.54343795776367,Random,0,0.1,49,59.50786209106445,-0.03557586669921875,0.03557586669921875,355;431;391;38;268;171;244;257;248;280;198;296;176;313;135;405;273;53;78;443;84;17;83;260;99;2;159;307;16;72;329;266;75;133;76;243;380;445;349;12;73;28;227;399;286;294;371;117;400
Q7S2S4,50.0,59.54343795776367,Random,1,0.1,49,60.04350280761719,0.5000648498535156,0.5000648498535156,287;334;465;262;355;99;123;181;238;423;12;338;195;394;446;69;464;402;97;2;341;51;128;66;430;470;78;38;90;104;304;379;1;380;454;15;20;131;387;116;161;333;322;331;141;397;419;129;59
Q7S2S4,50.0,59.54343795776367,Random,2,0.1,49,59.518253326416016,-0.02518463134765625,0.02518463134765625,100;54;166;87;101;326;62;197;75;412;243;485;419;102;252;258;59;456;63;323;138;67;364;8;10;257;289;111;301;190;74;22;89;479;69;118;178;212;20;298;295;351;439;316;411;410;3;92;105
Q7S2S4,50.0,59.54343795776367,Random,3,0.1,49,59.361412048339844,-0.18202590942382812,0.18202590942382812,2;373;239;473;15;70;282;376;378;108;354;238;138;65;477;66;52;102;73;190;241;245;427;18;334;45;4;358;313;236;420;321;46;110;317;80;88;432;72;292;319;462;125;397;3;265;271;213;104
Q7S2S4,50.0,59.54343795776367,Random,4,0.1,49,57.970664978027344,-1.5727729797363281,1.5727729797363281,22;259;153;108;42;56;357;384;163;218;477;208;239;305;192;96;310;427;88;324;436;359;179;211;60;46;481;152;84;174;368;388;425;442;338;269;453;71;363;17;256;237;327;100;347;9;190;225;164
Q8IEG9,37.0,34.52820587158203,Top important,0,0.1,41,41.33526611328125,6.807060241699219,6.807060241699219,232;202;264;33;93;77;250;201;365;366;243;330;176;376;58;350;273;218;279;213;223;135;362;170;59;300;222;270;398;313;145;113;198;212;78;85;188;194;12;126;183
Q8IEG9,37.0,34.52820587158203,Low important,0,0.1,41,34.52820587158203,0.0,0.0,364;292;193;384;81;340;286;39;390;400;382;32;118;26;271;99;87;69;297;333;100;119;133;164;258;75;278;19;363;54;83;217;115;181;360;344;269;161;163;174;156
Q8IEG9,37.0,34.52820587158203,Random,0,0.1,41,35.138736724853516,0.6105308532714844,0.6105308532714844,362;172;83;238;250;273;405;262;348;232;270;43;325;132;208;222;179;48;50;155;344;318;272;141;129;326;298;13;38;11;95;374;358;6;5;314;203;171;30;290;260
Q8IEG9,37.0,34.52820587158203,Random,1,0.1,41,34.52940368652344,0.00119781494140625,0.00119781494140625,133;198;312;254;58;44;13;171;6;132;71;187;230;3;350;53;209;353;395;281;145;151;64;45;105;253;26;11;96;19;85;143;177;276;246;337;190;325;76;36;294
Q8IEG9,37.0,34.52820587158203,Random,2,0.1,41,34.51154327392578,-0.01666259765625,0.01666259765625,23;229;43;21;200;305;320;66;117;2;131;108;273;282;125;19;235;231;202;314;6;7;343;64;220;297;56;139;357;169;353;163;315;192;53;262;184;244;111;99;194
Q8IEG9,37.0,34.52820587158203,Random,3,0.1,41,34.50939178466797,-0.0188140869140625,0.0188140869140625,264;393;135;33;48;133;93;139;319;140;159;126;180;68;291;343;87;19;4;186;155;299;79;324;392;284;151;283;300;268;119;9;368;160;15;187;233;298;337;353;332
Q8IEG9,37.0,34.52820587158203,Random,4,0.1,41,34.53477478027344,0.00656890869140625,0.00656890869140625,89;323;182;169;282;93;27;37;171;383;387;86;279;354;7;302;267;398;101;1;117;196;373;233;156;188;355;59;157;111;273;177;73;235;23;297;98;217;181;337;8
Q6F4N1,72.5,66.80956268310547,Top important,0,0.1,27,70.50394439697266,3.6943817138671875,3.6943817138671875,118;77;53;235;25;257;148;99;215;193;58;61;261;205;48;91;160;177;82;194;247;238;267;47;105;159;102
Q6F4N1,72.5,66.80956268310547,Low important,0,0.1,27,66.80956268310547,0.0,0.0,85;79;201;45;106;7;107;172;97;127;5;199;203;73;56;131;252;162;195;138;161;218;139;211;36;39;41
Q6F4N1,72.5,66.80956268310547,Random,0,0.1,27,66.82696533203125,0.01740264892578125,0.01740264892578125,250;3;226;167;224;262;261;188;116;227;112;81;142;192;126;7;111;230;204;228;139;217;10;6;34;22;197
Q6F4N1,72.5,66.80956268310547,Random,1,0.1,27,66.89622497558594,0.08666229248046875,0.08666229248046875,95;58;234;5;241;126;232;251;32;72;211;16;11;107;250;101;229;159;25;49;213;219;153;208;236;132;170
Q6F4N1,72.5,66.80956268310547,Random,2,0.1,27,66.91091918945312,0.10135650634765625,0.10135650634765625,51;253;222;244;255;228;7;131;173;212;224;81;57;156;2;24;214;178;250;174;70;102;155;148;37;25;210
Q6F4N1,72.5,66.80956268310547,Random,3,0.1,27,63.590110778808594,-3.219451904296875,3.219451904296875,156;166;42;247;236;190;8;114;204;28;47;77;43;133;202;51;208;231;170;162;260;163;224;81;160;175;177
Q6F4N1,72.5,66.80956268310547,Random,4,0.1,27,66.95304870605469,0.14348602294921875,0.14348602294921875,100;210;166;131;202;28;34;205;97;130;151;194;75;179;51;76;7;170;206;25;237;220;243;180;242;133;208
P0CW04,35.0,31.959285736083984,Top important,0,0.1,41,34.983642578125,3.0243568420410156,3.0243568420410156,310;254;314;106;333;42;396;175;340;393;180;114;362;29;80;355;256;351;138;96;94;220;171;19;219;262;398;74;392;353;129;37;90;30;98;156;132;384;166;293;184
P0CW04,35.0,31.959285736083984,Low important,0,0.1,41,31.959285736083984,0.0,0.0,236;58;226;192;291;215;104;92;239;71;253;205;100;370;252;338;273;151;407;191;382;245;329;126;204;149;280;18;379;158;5;119;26;248;326;137;17;127;162;144;249
P0CW04,35.0,31.959285736083984,Random,0,0.1,41,31.955795288085938,-0.003490447998046875,0.003490447998046875,305;283;395;55;19;382;214;265;362;351;175;77;87;203;297;312;319;33;22;388;105;397;295;337;384;70;243;145;248;393;17;234;262;253;120;162;342;101;224;3;148
P0CW04,35.0,31.959285736083984,Random,1,0.1,41,32.30710220336914,0.34781646728515625,0.34781646728515625,70;79;133;33;246;220;193;97;290;389;323;92;190;343;309;214;55;121;254;247;358;64;95;350;314;1;19;28;353;67;61;249;18;191;205;152;231;25;261;120;329
P0CW04,35.0,31.959285736083984,Random,2,0.1,41,31.957021713256836,-0.0022640228271484375,0.0022640228271484375,217;178;154;373;338;101;86;224;37;151;141;231;164;220;26;179;93;44;331;92;142;52;205;114;4;190;16;116;244;344;180;188;324;362;227;316;12;389;262;102;237
P0CW04,35.0,31.959285736083984,Random,3,0.1,41,31.95920753479004,-7.82012939453125e-05,7.82012939453125e-05,277;74;219;264;141;379;212;327;315;120;302;213;276;235;163;108;93;126;383;317;16;299;173;238;323;113;348;124;234;19;6;53;68;24;240;309;176;133;123;334;51
P0CW04,35.0,31.959285736083984,Random,4,0.1,41,31.950653076171875,-0.008632659912109375,0.008632659912109375,181;151;155;87;17;399;234;16;283;90;243;95;240;204;366;277;34;274;308;340;318;293;197;257;158;71;374;66;311;165;345;220;392;354;174;8;82;259;339;140;249
O42801,45.0,48.851680755615234,Top important,0,0.1,54,53.2927131652832,4.441032409667969,4.441032409667969,69;496;403;63;48;17;319;393;252;432;379;208;324;64;93;257;362;211;72;416;159;212;65;36;344;75;119;505;45;533;424;402;282;534;49;251;33;98;236;523;443;118;342;467;216;238;240;120;452;272;330;499;10;519
O42801,45.0,48.851680755615234,Low important,0,0.1,54,48.851680755615234,0.0,0.0,418;315;515;67;226;202;351;173;302;155;346;449;408;378;207;527;151;86;484;54;343;480;189;385;307;41;241;153;310;264;58;260;423;488;57;128;459;331;490;101;506;458;39;350;448;455;112;503;314;32;188;107;125;40
O42801,45.0,48.851680755615234,Random,0,0.1,54,49.21171188354492,0.3600311279296875,0.3600311279296875,428;198;152;444;100;376;451;123;39;193;496;536;321;178;415;64;494;534;468;435;113;37;486;5;535;111;186;388;296;136;23;84;443;327;35;66;95;441;54;271;2;106;206;85;508;177;160;87;497;141;523;98;314;128
O42801,45.0,48.851680755615234,Random,1,0.1,54,48.80863571166992,-0.0430450439453125,0.0430450439453125,382;439;481;520;299;448;42;104;273;133;218;45;533;408;441;388;184;25;316;416;91;482;413;341;429;379;243;290;471;366;37;183;123;326;396;434;130;368;151;223;136;464;509;19;469;192;58;259;252;283;280;18;8;347
O42801,45.0,48.851680755615234,Random,2,0.1,54,48.851593017578125,-8.7738037109375e-05,8.7738037109375e-05,203;32;225;503;18;237;297;200;222;25;401;418;337;42;398;420;22;396;169;446;57;179;112;242;532;391;6;38;97;435;265;385;30;470;206;130;148;19;459;258;475;98;283;299;521;296;78;400;505;353;447;384;124;423
O42801,45.0,48.851680755615234,Random,3,0.1,54,48.84019088745117,-0.0114898681640625,0.0114898681640625,286;338;389;427;395;225;228;367;408;488;278;198;140;456;423;480;152;376;341;476;103;534;373;263;52;320;41;492;475;196;433;135;72;165;325;188;81;380;285;109;129;288;467;461;400;511;299;432;34;267;7;46;415;212
O42801,45.0,48.851680755615234,Random,4,0.1,54,48.476585388183594,-0.3750953674316406,0.3750953674316406,159;519;460;186;321;503;437;50;175;470;142;45;432;114;9;200;404;214;316;254;3;527;327;293;31;362;360;19;381;63;65;304;10;134;428;148;107;511;354;270;150;131;14;306;370;439;342;112;100;88;147;508;315;435
J9R912,40.0,46.05611801147461,Top important,0,0.1,24,51.88251876831055,5.8264007568359375,5.8264007568359375,188;132;89;224;161;90;155;213;25;131;229;127;105;210;24;180;187;33;191;51;41;38;204;52
J9R912,40.0,46.05611801147461,Low important,0,0.1,24,46.05611801147461,0.0,0.0,115;215;207;78;2;99;40;117;49;103;88;118;96;138;111;93;165;13;120;158;144;8;116;153
J9R912,40.0,46.05611801147461,Random,0,0.1,24,46.039039611816406,-0.017078399658203125,0.017078399658203125,143;14;57;118;127;73;119;160;39;196;106;83;7;123;51;155;163;104;97;85;86;9;138;108
J9R912,40.0,46.05611801147461,Random,1,0.1,24,46.05584716796875,-0.000270843505859375,0.000270843505859375,156;154;177;135;58;144;173;103;185;171;222;41;231;8;160;82;230;169;195;143;120;168;200;228
J9R912,40.0,46.05611801147461,Random,2,0.1,24,46.05610656738281,-1.1444091796875e-05,1.1444091796875e-05,153;98;34;169;14;111;184;93;92;135;47;211;222;1;199;107;99;160;175;231;232;97;3;73
J9R912,40.0,46.05611801147461,Random,3,0.1,24,46.05464553833008,-0.00147247314453125,0.00147247314453125,151;71;173;19;52;178;96;48;105;97;196;13;55;220;94;26;8;221;158;106;149;79;208;142
J9R912,40.0,46.05611801147461,Random,4,0.1,24,46.04475402832031,-0.011363983154296875,0.011363983154296875,99;202;7;43;203;127;145;163;186;15;167;210;91;160;205;107;138;22;199;21;124;174;23;55
Q97WW0,50.0,78.58012390136719,Top important,0,0.1,24,81.31227111816406,2.732147216796875,2.732147216796875,28;14;3;206;150;64;229;103;133;167;183;9;158;130;52;18;68;188;108;153;24;41;70;91
Q97WW0,50.0,78.58012390136719,Low important,0,0.1,24,78.58012390136719,0.0,0.0,29;2;13;97;47;34;131;142;22;128;141;177;171;204;212;118;208;76;79;215;182;62;59;105
Q97WW0,50.0,78.58012390136719,Random,0,0.1,24,78.80547332763672,0.22534942626953125,0.22534942626953125,133;192;172;234;154;120;226;187;126;48;228;35;30;227;215;89;196;108;150;208;65;213;118;134
Q97WW0,50.0,78.58012390136719,Random,1,0.1,24,78.50375366210938,-0.0763702392578125,0.0763702392578125,2;55;146;190;110;135;80;120;73;209;160;189;161;206;117;71;4;57;141;126;167;7;1;174
Q97WW0,50.0,78.58012390136719,Random,2,0.1,24,78.57891082763672,-0.00121307373046875,0.00121307373046875,49;222;152;170;12;216;60;90;137;74;16;111;211;55;160;54;128;10;62;134;88;167;112;213
Q97WW0,50.0,78.58012390136719,Random,3,0.1,24,78.57941436767578,-0.00070953369140625,0.00070953369140625,78;179;4;20;25;191;214;95;93;162;164;110;155;165;183;234;218;62;167;147;15;94;48;205
Q97WW0,50.0,78.58012390136719,Random,4,0.1,24,78.57870483398438,-0.0014190673828125,0.0014190673828125,104;142;186;112;89;83;210;78;88;92;94;77;63;45;15;24;231;198;41;235;175;167;238;58
P39485,37.0,29.70315170288086,Top important,0,0.1,27,38.83613204956055,9.132980346679688,9.132980346679688,81;137;62;147;129;252;197;187;102;50;13;219;48;179;162;42;43;215;220;68;8;61;142;261;209;41;125
P39485,37.0,29.70315170288086,Low important,0,0.1,27,29.70315170288086,0.0,0.0,143;189;159;200;227;246;35;25;36;2;212;112;160;11;254;146;34;54;126;235;12;176;231;10;213;140;90
P39485,37.0,29.70315170288086,Random,0,0.1,27,35.94545364379883,6.242301940917969,6.242301940917969,54;68;247;81;235;61;201;218;58;233;167;196;82;170;238;44;210;234;30;102;106;111;137;79;140;109;74
P39485,37.0,29.70315170288086,Random,1,0.1,27,31.938257217407227,2.235105514526367,2.235105514526367,47;193;176;45;228;26;40;121;141;4;152;248;98;81;62;234;43;118;218;232;91;32;129;67;145;46;136
P39485,37.0,29.70315170288086,Random,2,0.1,27,29.702632904052734,-0.000518798828125,0.000518798828125,152;102;140;57;142;120;47;63;53;41;48;189;260;149;235;123;26;74;50;100;200;19;44;171;208;14;42
P39485,37.0,29.70315170288086,Random,3,0.1,27,32.10380935668945,2.4006576538085938,2.4006576538085938,109;1;179;65;120;166;131;46;114;35;69;81;127;226;132;229;182;29;78;105;180;224;128;62;124;126;90
P39485,37.0,29.70315170288086,Random,4,0.1,27,29.702682495117188,-0.000469207763671875,0.000469207763671875,257;206;183;50;64;232;12;30;215;214;162;142;57;8;41;119;173;178;60;186;217;228;135;220;205;138;2
P19881,37.0,32.31794738769531,Top important,0,0.1,32,31.90855598449707,-0.4093914031982422,0.4093914031982422,288;158;122;112;14;46;83;300;310;75;57;49;12;130;10;280;180;165;123;278;295;299;185;76;169;170;202;110;128;179;305;39
P19881,37.0,32.31794738769531,Low important,0,0.1,32,32.31794738769531,0.0,0.0,25;221;145;59;160;35;188;292;283;91;100;140;29;78;148;94;198;257;263;163;60;208;232;113;162;114;28;62;88;77;216;71
P19881,37.0,32.31794738769531,Random,0,0.1,32,32.25260543823242,-0.06534194946289062,0.06534194946289062,226;128;264;221;64;98;109;40;37;139;267;246;26;252;22;228;247;57;182;285;262;67;102;180;213;300;266;279;90;14;131;92
P19881,37.0,32.31794738769531,Random,1,0.1,32,33.51521682739258,1.1972694396972656,1.1972694396972656,288;106;202;215;277;140;155;34;15;281;275;220;64;283;198;163;144;98;267;114;77;88;241;259;285;286;261;82;188;16;76;187
P19881,37.0,32.31794738769531,Random,2,0.1,32,32.721073150634766,0.4031257629394531,0.4031257629394531,295;276;16;132;74;274;227;172;136;271;259;117;312;91;72;203;302;6;26;168;88;66;59;122;115;164;187;78;110;156;170;20
P19881,37.0,32.31794738769531,Random,3,0.1,32,32.71712875366211,0.3991813659667969,0.3991813659667969,181;31;253;293;75;88;249;149;62;30;275;16;27;117;300;116;50;77;3;58;289;238;64;122;196;87;279;39;194;228;26;18
P19881,37.0,32.31794738769531,Random,4,0.1,32,32.262001037597656,-0.05594635009765625,0.05594635009765625,175;209;44;230;172;18;174;234;311;161;300;254;202;14;270;132;26;185;4;103;167;80;266;240;104;225;247;179;147;50;86;99
H8Y263,60.0,51.66335678100586,Top important,0,0.1,76,56.822547912597656,5.159191131591797,5.159191131591797,275;634;281;627;285;583;481;572;643;729;52;29;740;466;26;282;170;91;253;314;550;514;167;289;528;503;440;380;156;611;232;536;87;132;222;632;373;49;703;102;97;286;413;584;67;80;122;185;205;357;230;407;221;697;571;615;469;359;196;569;502;293;594;349;672;548;151;509;53;728;144;425;622;30;374;693
H8Y263,60.0,51.66335678100586,Low important,0,0.1,76,51.66335678100586,0.0,0.0,19;22;723;174;685;23;247;600;661;592;384;741;468;341;299;236;553;720;426;40;110;321;558;166;428;628;581;443;710;343;138;270;46;687;411;398;591;460;273;588;596;673;522;362;561;430;499;678;346;376;188;608;410;557;538;577;473;258;183;377;491;82;162;300;364;237;250;368;94;137;280;378;304;350;493;429
H8Y263,60.0,51.66335678100586,Random,0,0.1,76,51.662635803222656,-0.000720977783203125,0.000720977783203125,513;417;487;364;608;530;739;77;388;609;722;301;448;741;290;652;552;422;380;748;723;389;504;315;306;121;689;256;396;579;546;309;127;686;412;673;57;41;473;703;458;502;189;126;323;299;348;143;645;171;603;243;149;33;221;498;472;37;737;312;351;535;531;697;350;154;726;145;432;119;139;630;8;395;640;116
H8Y263,60.0,51.66335678100586,Random,1,0.1,76,51.679752349853516,0.01639556884765625,0.01639556884765625,327;528;273;478;751;505;172;249;113;353;502;163;237;101;78;741;377;399;366;169;613;580;182;289;667;52;632;645;87;31;114;746;501;410;585;436;732;209;279;269;291;716;508;555;701;188;475;400;532;407;642;473;153;649;358;262;454;100;121;20;651;256;18;391;680;88;74;230;287;271;323;509;210;154;709;422
H8Y263,60.0,51.66335678100586,Random,2,0.1,76,51.679481506347656,0.016124725341796875,0.016124725341796875,351;750;104;564;109;160;203;505;729;692;609;173;181;620;182;668;142;424;469;64;134;709;194;249;121;224;333;316;357;242;557;67;549;238;512;417;10;546;483;222;274;25;130;636;520;647;624;29;150;230;587;442;432;710;701;383;419;393;209;608;659;414;112;486;133;167;161;223;331;702;553;446;507;122;36;617
H8Y263,60.0,51.66335678100586,Random,3,0.1,76,51.648555755615234,-0.014801025390625,0.014801025390625,436;325;365;522;434;392;247;513;97;438;472;729;106;742;446;719;246;450;234;358;470;320;343;388;158;605;462;40;62;698;218;233;573;594;270;575;201;694;567;346;713;15;418;4;736;750;593;731;624;120;747;312;352;49;569;17;273;510;689;695;455;165;636;143;260;659;360;626;138;331;577;692;641;220;261;477
H8Y263,60.0,51.66335678100586,Random,4,0.1,76,51.58877944946289,-0.07457733154296875,0.07457733154296875,244;605;625;127;347;166;100;486;176;258;443;743;69;80;81;686;738;472;137;711;451;188;185;108;371;612;675;43;306;41;594;728;327;730;427;663;367;469;653;434;55;425;189;659;229;169;9;336;68;56;119;85;690;290;538;222;232;417;664;568;152;557;580;378;635;626;91;140;539;429;572;571;491;7;314;408
Q82L49,30.0,27.784526824951172,Top important,0,0.1,73,38.93048095703125,11.145954132080078,11.145954132080078,316;169;45;501;685;75;704;201;291;568;28;670;400;36;241;23;508;613;497;531;651;604;55;332;217;289;472;485;174;386;63;101;378;410;358;610;343;161;471;42;327;259;196;597;208;617;274;177;350;393;282;133;356;580;438;366;310;276;328;30;100;392;235;156;635;555;542;296;658;365;87;39;319
Q82L49,30.0,27.784526824951172,Low important,0,0.1,73,27.784526824951172,0.0,0.0,220;301;487;83;399;620;15;82;123;227;677;135;138;590;233;61;426;251;530;145;90;605;293;236;312;273;33;680;231;377;151;482;13;489;480;167;430;552;596;176;111;32;720;503;325;88;200;388;243;81;119;228;74;179;589;270;544;614;304;168;80;173;457;261;629;491;287;79;188;533;84;85;458
Q82L49,30.0,27.784526824951172,Random,0,0.1,73,27.52872085571289,-0.25580596923828125,0.25580596923828125,278;360;692;206;617;280;671;348;594;330;202;235;171;226;687;298;445;283;39;702;583;457;523;282;45;90;314;665;670;535;126;269;302;306;217;614;195;63;499;411;346;619;351;542;266;125;92;512;394;606;528;211;109;140;717;350;651;673;91;309;150;51;274;353;26;468;644;258;579;628;335;14;589
Q82L49,30.0,27.784526824951172,Random,1,0.1,73,27.783519744873047,-0.001007080078125,0.001007080078125,106;521;12;306;138;185;224;515;602;307;361;507;479;369;530;19;82;35;469;364;579;711;171;376;357;463;448;637;212;466;409;56;16;591;92;73;465;201;549;427;152;183;453;643;61;337;15;544;387;415;59;198;103;147;126;556;550;596;490;318;508;417;257;163;51;398;250;642;567;693;498;193;373
Q82L49,30.0,27.784526824951172,Random,2,0.1,73,27.784549713134766,2.288818359375e-05,2.288818359375e-05,222;359;625;352;562;388;108;283;174;83;707;722;245;584;121;274;124;507;41;110;139;228;180;196;694;325;239;270;175;147;347;27;384;425;626;84;658;593;417;343;53;563;259;617;705;531;46;702;592;42;553;518;437;420;225;604;199;335;204;123;38;488;393;376;58;18;166;51;203;639;423;391;240
Q82L49,30.0,27.784526824951172,Random,3,0.1,73,27.783550262451172,-0.0009765625,0.0009765625,488;99;332;555;570;356;239;715;204;446;312;566;706;201;91;241;595;373;300;290;286;236;122;427;135;157;179;377;525;328;58;565;303;329;600;83;202;486;176;453;489;260;242;254;426;261;540;492;11;679;639;3;346;470;60;55;281;362;130;324;125;665;579;546;538;367;14;220;661;233;331;702;506
Q82L49,30.0,27.784526824951172,Random,4,0.1,73,27.73025131225586,-0.0542755126953125,0.0542755126953125,643;153;66;249;666;427;144;318;642;246;118;189;554;216;138;210;719;546;662;594;109;675;252;501;655;604;576;74;368;472;394;682;36;461;329;698;123;107;562;235;352;27;7;100;577;435;571;358;420;61;499;204;490;689;660;543;519;348;280;376;129;395;241;508;160;287;285;35;592;408;256;570;430
Q7X481,32.5,40.45148849487305,Top important,0,0.1,80,47.10177230834961,6.6502838134765625,6.6502838134765625,371;233;772;461;365;783;249;265;422;792;404;35;243;193;263;373;703;457;717;750;447;516;597;11;743;313;569;757;587;340;524;627;510;168;30;84;700;521;540;464;610;108;390;96;185;156;605;144;132;591;418;656;609;289;246;257;17;346;392;26;19;659;538;290;15;728;574;570;199;218;665;1;537;29;285;2;779;304;219;696
Q7X481,32.5,40.45148849487305,Low important,0,0.1,80,40.45148849487305,0.0,0.0,394;531;710;689;471;375;198;614;276;364;226;694;129;642;378;21;451;602;326;197;429;354;619;629;463;606;426;253;603;484;20;7;322;22;377;667;507;628;436;8;449;344;58;28;27;423;34;294;182;202;563;76;172;500;504;770;688;652;88;517;160;112;124;100;148;136;601;518;357;181;40;74;170;86;158;122;146;134;110;98
Q7X481,32.5,40.45148849487305,Random,0,0.1,80,40.451133728027344,-0.000354766845703125,0.000354766845703125,732;707;501;649;502;791;535;598;642;664;552;398;632;271;295;386;563;723;726;234;200;33;120;101;493;444;584;621;722;312;704;262;222;217;594;682;79;641;779;659;126;706;113;384;388;281;748;462;81;315;343;3;396;283;63;199;469;614;504;762;692;534;198;589;400;278;769;162;424;137;352;795;231;319;6;569;645;330;65;560
Q7X481,32.5,40.45148849487305,Random,1,0.1,80,36.841121673583984,-3.6103668212890625,3.6103668212890625,76;633;615;587;171;24;774;425;165;349;781;423;724;296;390;487;732;471;663;216;300;167;574;41;144;232;228;656;522;653;410;316;546;727;280;226;759;114;302;2;11;220;746;637;478;421;715;214;479;292;447;408;679;124;174;135;17;577;78;512;250;119;350;394;51;132;702;459;231;371;138;564;511;700;562;657;776;160;501;213
Q7X481,32.5,40.45148849487305,Random,2,0.1,80,42.74271011352539,2.2912216186523438,2.2912216186523438,559;493;252;598;620;473;474;739;501;723;99;150;246;274;375;222;32;295;435;365;258;458;94;538;119;634;466;651;423;296;90;46;505;499;504;146;722;575;278;564;761;491;632;314;583;668;366;503;205;179;728;60;408;122;166;608;412;518;233;732;561;134;714;665;752;516;415;702;338;17;481;71;539;448;603;798;242;534;29;512
Q7X481,32.5,40.45148849487305,Random,3,0.1,80,40.43751525878906,-0.013973236083984375,0.013973236083984375,412;79;565;491;703;651;166;494;415;156;452;56;72;535;551;388;139;93;673;204;404;700;767;526;403;290;566;303;251;655;180;165;283;301;222;154;400;27;787;624;75;362;191;140;605;291;54;557;636;709;242;176;49;441;752;574;341;588;150;401;81;707;517;723;356;681;372;442;284;676;693;642;370;181;354;696;235;664;749;351
Q7X481,32.5,40.45148849487305,Random,4,0.1,80,36.83953094482422,-3.611957550048828,3.611957550048828,698;748;100;514;778;31;286;531;383;360;796;611;720;753;255;639;164;89;146;424;419;247;93;10;291;99;359;323;602;574;192;379;519;633;256;589;172;371;441;295;344;260;224;313;550;619;473;136;635;547;496;564;357;787;193;656;363;123;95;733;75;71;675;767;510;566;723;573;244;590;586;125;267;594;69;608;436;201;729;433
Q2PGY1,55.0,58.71512222290039,Top important,0,0.1,22,56.47461700439453,-2.2405052185058594,2.2405052185058594,77;113;132;61;131;215;48;156;96;85;147;6;81;99;173;205;217;54;44;117;98;41
Q2PGY1,55.0,58.71512222290039,Low important,0,0.1,22,58.71512222290039,0.0,0.0,34;146;122;166;93;86;7;43;4;46;216;21;115;202;200;149;11;13;142;2;125;8
Q2PGY1,55.0,58.71512222290039,Random,0,0.1,22,58.84260940551758,0.1274871826171875,0.1274871826171875,117;142;55;99;18;51;73;154;215;35;176;178;160;80;21;143;167;61;100;166;118;107
Q2PGY1,55.0,58.71512222290039,Random,1,0.1,22,59.580387115478516,0.865264892578125,0.865264892578125,42;90;100;96;49;28;109;30;151;97;194;168;189;9;14;112;193;216;11;41;133;132
Q2PGY1,55.0,58.71512222290039,Random,2,0.1,22,58.83612823486328,0.12100601196289062,0.12100601196289062,195;13;15;49;39;211;1;158;69;125;66;186;128;2;112;48;153;183;61;105;159;50
Q2PGY1,55.0,58.71512222290039,Random,3,0.1,22,58.71498107910156,-0.000141143798828125,0.000141143798828125,182;88;184;173;140;53;79;202;98;139;164;87;117;67;56;187;155;38;74;158;166;176
Q2PGY1,55.0,58.71512222290039,Random,4,0.1,22,58.70154571533203,-0.013576507568359375,0.013576507568359375,192;33;118;73;203;106;26;17;115;212;131;99;170;63;54;64;172;50;136;144;183;197
Q9UVY4,80.0,45.01131057739258,Top important,0,0.1,54,49.89169692993164,4.8803863525390625,4.8803863525390625,374;527;26;247;205;19;308;8;16;380;369;357;213;66;434;140;207;326;318;174;351;22;487;359;531;493;206;222;169;424;57;221;268;312;467;436;304;197;402;98;35;383;91;432;216;30;342;391;21;107;386;145;254;352
Q9UVY4,80.0,45.01131057739258,Low important,0,0.1,54,45.01131057739258,0.0,0.0,292;379;468;341;257;279;256;136;358;41;415;226;459;500;282;37;129;114;86;269;138;56;165;101;171;396;378;454;146;115;159;195;382;375;472;419;128;277;242;82;203;104;469;40;237;239;110;311;238;109;121;294;416;246
Q9UVY4,80.0,45.01131057739258,Random,0,0.1,54,44.60346984863281,-0.4078407287597656,0.4078407287597656,394;135;412;119;481;454;335;178;420;452;57;461;25;40;419;469;406;459;75;388;290;270;455;267;468;330;530;428;326;5;109;380;80;48;101;11;503;22;127;322;413;409;505;301;173;496;399;473;377;297;498;527;453;336
Q9UVY4,80.0,45.01131057739258,Random,1,0.1,54,45.009220123291016,-0.0020904541015625,0.0020904541015625,238;112;264;39;190;336;526;35;258;278;104;239;501;327;416;520;393;430;376;506;490;186;410;207;407;141;497;500;270;111;358;7;437;228;144;261;507;457;136;134;42;73;164;53;418;86;273;94;181;8;102;483;401;435
Q9UVY4,80.0,45.01131057739258,Random,2,0.1,54,45.01130676269531,-3.814697265625e-06,3.814697265625e-06,342;287;497;149;236;401;282;471;277;498;483;341;318;15;177;464;335;361;392;334;518;347;152;11;157;449;475;81;362;477;473;264;45;148;63;42;274;413;304;20;509;350;183;496;411;246;41;400;25;356;108;218;505;272
Q9UVY4,80.0,45.01131057739258,Random,3,0.1,54,44.96442794799805,-0.04688262939453125,0.04688262939453125,12;348;236;68;448;419;406;159;330;504;512;294;371;91;296;92;26;210;78;238;147;410;69;188;423;312;138;191;86;265;80;531;509;365;120;104;375;431;251;245;370;324;350;414;412;508;361;288;15;63;98;363;432;158
Q9UVY4,80.0,45.01131057739258,Random,4,0.1,54,45.00981140136719,-0.001499176025390625,0.001499176025390625,314;282;394;316;254;360;295;504;194;440;119;395;317;452;306;475;143;388;239;408;419;133;102;525;66;135;256;518;232;9;46;402;287;240;436;88;168;458;101;470;118;127;150;334;384;99;488;382;305;185;94;378;416;247
Q838N5,35.0,32.554443359375,Top important,0,0.1,22,34.84735107421875,2.29290771484375,2.29290771484375,38;157;123;63;155;77;87;210;193;93;122;26;71;25;167;163;174;111;23;106;137;7
Q838N5,35.0,32.554443359375,Low important,0,0.1,22,32.554443359375,0.0,0.0,184;161;69;28;2;44;170;20;85;153;11;151;181;70;82;51;202;47;143;144;12;104
Q838N5,35.0,32.554443359375,Random,0,0.1,22,32.12358093261719,-0.4308624267578125,0.4308624267578125,75;113;3;146;161;116;135;174;149;179;152;28;176;55;155;57;195;23;134;32;73;210
Q838N5,35.0,32.554443359375,Random,1,0.1,22,32.553592681884766,-0.000850677490234375,0.000850677490234375,151;167;42;153;108;132;144;149;127;194;100;136;18;137;207;199;44;26;113;125;105;186
Q838N5,35.0,32.554443359375,Random,2,0.1,22,32.5491943359375,-0.0052490234375,0.0052490234375,49;203;200;120;58;6;177;100;35;111;144;93;169;139;91;195;122;72;178;76;137;18
Q838N5,35.0,32.554443359375,Random,3,0.1,22,32.5726432800293,0.018199920654296875,0.018199920654296875,71;177;87;40;148;88;192;144;171;49;152;14;110;3;159;94;23;146;184;125;105;50
Q838N5,35.0,32.554443359375,Random,4,0.1,22,34.04081726074219,1.4863739013671875,1.4863739013671875,13;44;98;26;189;103;92;151;100;45;49;25;186;59;199;112;163;12;196;172;15;123
J7I0S9,25.0,24.367168426513672,Top important,0,0.1,27,36.32723617553711,11.960067749023438,11.960067749023438,106;260;7;32;199;36;102;261;138;211;227;39;159;35;191;195;268;8;95;207;42;1;24;110;134;67;226
J7I0S9,25.0,24.367168426513672,Low important,0,0.1,27,24.367168426513672,0.0,0.0,6;79;113;219;171;4;33;203;184;193;265;88;148;246;5;93;73;65;251;109;262;54;142;192;234;257;173
J7I0S9,25.0,24.367168426513672,Random,0,0.1,27,24.98834228515625,0.6211738586425781,0.6211738586425781,148;165;157;66;212;3;62;106;145;4;248;109;178;223;81;221;152;2;155;169;120;24;177;17;261;104;251
J7I0S9,25.0,24.367168426513672,Random,1,0.1,27,24.16979217529297,-0.19737625122070312,0.19737625122070312,131;17;59;76;235;124;247;82;236;141;248;260;192;215;266;195;38;128;228;27;223;259;39;208;117;212;230
J7I0S9,25.0,24.367168426513672,Random,2,0.1,27,24.35765838623047,-0.009510040283203125,0.009510040283203125,244;57;250;121;105;18;102;157;254;29;91;187;90;77;191;113;103;69;116;186;61;269;226;183;15;31;256
J7I0S9,25.0,24.367168426513672,Random,3,0.1,27,24.365846633911133,-0.0013217926025390625,0.0013217926025390625,17;99;227;37;149;79;217;187;40;132;160;261;150;109;130;2;240;235;173;97;181;23;134;26;72;155;113
J7I0S9,25.0,24.367168426513672,Random,4,0.1,27,24.331241607666016,-0.03592681884765625,0.03592681884765625,126;214;112;199;200;9;69;64;227;57;203;249;224;18;123;114;136;267;63;72;83;8;42;93;1;131;236
Q6KBS7,22.0,34.6146125793457,Top important,0,0.1,30,41.110023498535156,6.495410919189453,6.495410919189453,281;236;241;44;87;220;248;54;262;297;216;240;21;41;174;221;15;12;162;233;150;184;42;77;225;188;237;65;134;75
Q6KBS7,22.0,34.6146125793457,Low important,0,0.1,30,34.6146125793457,0.0,0.0,140;293;235;79;176;258;20;153;30;218;226;83;152;104;196;73;127;91;186;180;147;4;253;198;172;125;149;175;141;81
Q6KBS7,22.0,34.6146125793457,Random,0,0.1,30,36.69965744018555,2.0850448608398438,2.0850448608398438,31;264;91;199;44;21;89;113;245;223;190;285;233;210;200;162;156;149;132;122;277;281;169;58;47;187;262;179;104;184
Q6KBS7,22.0,34.6146125793457,Random,1,0.1,30,34.616477966308594,0.001865386962890625,0.001865386962890625,99;218;122;120;247;278;37;12;285;224;93;65;215;96;273;143;66;182;70;277;279;258;21;140;202;86;139;171;68;167
Q6KBS7,22.0,34.6146125793457,Random,2,0.1,30,34.61460876464844,-3.814697265625e-06,3.814697265625e-06,139;210;184;4;186;195;146;142;172;286;50;88;227;114;22;62;173;134;141;288;293;183;70;265;110;244;207;129;175;237
Q6KBS7,22.0,34.6146125793457,Random,3,0.1,30,34.61661148071289,0.0019989013671875,0.0019989013671875,201;257;111;102;267;263;188;264;34;33;203;7;198;140;213;21;116;144;65;249;282;88;299;286;165;259;120;1;59;64
Q6KBS7,22.0,34.6146125793457,Random,4,0.1,30,34.45394515991211,-0.16066741943359375,0.16066741943359375,250;137;283;157;79;106;96;138;286;178;263;129;76;27;236;185;210;248;225;205;234;105;155;201;59;91;100;276;133;139
P0AGG2,25.0,29.189847946166992,Top important,0,0.1,29,34.9906120300293,5.800764083862305,5.800764083862305,48;230;195;242;117;18;286;58;177;14;172;285;269;217;174;132;214;97;76;70;218;137;96;26;71;171;179;116;225
P0AGG2,25.0,29.189847946166992,Low important,0,0.1,29,29.189847946166992,0.0,0.0,82;140;80;246;283;100;112;89;159;233;182;77;210;193;88;162;65;257;42;228;273;125;61;74;234;101;64;105;109
P0AGG2,25.0,29.189847946166992,Random,0,0.1,29,29.189424514770508,-0.000423431396484375,0.000423431396484375,245;3;2;38;66;183;46;78;174;209;280;47;52;168;277;149;191;270;211;158;151;77;101;208;249;233;229;80;127
P0AGG2,25.0,29.189847946166992,Random,1,0.1,29,29.189847946166992,0.0,0.0,272;181;24;109;283;150;125;122;64;213;192;3;12;164;253;19;144;106;105;84;188;55;98;215;139;21;244;268;284
P0AGG2,25.0,29.189847946166992,Random,2,0.1,29,29.104618072509766,-0.08522987365722656,0.08522987365722656,19;127;29;229;5;58;270;255;209;99;277;212;18;164;21;85;94;72;3;26;199;217;90;234;118;156;192;133;111
P0AGG2,25.0,29.189847946166992,Random,3,0.1,29,29.189603805541992,-0.000244140625,0.000244140625,12;197;108;88;26;229;193;223;255;214;115;103;114;21;234;169;228;112;130;82;280;113;283;157;119;202;52;138;61
P0AGG2,25.0,29.189847946166992,Random,4,0.1,29,28.840595245361328,-0.34925270080566406,0.34925270080566406,268;124;154;277;16;267;136;67;214;78;146;222;182;271;155;240;179;283;158;93;106;17;43;130;230;89;236;99;275
B3TZD8,30.0,29.7894287109375,Top important,0,0.1,39,34.65532684326172,4.865898132324219,4.865898132324219,4;67;105;230;99;295;386;309;380;319;199;243;50;260;329;9;323;206;203;141;37;168;84;106;305;273;54;56;77;158;277;88;14;24;364;79;181;370;35
B3TZD8,30.0,29.7894287109375,Low important,0,0.1,39,29.7894287109375,0.0,0.0,265;201;17;318;202;222;200;178;188;285;32;22;262;109;5;34;177;125;377;272;108;149;218;136;216;283;313;317;316;229;328;245;361;242;288;197;346;195;48
B3TZD8,30.0,29.7894287109375,Random,0,0.1,39,29.832958221435547,0.043529510498046875,0.043529510498046875,248;104;151;171;363;61;277;126;265;158;180;142;366;300;136;230;97;322;298;306;258;228;291;382;19;116;39;7;112;375;376;341;141;46;377;143;32;79;114
B3TZD8,30.0,29.7894287109375,Random,1,0.1,39,29.78237533569336,-0.007053375244140625,0.007053375244140625,251;319;110;165;63;11;31;73;185;374;294;292;291;372;25;324;140;334;236;64;28;249;261;339;197;100;41;101;267;163;54;12;78;159;303;276;284;18;223
B3TZD8,30.0,29.7894287109375,Random,2,0.1,39,29.745426177978516,-0.044002532958984375,0.044002532958984375,29;82;125;284;80;277;353;126;159;148;337;90;101;385;208;170;312;384;222;174;135;306;264;23;259;309;128;376;350;33;273;323;345;114;168;84;342;172;216
B3TZD8,30.0,29.7894287109375,Random,3,0.1,39,29.78705406188965,-0.0023746490478515625,0.0023746490478515625,173;241;258;272;341;233;129;74;153;324;204;124;224;320;372;13;243;6;190;213;108;265;148;127;112;65;316;249;289;179;314;158;150;39;149;46;376;177;261
B3TZD8,30.0,29.7894287109375,Random,4,0.1,39,29.78700828552246,-0.0024204254150390625,0.0024204254150390625,299;69;226;30;63;243;117;375;224;384;257;18;313;29;121;204;176;78;152;247;256;218;369;116;161;378;223;259;314;342;178;374;106;276;138;252;335;124;351
Q6KZI8,62.5,40.3261833190918,Top important,0,0.1,27,46.305938720703125,5.979755401611328,5.979755401611328,208;73;252;21;158;99;221;107;8;46;126;264;142;253;3;12;220;19;106;59;23;133;230;148;161;231;242
Q6KZI8,62.5,40.3261833190918,Low important,0,0.1,27,40.3261833190918,0.0,0.0,52;62;195;72;239;171;83;31;250;224;257;41;128;63;152;132;156;35;136;124;144;2;6;196;172;91;32
Q6KZI8,62.5,40.3261833190918,Random,0,0.1,27,39.04186248779297,-1.2843208312988281,1.2843208312988281,6;23;245;208;251;112;103;252;19;29;117;1;224;257;57;256;44;206;180;118;91;181;211;45;244;12;234
Q6KZI8,62.5,40.3261833190918,Random,1,0.1,27,40.32618713378906,3.814697265625e-06,3.814697265625e-06,11;28;245;182;258;242;198;214;47;257;70;13;265;22;191;32;266;35;125;130;225;205;176;33;232;159;241
Q6KZI8,62.5,40.3261833190918,Random,2,0.1,27,40.32522964477539,-0.00095367431640625,0.00095367431640625,263;107;52;82;42;28;242;211;169;98;22;5;63;67;87;144;262;133;61;20;174;219;105;229;64;261;225
Q6KZI8,62.5,40.3261833190918,Random,3,0.1,27,40.326087951660156,-9.5367431640625e-05,9.5367431640625e-05,60;203;240;54;64;144;116;211;9;12;92;77;17;222;131;61;213;245;233;108;254;26;39;165;194;112;130
Q6KZI8,62.5,40.3261833190918,Random,4,0.1,27,40.325538635253906,-0.000644683837890625,0.000644683837890625,99;90;179;40;247;104;130;102;39;134;32;66;75;74;185;42;59;222;91;210;85;138;79;183;255;47;157
Q9UWU1,75.0,66.71864318847656,Top important,0,0.1,14,72.47415924072266,5.755516052246094,5.755516052246094,62;21;16;40;22;70;103;7;45;116;80;4;69;33
Q9UWU1,75.0,66.71864318847656,Low important,0,0.1,14,66.71864318847656,0.0,0.0,53;128;51;78;110;64;63;112;75;96;119;100;84;76
Q9UWU1,75.0,66.71864318847656,Random,0,0.1,14,66.71875,0.0001068115234375,0.0001068115234375,11;6;45;124;112;71;42;126;26;105;69;101;110;61
Q9UWU1,75.0,66.71864318847656,Random,1,0.1,14,66.71862030029297,-2.288818359375e-05,2.288818359375e-05,81;2;100;6;126;118;11;132;87;60;99;77;34;110
Q9UWU1,75.0,66.71864318847656,Random,2,0.1,14,66.65166473388672,-0.06697845458984375,0.06697845458984375,40;30;19;53;69;115;105;31;70;46;34;15;29;58
Q9UWU1,75.0,66.71864318847656,Random,3,0.1,14,66.71851348876953,-0.00012969970703125,0.00012969970703125,90;132;61;82;4;36;33;92;51;69;66;64;117;20
Q9UWU1,75.0,66.71864318847656,Random,4,0.1,14,66.71846008300781,-0.00018310546875,0.00018310546875,127;61;6;52;83;57;97;69;92;91;12;13;94;67
Q9AFG9,37.0,33.3491096496582,Top important,0,0.1,42,32.83211898803711,-0.5169906616210938,0.5169906616210938,228;115;305;31;159;383;350;230;67;202;353;349;153;329;110;398;237;54;179;186;181;292;73;256;61;246;253;408;39;327;336;318;219;45;401;124;216;154;27;280;252;249
Q9AFG9,37.0,33.3491096496582,Low important,0,0.1,42,33.3491096496582,0.0,0.0,53;104;261;37;192;227;191;356;29;170;346;354;130;81;90;56;80;75;10;105;52;6;33;337;323;251;312;178;132;47;296;117;71;139;116;207;50;129;258;174;9;30
Q9AFG9,37.0,33.3491096496582,Random,0,0.1,42,33.336673736572266,-0.0124359130859375,0.0124359130859375,140;82;158;384;47;374;204;314;245;180;256;10;175;7;80;13;34;61;225;382;407;78;53;159;122;176;40;84;365;259;133;344;168;25;212;390;268;57;226;274;372;209
Q9AFG9,37.0,33.3491096496582,Random,1,0.1,42,32.35321807861328,-0.9958915710449219,0.9958915710449219,280;234;360;166;403;397;392;3;232;61;34;101;195;109;184;345;65;135;300;126;74;81;146;316;218;384;292;394;215;188;47;8;369;265;347;211;228;161;363;346;269;385
Q9AFG9,37.0,33.3491096496582,Random,2,0.1,42,33.435543060302734,0.08643341064453125,0.08643341064453125,266;201;252;221;44;307;402;190;11;313;238;3;1;116;299;294;310;157;236;312;139;113;25;359;72;363;13;305;411;231;129;405;272;212;349;392;301;83;100;403;178;145
Q9AFG9,37.0,33.3491096496582,Random,3,0.1,42,33.919403076171875,0.5702934265136719,0.5702934265136719,154;36;50;12;49;255;313;83;60;222;405;390;177;163;122;92;397;251;206;215;54;115;159;82;342;153;209;59;260;69;231;336;309;270;121;8;382;316;26;171;383;285
Q9AFG9,37.0,33.3491096496582,Random,4,0.1,42,33.34120178222656,-0.007907867431640625,0.007907867431640625,193;141;169;103;359;322;79;354;197;183;124;372;311;143;363;47;105;71;55;302;139;2;397;279;394;50;28;383;32;140;179;368;412;288;325;379;191;252;138;190;400;27
P9WQP7,30.0,33.630149841308594,Top important,0,0.1,37,38.36759567260742,4.737445831298828,4.737445831298828,230;87;281;145;142;323;97;39;12;369;208;189;75;173;342;238;117;81;54;343;253;226;65;223;161;291;13;337;255;88;111;201;210;38;109;55;193
P9WQP7,30.0,33.630149841308594,Low important,0,0.1,37,33.630149841308594,0.0,0.0,179;339;235;129;80;250;73;264;325;155;44;320;333;71;154;225;258;134;228;280;182;322;66;135;85;219;132;166;224;126;158;141;183;263;252;257;254
P9WQP7,30.0,33.630149841308594,Random,0,0.1,37,33.62399673461914,-0.006153106689453125,0.006153106689453125,338;345;231;23;255;224;263;199;118;270;369;71;46;245;190;208;333;140;248;319;268;82;7;171;288;62;8;310;344;234;54;249;294;2;313;250;247
P9WQP7,30.0,33.630149841308594,Random,1,0.1,37,33.56466293334961,-0.06548690795898438,0.06548690795898438,155;306;364;301;33;161;281;168;14;330;109;250;362;141;335;238;264;254;187;357;262;99;349;103;167;284;257;173;341;198;361;236;7;336;337;216;142
P9WQP7,30.0,33.630149841308594,Random,2,0.1,37,33.62990951538086,-0.000240325927734375,0.000240325927734375,292;73;251;298;268;99;127;108;47;198;210;4;258;336;136;181;164;50;132;367;156;349;162;323;10;112;234;62;185;291;275;179;38;122;249;320;34
P9WQP7,30.0,33.630149841308594,Random,3,0.1,37,33.62990188598633,-0.000247955322265625,0.000247955322265625,78;91;63;85;336;59;335;140;46;232;205;254;267;282;315;299;354;173;284;357;155;170;17;47;174;58;293;319;363;342;39;167;212;43;304;104;198
P9WQP7,30.0,33.630149841308594,Random,4,0.1,37,33.63009262084961,-5.7220458984375e-05,5.7220458984375e-05,98;24;182;203;104;173;330;355;132;273;306;353;283;199;149;284;122;221;84;146;325;89;49;312;335;161;170;297;108;211;309;38;179;308;123;68;152
A0A286JZ72,50.0,42.07106399536133,Top important,0,0.1,43,51.75396728515625,9.682903289794922,9.682903289794922,75;261;353;33;129;141;231;96;34;136;192;378;176;408;312;15;183;391;211;69;109;226;327;55;326;137;418;370;153;412;104;274;346;330;71;294;106;99;323;374;393;349;63
A0A286JZ72,50.0,42.07106399536133,Low important,0,0.1,43,42.07106399536133,0.0,0.0,260;59;372;351;267;401;7;131;19;348;223;259;387;388;362;373;381;151;22;404;224;118;103;417;195;277;51;364;54;110;139;148;311;77;66;11;376;114;64;20;216;150;375
A0A286JZ72,50.0,42.07106399536133,Random,0,0.1,43,42.01507568359375,-0.055988311767578125,0.055988311767578125,310;68;64;224;103;83;149;266;97;244;365;306;364;48;63;337;231;171;360;188;180;347;105;76;291;199;380;198;49;278;167;148;82;376;13;183;358;211;90;7;248;322;189
A0A286JZ72,50.0,42.07106399536133,Random,1,0.1,43,42.07176971435547,0.000705718994140625,0.000705718994140625,243;299;316;120;422;280;198;101;149;225;172;144;356;21;242;170;166;77;333;189;355;57;154;350;292;206;168;276;145;15;277;157;119;4;196;223;68;330;220;254;392;371;257
A0A286JZ72,50.0,42.07106399536133,Random,2,0.1,43,42.030731201171875,-0.040332794189453125,0.040332794189453125,114;164;233;196;168;62;171;136;205;115;188;102;14;19;268;187;20;264;119;34;124;276;1;413;322;52;374;235;310;137;208;329;22;224;383;120;380;172;257;311;295;256;317
A0A286JZ72,50.0,42.07106399536133,Random,3,0.1,43,42.071048736572266,-1.52587890625e-05,1.52587890625e-05,181;30;223;245;134;410;45;259;213;95;394;25;235;395;362;291;5;135;376;131;382;140;157;98;214;412;243;115;266;238;355;375;400;132;297;350;283;420;13;74;314;277;150
A0A286JZ72,50.0,42.07106399536133,Random,4,0.1,43,41.7574577331543,-0.31360626220703125,0.31360626220703125,363;398;383;185;139;402;161;37;99;346;68;211;208;322;82;92;279;38;423;408;396;251;340;133;422;135;16;62;249;150;399;380;8;287;170;33;232;296;88;176;339;142;377
I0CKV2,40.0,29.150875091552734,Top important,0,0.1,35,41.17817687988281,12.027301788330078,12.027301788330078,8;349;245;167;96;146;161;113;333;100;85;188;140;305;157;31;279;147;323;230;57;316;160;97;194;119;90;198;142;213;207;312;52;257;42
I0CKV2,40.0,29.150875091552734,Low important,0,0.1,35,29.150875091552734,0.0,0.0,268;155;189;2;171;68;153;117;184;192;204;108;123;95;59;318;243;297;14;50;13;309;105;103;89;272;44;176;254;47;251;21;224;283;217
I0CKV2,40.0,29.150875091552734,Random,0,0.1,35,28.67060089111328,-0.4802742004394531,0.4802742004394531,73;23;215;240;318;319;51;164;163;119;196;96;57;160;267;333;349;338;94;22;49;86;226;153;61;265;290;260;115;9;14;179;47;67;218
I0CKV2,40.0,29.150875091552734,Random,1,0.1,35,29.150426864624023,-0.0004482269287109375,0.0004482269287109375,111;106;190;110;302;160;95;319;162;143;224;128;202;93;41;28;52;297;247;240;135;42;184;258;225;194;112;210;19;165;233;218;290;331;98
I0CKV2,40.0,29.150875091552734,Random,2,0.1,35,37.29683303833008,8.145957946777344,8.145957946777344,171;212;102;190;168;180;278;271;8;47;300;318;188;49;207;27;264;203;142;84;312;91;199;292;252;299;76;206;210;348;337;200;80;11;35
I0CKV2,40.0,29.150875091552734,Random,3,0.1,35,29.019271850585938,-0.13160324096679688,0.13160324096679688,174;94;241;129;216;328;167;168;347;302;282;37;261;188;89;163;201;248;72;53;134;260;119;289;121;90;28;229;204;126;273;124;13;82;321
I0CKV2,40.0,29.150875091552734,Random,4,0.1,35,29.149932861328125,-0.000942230224609375,0.000942230224609375,246;56;111;59;300;336;342;7;144;348;126;210;231;234;334;238;299;227;283;55;121;9;319;320;309;196;241;147;292;116;303;251;243;313;274
P95690,65.0,69.14925384521484,Top important,0,0.1,80,71.7820816040039,2.6328277587890625,2.6328277587890625,488;156;42;522;225;755;351;534;746;547;388;38;565;712;169;733;125;766;102;217;193;124;415;454;402;113;437;586;303;672;722;173;785;299;18;207;373;13;196;71;778;60;117;47;231;631;561;757;642;353;557;253;682;290;636;447;528;472;131;727;707;749;539;412;527;469;79;461;370;232;574;538;490;664;154;259;639;75;190;151
P95690,65.0,69.14925384521484,Low important,0,0.1,80,69.14925384521484,0.0,0.0,409;543;274;585;720;507;705;556;530;229;520;414;246;377;287;227;255;512;400;683;451;355;404;494;408;107;734;621;304;743;336;784;289;199;497;226;266;210;359;641;119;324;374;511;301;510;713;286;264;657;110;606;236;163;320;64;623;612;702;658;568;251;27;619;584;740;233;525;604;598;554;692;660;234;498;254;230;317;628;313
P95690,65.0,69.14925384521484,Random,0,0.1,80,69.12144470214844,-0.02780914306640625,0.02780914306640625,418;391;568;767;382;770;622;495;524;75;92;747;754;197;67;678;666;171;209;626;402;225;634;118;231;41;416;453;430;106;305;250;537;771;543;561;14;372;161;6;480;232;654;555;510;582;565;629;646;131;671;440;716;456;282;640;616;172;273;325;798;649;787;556;761;316;154;665;434;406;642;224;508;191;337;558;717;241;535;790
P95690,65.0,69.14925384521484,Random,1,0.1,80,69.14598846435547,-0.003265380859375,0.003265380859375,15;625;421;63;270;433;477;138;582;670;214;302;136;459;787;62;256;191;185;689;94;646;543;196;177;694;78;757;600;406;782;422;29;143;735;82;798;645;655;781;23;73;650;541;374;149;649;301;707;548;546;353;623;703;697;569;346;404;464;481;547;335;159;709;17;313;566;632;431;674;483;666;508;206;441;647;510;727;176;400
P95690,65.0,69.14925384521484,Random,2,0.1,80,69.14881896972656,-0.00043487548828125,0.00043487548828125,278;723;301;369;445;639;375;62;313;253;678;26;709;487;772;128;719;545;79;763;139;75;228;5;527;505;664;779;84;221;751;129;706;61;355;93;63;580;453;295;258;39;339;119;203;285;17;533;467;71;51;503;718;59;188;363;475;357;283;230;708;104;136;540;593;536;504;413;45;247;500;477;256;451;220;729;396;196;114;24
P95690,65.0,69.14925384521484,Random,3,0.1,80,68.55504608154297,-0.594207763671875,0.594207763671875,58;486;755;576;270;384;369;328;152;513;220;251;258;407;347;601;475;340;301;20;690;69;54;615;635;360;302;330;217;324;64;173;676;609;214;358;315;263;167;352;243;81;44;794;90;105;662;537;566;186;75;658;663;255;646;383;432;693;633;28;634;291;171;758;667;318;246;115;109;700;421;303;185;591;10;725;156;297;396;614
P95690,65.0,69.14925384521484,Random,4,0.1,80,69.15396118164062,0.00470733642578125,0.00470733642578125,446;631;344;155;176;280;75;582;781;767;641;107;616;644;667;604;798;617;319;129;598;140;183;645;649;228;533;126;186;298;659;653;678;45;688;368;28;345;97;220;332;552;31;229;80;545;202;217;213;117;401;724;339;352;48;651;422;668;279;211;77;609;578;173;714;9;74;325;265;563;672;12;550;341;633;722;727;20;249;87
P46920,22.0,37.56285858154297,Top important,0,0.1,42,36.31846237182617,-1.2443962097167969,1.2443962097167969,397;129;285;317;65;84;391;19;295;36;406;70;402;9;164;294;237;310;205;54;34;361;153;316;37;370;98;418;249;33;143;174;11;254;303;336;375;40;228;191;202;132
P46920,22.0,37.56285858154297,Low important,0,0.1,42,37.56285858154297,0.0,0.0,312;176;349;280;18;82;131;64;121;118;256;293;209;113;52;379;86;222;314;240;66;198;97;345;116;371;378;234;366;199;299;51;120;75;30;122;192;115;56;200;226;63
P46920,22.0,37.56285858154297,Random,0,0.1,42,37.55839538574219,-0.00446319580078125,0.00446319580078125,100;117;294;90;79;120;324;66;259;124;185;412;96;224;18;116;40;401;198;197;280;172;368;396;307;312;364;415;123;24;173;247;38;135;170;345;141;91;265;341;125;258
P46920,22.0,37.56285858154297,Random,1,0.1,42,37.59311294555664,0.030254364013671875,0.030254364013671875,378;292;99;142;234;112;267;341;294;236;412;235;5;338;120;107;315;198;84;302;415;105;188;330;200;61;127;73;224;69;353;32;87;174;265;206;57;398;79;2;218;276
P46920,22.0,37.56285858154297,Random,2,0.1,42,37.57233428955078,0.0094757080078125,0.0094757080078125,31;245;221;367;100;344;335;161;233;313;146;310;44;114;49;101;271;68;69;265;73;60;135;282;206;85;242;5;19;366;227;339;329;264;82;237;208;234;202;253;305;383
P46920,22.0,37.56285858154297,Random,3,0.1,42,35.58116149902344,-1.9816970825195312,1.9816970825195312,356;220;285;242;359;122;259;388;81;361;341;49;27;347;89;288;25;18;124;120;41;412;326;293;228;82;275;409;303;148;154;166;402;397;317;201;158;37;78;215;306;413
P46920,22.0,37.56285858154297,Random,4,0.1,42,36.2703742980957,-1.2924842834472656,1.2924842834472656,333;252;174;226;336;221;154;261;107;188;153;193;326;214;341;285;12;136;253;169;256;311;45;278;200;164;248;331;231;321;263;21;397;130;30;294;124;338;82;417;209;266
B0BK99,40.0,38.79991912841797,Top important,0,0.1,39,45.21113586425781,6.411216735839844,6.411216735839844,44;283;35;201;295;291;38;97;70;31;304;52;14;126;230;111;208;119;96;245;176;80;51;175;151;300;193;219;127;355;385;215;353;209;237;159;3;204;260
B0BK99,40.0,38.79991912841797,Low important,0,0.1,39,38.79991912841797,0.0,0.0,370;150;34;10;325;170;315;298;168;95;301;263;15;50;132;153;293;164;288;162;113;320;289;84;128;195;290;110;337;296;169;24;64;266;254;121;5;274;365
B0BK99,40.0,38.79991912841797,Random,0,0.1,39,38.91627883911133,0.11635971069335938,0.11635971069335938,122;33;145;81;177;6;234;248;229;179;29;194;8;143;195;85;371;47;96;204;100;133;282;108;267;202;65;225;309;180;321;160;273;256;237;295;36;17;138
B0BK99,40.0,38.79991912841797,Random,1,0.1,39,39.02936935424805,0.22945022583007812,0.22945022583007812,192;68;3;135;238;325;35;19;253;76;86;38;268;231;258;340;186;183;22;126;377;226;225;83;228;84;191;317;175;169;310;331;295;245;15;380;355;105;43
B0BK99,40.0,38.79991912841797,Random,2,0.1,39,38.90152359008789,0.10160446166992188,0.10160446166992188,333;312;181;265;292;61;295;49;136;197;133;320;25;213;383;206;315;358;96;127;313;58;261;114;150;202;290;3;251;270;277;97;157;89;48;343;42;289;319
B0BK99,40.0,38.79991912841797,Random,3,0.1,39,38.87016296386719,0.07024383544921875,0.07024383544921875,329;340;250;122;311;181;217;143;103;18;234;183;343;111;216;221;342;36;315;202;260;124;278;170;81;54;228;130;159;283;223;64;215;186;335;302;323;104;308
B0BK99,40.0,38.79991912841797,Random,4,0.1,39,38.91422653198242,0.11430740356445312,0.11430740356445312,340;261;42;210;383;264;100;379;109;2;33;207;357;55;134;108;296;205;19;115;45;295;274;230;176;267;27;313;307;218;56;119;87;309;1;75;10;284;136
P10478,42.5,58.02765655517578,Top important,0,0.1,80,59.98515701293945,1.9575004577636719,1.9575004577636719,514;113;638;634;118;240;169;488;218;249;741;737;457;726;528;235;591;79;256;453;327;55;396;24;225;175;332;706;90;163;135;777;193;88;317;328;746;138;434;596;257;91;116;234;768;747;211;632;182;389;484;93;636;716;760;375;363;132;360;663;551;114;664;730;388;155;165;212;151;692;408;324;188;122;349;378;600;421;650;260
P10478,42.5,58.02765655517578,Low important,0,0.1,80,58.02765655517578,0.0,0.0,61;395;170;789;119;575;626;571;637;365;785;146;298;555;587;190;498;83;497;233;471;441;292;641;556;167;467;341;686;294;599;757;290;171;677;643;608;559;354;124;227;413;54;223;94;583;658;565;296;767;56;501;179;509;340;269;674;475;112;648;700;523;672;356;157;29;715;417;639;642;32;191;72;619;784;503;244;198;197;121
P10478,42.5,58.02765655517578,Random,0,0.1,80,58.02389144897461,-0.003765106201171875,0.003765106201171875,392;764;201;69;50;358;68;420;336;147;430;298;489;97;709;20;40;148;154;374;760;28;672;719;782;337;365;94;311;439;12;327;149;244;752;509;793;37;181;601;110;291;155;682;96;158;776;317;673;385;798;721;617;529;645;125;575;82;708;727;53;479;296;454;252;780;335;608;348;476;756;246;269;383;227;377;639;138;415;35
P10478,42.5,58.02765655517578,Random,1,0.1,80,58.08797073364258,0.060314178466796875,0.060314178466796875,488;684;678;499;207;601;389;565;582;428;714;17;115;711;51;421;356;591;579;202;685;70;689;495;740;481;492;379;733;610;736;380;497;542;29;329;184;205;18;652;662;247;86;354;178;353;757;608;720;516;208;494;694;372;270;185;297;749;560;493;359;305;692;616;23;520;281;73;164;5;786;544;278;78;604;643;327;765;418;476
P10478,42.5,58.02765655517578,Random,2,0.1,80,60.832923889160156,2.805267333984375,2.805267333984375,580;290;763;455;98;787;222;64;680;515;337;583;730;559;425;132;390;5;745;712;693;631;728;18;679;213;667;618;514;123;422;217;588;501;377;293;191;60;411;620;278;557;585;49;650;556;570;726;323;340;223;364;641;485;426;428;138;215;128;560;154;522;19;406;126;722;727;640;314;511;663;255;419;659;578;358;97;72;597;67
P10478,42.5,58.02765655517578,Random,3,0.1,80,57.400203704833984,-0.6274528503417969,0.6274528503417969,25;150;668;139;255;600;752;115;154;394;346;61;361;751;671;376;437;630;654;309;158;328;423;216;701;460;604;727;341;293;166;126;734;281;100;618;156;69;725;771;530;480;744;88;93;590;750;790;775;32;78;524;127;793;469;10;42;592;695;611;614;304;434;308;612;70;634;377;606;368;481;485;691;502;552;540;153;706;565;291
P10478,42.5,58.02765655517578,Random,4,0.1,80,60.78995132446289,2.7622947692871094,2.7622947692871094,514;101;722;402;569;631;88;656;725;650;347;785;446;743;215;306;464;264;370;719;174;589;680;633;483;154;552;81;663;302;561;129;636;304;714;500;704;342;630;619;507;111;122;498;562;746;600;690;13;587;367;268;379;696;622;530;43;126;450;413;475;448;697;237;288;11;499;270;229;516;292;463;682;797;422;238;361;220;187;178
F8U969,28.0,29.679168701171875,Top important,0,0.1,43,35.60243606567383,5.923267364501953,5.923267364501953,374;359;57;32;410;167;151;93;424;423;314;386;1;392;208;33;305;230;309;294;368;366;291;331;257;336;384;406;159;343;27;171;383;205;281;130;405;20;220;415;68;12;301
F8U969,28.0,29.679168701171875,Low important,0,0.1,43,29.679168701171875,0.0,0.0,240;126;28;223;224;329;162;128;6;259;361;123;395;394;295;56;201;196;64;211;129;270;351;231;46;47;74;8;202;258;86;222;142;218;197;349;9;225;49;236;192;170;333
F8U969,28.0,29.679168701171875,Random,0,0.1,43,34.06960678100586,4.390438079833984,4.390438079833984,100;170;250;22;152;374;341;366;97;98;40;281;45;68;317;238;208;93;34;127;11;267;369;249;102;355;336;210;193;284;421;140;196;151;304;248;69;36;43;310;113;74;371
F8U969,28.0,29.679168701171875,Random,1,0.1,43,29.678396224975586,-0.0007724761962890625,0.0007724761962890625,272;250;399;326;31;150;81;100;178;205;385;335;24;362;408;26;317;376;51;13;112;79;389;59;347;160;220;45;126;256;142;52;136;368;209;393;164;217;392;115;106;311;121
F8U969,28.0,29.679168701171875,Random,2,0.1,43,29.67827796936035,-0.0008907318115234375,0.0008907318115234375,72;406;210;394;214;8;267;1;345;231;198;199;159;202;191;224;397;292;29;375;200;89;226;136;367;2;40;119;222;356;76;357;398;422;104;229;289;23;293;127;322;185;271
F8U969,28.0,29.679168701171875,Random,3,0.1,43,29.679035186767578,-0.000133514404296875,0.000133514404296875,42;221;318;44;291;262;187;323;2;184;416;311;241;123;315;402;341;274;163;185;362;229;145;346;200;343;388;88;146;136;150;289;371;128;358;252;370;393;334;70;313;277;119
F8U969,28.0,29.679168701171875,Random,4,0.1,43,29.678918838500977,-0.0002498626708984375,0.0002498626708984375,417;224;414;90;385;51;325;207;349;297;10;132;176;223;362;274;387;415;306;124;327;382;231;116;268;24;418;236;237;7;343;183;180;34;79;299;365;213;169;257;54;422;84
B6CND6,50.0,43.26002502441406,Top important,0,0.1,46,45.239891052246094,1.9798660278320312,1.9798660278320312,432;442;350;372;286;67;125;211;112;20;455;223;378;318;34;155;295;415;233;435;58;262;339;135;349;210;93;416;305;274;390;393;451;340;406;177;256;319;145;101;229;243;59;259;401;289
B6CND6,50.0,43.26002502441406,Low important,0,0.1,46,43.26002502441406,0.0,0.0,157;258;187;400;322;293;164;140;291;188;267;47;96;156;244;408;139;212;249;341;158;104;280;397;394;302;51;169;453;208;230;317;355;110;403;246;171;6;213;185;54;303;40;209;297;119
B6CND6,50.0,43.26002502441406,Random,0,0.1,46,43.25635528564453,-0.00366973876953125,0.00366973876953125,320;415;262;96;403;105;449;13;406;169;405;66;311;259;41;24;80;390;395;441;134;252;37;181;308;354;174;135;114;420;157;50;156;382;232;150;25;248;242;378;179;397;216;434;276;381
B6CND6,50.0,43.26002502441406,Random,1,0.1,46,43.22376251220703,-0.03626251220703125,0.03626251220703125,452;427;252;114;371;144;163;448;66;135;38;123;203;190;99;29;391;261;109;41;3;287;67;102;119;10;133;51;406;359;4;73;195;94;445;237;55;270;339;23;40;164;290;236;110;324
B6CND6,50.0,43.26002502441406,Random,2,0.1,46,43.260154724121094,0.00012969970703125,0.00012969970703125,400;116;428;242;276;143;90;381;88;326;396;416;384;380;118;375;260;154;127;176;274;216;382;308;86;22;452;447;332;401;273;311;335;75;390;263;61;97;421;280;219;8;1;454;141;124
B6CND6,50.0,43.26002502441406,Random,3,0.1,46,43.401153564453125,0.1411285400390625,0.1411285400390625,451;368;227;272;202;337;270;262;206;315;92;181;446;85;388;329;110;389;426;442;393;269;218;65;17;301;42;207;164;63;16;405;294;246;299;149;247;47;107;223;97;154;433;252;444;265
B6CND6,50.0,43.26002502441406,Random,4,0.1,46,43.32799530029297,0.06797027587890625,0.06797027587890625,220;16;428;4;205;342;105;329;304;241;152;27;77;264;415;408;372;381;273;36;166;111;316;243;322;1;23;5;411;424;288;341;96;18;179;48;293;87;335;91;19;422;454;430;120;218
P07547,25.0,32.48068618774414,Top important,0,0.1,80,36.41649627685547,3.935810089111328,3.935810089111328,335;628;734;746;435;780;356;342;93;32;168;297;341;150;304;308;743;67;429;309;375;667;443;757;236;472;731;692;689;202;751;464;602;621;223;161;614;317;398;177;657;462;232;562;583;538;524;214;458;259;592;114;277;20;235;318;12;274;172;80;75;239;282;48;107;190;288;373;532;286;305;594;795;395;362;289;217;537;203;388
P07547,25.0,32.48068618774414,Low important,0,0.1,80,32.48068618774414,0.0,0.0,662;715;407;285;590;612;691;195;16;552;1;425;716;712;34;136;97;442;194;208;730;181;77;718;468;406;410;149;563;648;754;717;155;76;416;321;445;682;681;753;110;382;522;42;570;397;139;531;601;298;31;84;646;778;94;420;578;644;292;605;148;647;417;608;677;511;142;124;320;389;651;600;575;201;745;301;316;643;763;291
P07547,25.0,32.48068618774414,Random,0,0.1,80,32.48060607910156,-8.0108642578125e-05,8.0108642578125e-05,792;249;265;471;636;722;485;36;551;406;39;583;481;9;422;713;200;669;538;105;211;525;13;79;390;144;386;35;603;444;643;188;528;376;773;484;349;378;40;102;221;677;328;548;653;121;156;321;507;529;163;764;22;250;605;519;24;689;306;106;126;302;785;336;27;659;684;428;720;477;142;569;11;522;739;615;752;403;181;567
P07547,25.0,32.48068618774414,Random,1,0.1,80,32.48431396484375,0.003627777099609375,0.003627777099609375,165;764;353;748;279;440;385;263;433;790;587;83;585;620;777;609;68;343;317;412;733;683;127;758;225;486;374;72;151;529;723;482;215;444;368;517;437;250;664;249;700;188;546;302;81;223;793;169;305;676;717;162;795;471;630;379;588;420;137;48;653;571;465;441;656;743;113;641;203;45;153;719;65;50;210;551;673;434;98;344
P07547,25.0,32.48068618774414,Random,2,0.1,80,32.534332275390625,0.053646087646484375,0.053646087646484375,691;643;184;492;123;648;531;101;72;507;533;108;454;500;79;188;474;435;709;112;162;594;515;425;465;28;745;67;624;245;71;423;798;63;238;573;37;4;328;645;524;317;59;405;786;654;519;741;729;264;464;21;83;13;213;287;232;155;439;502;74;386;139;462;347;84;490;366;8;797;725;751;716;739;131;718;80;486;658;686
P07547,25.0,32.48068618774414,Random,3,0.1,80,32.48062515258789,-6.103515625e-05,6.103515625e-05,553;128;585;253;71;216;431;791;459;94;530;280;581;782;368;174;86;358;732;467;75;78;159;131;42;46;770;27;756;190;175;183;180;778;339;654;114;666;237;540;383;186;95;417;611;484;655;296;621;389;785;784;122;61;420;715;48;385;232;545;682;478;106;414;767;109;407;193;80;1;554;52;210;121;711;401;279;476;272;557
P07547,25.0,32.48068618774414,Random,4,0.1,80,33.719486236572266,1.238800048828125,1.238800048828125,763;152;355;671;125;244;578;636;421;785;373;764;18;544;111;661;613;512;726;43;36;541;48;562;669;486;773;580;34;465;451;169;567;58;742;243;74;683;674;176;13;745;195;709;604;359;564;366;614;693;252;335;61;241;782;41;158;265;159;254;609;298;654;718;106;211;447;584;473;455;482;784;418;414;299;734;123;181;10;168
D2SZY4,32.5,32.56248474121094,Top important,0,0.1,75,36.72137451171875,4.1588897705078125,4.1588897705078125,42;596;673;47;328;63;419;493;713;382;741;174;443;485;110;425;300;191;708;718;359;514;538;588;51;704;507;657;123;496;585;333;572;674;733;124;138;589;648;140;613;190;669;231;417;636;527;689;154;228;232;21;46;275;278;634;305;37;602;212;612;622;355;264;490;95;388;308;515;217;198;211;272;304;205
D2SZY4,32.5,32.56248474121094,Low important,0,0.1,75,32.56248474121094,0.0,0.0,525;542;685;25;576;30;23;699;208;4;731;1;513;295;201;668;638;218;332;17;227;630;119;501;186;225;349;182;45;302;149;2;117;696;637;518;235;226;85;251;734;429;336;323;715;170;196;299;56;356;129;486;179;706;587;564;97;437;446;434;34;605;369;109;107;575;569;395;24;438;203;284;563;67;101
D2SZY4,32.5,32.56248474121094,Random,0,0.1,75,32.557212829589844,-0.00527191162109375,0.00527191162109375,668;498;333;123;329;199;683;33;152;627;530;600;562;186;60;516;86;129;236;420;573;393;474;70;255;297;626;148;54;334;235;273;9;451;241;422;416;314;560;117;204;317;688;167;8;243;43;663;26;403;718;37;658;6;261;704;126;615;272;224;31;238;710;171;478;293;636;662;578;45;572;38;434;262;252
D2SZY4,32.5,32.56248474121094,Random,1,0.1,75,32.55497741699219,-0.00750732421875,0.00750732421875,126;608;247;276;78;635;221;739;593;70;613;736;549;154;124;573;294;383;660;161;559;246;464;94;610;206;27;620;172;626;423;556;365;188;100;656;425;486;148;356;527;361;654;712;264;618;230;281;603;235;697;432;137;405;594;434;720;647;514;209;336;413;653;731;248;146;113;343;164;553;693;420;633;275;545
D2SZY4,32.5,32.56248474121094,Random,2,0.1,75,32.55184555053711,-0.010639190673828125,0.010639190673828125,72;548;180;690;435;513;299;65;446;726;165;595;214;654;291;427;267;307;388;511;472;295;555;692;225;658;618;391;161;175;716;338;15;429;632;711;554;478;430;659;237;366;282;251;591;717;651;662;573;647;416;201;352;685;8;626;345;396;228;740;612;570;696;562;675;16;517;217;625;260;339;174;33;18;450
D2SZY4,32.5,32.56248474121094,Random,3,0.1,75,32.668846130371094,0.10636138916015625,0.10636138916015625,673;243;403;169;738;501;466;393;197;235;537;518;336;110;34;72;274;711;277;742;200;341;378;24;101;443;11;351;477;542;559;716;198;365;60;174;208;422;154;404;468;371;496;47;95;164;332;698;513;175;656;98;172;123;363;94;736;124;134;546;80;374;465;352;638;710;132;674;350;38;494;665;607;534;577
D2SZY4,32.5,32.56248474121094,Random,4,0.1,75,32.54745864868164,-0.015026092529296875,0.015026092529296875,633;696;191;701;618;444;666;588;87;331;723;327;738;56;97;713;7;353;101;727;107;359;303;90;563;573;551;168;420;638;510;436;152;341;192;196;615;127;112;397;358;242;103;246;378;456;678;36;222;79;91;524;74;564;223;476;729;568;227;188;295;369;438;170;650;472;561;546;521;8;640;212;244;461;393
O96437,50.0,32.175193786621094,Top important,0,0.1,62,32.39048767089844,0.21529388427734375,0.21529388427734375,13;246;602;515;333;486;115;221;140;28;435;84;23;460;495;107;409;137;519;230;361;51;403;507;575;315;32;6;136;537;269;401;528;250;617;80;61;596;276;245;141;255;522;184;592;370;63;614;102;179;538;513;539;523;58;17;77;164;589;368;357;558
O96437,50.0,32.175193786621094,Low important,0,0.1,62,32.175193786621094,0.0,0.0,27;310;496;258;174;341;100;161;332;353;11;431;563;612;520;516;534;25;542;247;376;166;450;365;320;531;366;457;244;324;156;211;411;419;227;352;517;473;384;503;10;470;192;329;348;459;530;363;203;342;178;413;347;585;382;442;380;410;31;104;2;278
O96437,50.0,32.175193786621094,Random,0,0.1,62,32.24066925048828,0.0654754638671875,0.0654754638671875,504;552;369;500;550;45;185;252;161;553;162;71;82;14;424;160;327;157;56;395;322;131;228;506;414;436;150;324;113;474;62;541;453;141;351;434;370;362;334;132;612;80;617;230;25;281;202;564;367;267;10;181;76;235;253;389;333;437;374;375;257;548
O96437,50.0,32.175193786621094,Random,1,0.1,62,32.604583740234375,0.42938995361328125,0.42938995361328125,589;506;382;609;353;595;470;131;212;529;309;616;80;395;243;418;615;574;386;393;434;142;278;107;519;446;102;286;60;447;466;261;390;277;415;498;471;239;419;85;362;169;581;275;8;555;66;224;602;129;484;456;158;568;177;32;472;257;388;175;21;600
O96437,50.0,32.175193786621094,Random,2,0.1,62,32.237701416015625,0.06250762939453125,0.06250762939453125,554;616;175;553;411;586;37;210;539;259;59;473;80;428;235;438;507;433;568;571;46;510;342;525;605;286;333;107;452;103;208;33;222;336;260;338;172;190;239;516;541;115;299;504;2;10;102;398;105;481;271;113;247;434;138;218;427;412;567;60;513;96
O96437,50.0,32.175193786621094,Random,3,0.1,62,32.174861907958984,-0.000331878662109375,0.000331878662109375,582;62;393;538;52;135;308;553;48;508;444;136;111;386;528;184;217;56;143;328;550;604;77;367;1;128;420;7;202;114;302;554;403;170;8;145;378;351;512;60;496;421;206;208;14;344;397;309;182;87;337;471;408;586;548;341;299;475;510;32;569;113
O96437,50.0,32.175193786621094,Random,4,0.1,62,31.603958129882812,-0.5712356567382812,0.5712356567382812,401;72;88;323;494;330;242;473;452;351;328;465;567;125;5;447;434;559;426;142;53;247;141;377;34;607;117;460;274;310;515;563;302;511;462;354;408;541;51;528;578;284;37;277;195;293;385;324;586;133;358;244;119;170;593;14;390;520;262;542;52;391
Q72JY1,70.0,58.16194152832031,Top important,0,0.1,61,62.39641571044922,4.234474182128906,4.234474182128906,536;452;465;50;344;413;590;565;329;340;470;515;62;475;425;453;375;440;414;298;316;511;209;139;395;592;266;281;67;483;330;346;300;195;359;315;154;460;102;193;397;398;486;603;203;289;97;33;162;1;159;37;402;113;386;42;552;598;243;495;447
Q72JY1,70.0,58.16194152832031,Low important,0,0.1,61,58.16194152832031,0.0,0.0,268;210;153;492;58;215;144;269;77;183;257;296;584;550;562;314;559;267;321;485;394;46;444;436;415;466;135;305;433;309;379;334;422;545;103;248;496;581;391;377;428;503;481;341;270;420;407;529;181;543;323;430;540;197;520;549;493;115;409;23;546
Q72JY1,70.0,58.16194152832031,Random,0,0.1,61,58.16185760498047,-8.392333984375e-05,8.392333984375e-05,551;410;578;197;233;205;169;584;564;373;346;517;168;390;443;154;121;219;403;606;526;321;3;460;9;194;505;196;602;227;263;295;463;541;22;291;338;484;303;444;190;269;251;508;587;110;273;127;145;4;6;67;473;248;37;405;547;274;278;370;462
Q72JY1,70.0,58.16194152832031,Random,1,0.1,61,58.16097640991211,-0.000965118408203125,0.000965118408203125,485;322;218;503;126;36;375;570;248;83;418;167;422;395;522;562;467;558;194;24;606;469;187;123;28;360;526;244;94;15;3;180;372;342;488;414;569;459;225;409;71;237;607;211;412;201;605;560;1;298;69;234;600;236;483;335;70;55;531;533;585
Q72JY1,70.0,58.16194152832031,Random,2,0.1,61,58.16173553466797,-0.00020599365234375,0.00020599365234375,212;312;532;518;240;98;543;120;409;132;147;51;264;395;561;254;435;184;502;68;282;314;290;560;100;298;136;195;556;159;73;31;585;319;506;345;7;172;593;473;382;39;480;574;528;160;444;41;495;61;433;218;297;64;455;520;153;434;48;430;596
Q72JY1,70.0,58.16194152832031,Random,3,0.1,61,58.16188049316406,-6.103515625e-05,6.103515625e-05,562;271;103;513;596;431;477;543;396;556;579;576;154;540;493;137;461;260;144;541;148;483;4;150;128;538;86;52;207;345;482;555;360;133;33;149;48;291;531;603;289;276;499;554;151;371;324;74;135;471;415;76;570;170;518;517;520;362;75;14;158
Q72JY1,70.0,58.16194152832031,Random,4,0.1,61,58.15718078613281,-0.0047607421875,0.0047607421875,386;599;592;435;568;16;13;3;594;561;115;110;172;81;208;29;187;541;128;12;191;79;122;569;399;136;149;138;584;482;30;595;521;448;38;571;560;275;505;479;391;570;331;600;436;343;451;329;445;188;179;194;261;260;90;117;562;556;393;306;246
A4Y0Y8,45.0,35.1496467590332,Top important,0,0.1,20,37.059566497802734,1.9099197387695312,1.9099197387695312,21;68;97;117;67;137;9;45;29;190;146;170;94;154;155;5;81;189;140;108
A4Y0Y8,45.0,35.1496467590332,Low important,0,0.1,20,35.1496467590332,0.0,0.0,112;50;115;2;61;167;124;119;132;141;123;91;38;195;43;160;66;116;27;37
A4Y0Y8,45.0,35.1496467590332,Random,0,0.1,20,35.148590087890625,-0.001056671142578125,0.001056671142578125,75;191;93;65;81;105;158;106;149;170;183;78;188;173;177;167;2;26;18;174
A4Y0Y8,45.0,35.1496467590332,Random,1,0.1,20,35.44911193847656,0.2994651794433594,0.2994651794433594,79;22;99;15;103;129;62;68;70;48;78;4;38;166;89;155;75;94;147;188
A4Y0Y8,45.0,35.1496467590332,Random,2,0.1,20,34.044986724853516,-1.1046600341796875,1.1046600341796875,146;74;168;47;183;2;85;112;115;62;150;114;44;181;41;21;77;191;180;152
A4Y0Y8,45.0,35.1496467590332,Random,3,0.1,20,35.169647216796875,0.020000457763671875,0.020000457763671875,9;136;174;110;22;31;114;130;161;141;56;41;95;66;10;121;105;163;195;17
A4Y0Y8,45.0,35.1496467590332,Random,4,0.1,20,35.15032958984375,0.000682830810546875,0.000682830810546875,115;145;35;133;81;113;120;177;130;184;143;55;87;17;14;47;157;94;71;1
A9XED1,37.0,36.497230529785156,Top important,0,0.1,80,41.83549499511719,5.338264465332031,5.338264465332031,486;267;294;554;442;36;415;371;180;727;674;120;85;574;305;565;78;790;589;776;259;461;696;105;328;69;387;384;230;390;88;169;265;637;375;25;533;748;530;5;309;797;171;97;729;166;151;661;611;558;256;62;19;424;60;357;113;426;183;112;12;168;123;662;583;284;341;310;185;579;30;457;581;529;39;199;683;57;495;763
A9XED1,37.0,36.497230529785156,Low important,0,0.1,80,36.497230529785156,0.0,0.0,513;519;27;55;326;51;506;117;217;348;50;70;686;227;517;187;500;781;564;191;744;484;104;699;198;152;485;416;399;733;107;432;203;467;268;20;676;671;16;219;679;685;413;127;389;708;258;22;493;563;134;137;475;523;392;459;206;483;460;237;232;235;507;633;649;240;532;11;323;568;231;779;73;796;190;243;207;236;509;228
A9XED1,37.0,36.497230529785156,Random,0,0.1,80,36.49699783325195,-0.000232696533203125,0.000232696533203125,435;521;100;297;659;61;648;529;112;629;97;383;309;567;94;198;276;667;678;314;333;84;395;786;205;761;293;263;95;470;545;681;295;346;535;462;483;466;311;340;556;20;148;118;296;347;655;52;173;602;402;643;518;618;729;764;511;403;716;630;357;77;792;156;186;633;165;451;718;139;119;651;449;707;390;569;269;315;680;439
A9XED1,37.0,36.497230529785156,Random,1,0.1,80,36.61865234375,0.12142181396484375,0.12142181396484375,395;704;711;119;683;732;719;396;569;785;333;411;660;533;122;594;563;583;127;194;125;518;489;479;21;130;443;637;738;196;751;167;208;147;343;543;260;243;309;514;177;441;761;474;456;306;176;582;700;435;575;554;247;179;280;419;312;409;315;394;340;20;187;726;195;206;8;607;185;608;618;476;241;497;275;713;81;776;402;542
A9XED1,37.0,36.497230529785156,Random,2,0.1,80,36.495025634765625,-0.00220489501953125,0.00220489501953125,9;643;51;306;615;119;236;90;744;60;126;331;690;277;719;759;273;279;92;352;456;29;212;135;758;730;542;359;659;193;762;227;726;83;490;512;100;742;25;151;593;99;770;7;41;580;346;132;614;246;570;312;485;284;307;198;107;44;296;81;428;753;408;696;409;692;259;598;767;577;249;688;656;322;703;291;341;318;756;667
A9XED1,37.0,36.497230529785156,Random,3,0.1,80,36.67246627807617,0.17523574829101562,0.17523574829101562,599;21;141;258;135;723;627;109;628;660;341;200;678;702;282;193;754;782;369;385;106;139;401;292;644;177;465;481;220;293;382;188;499;508;226;625;463;476;675;231;267;125;207;751;744;759;225;513;212;569;666;512;580;74;633;248;29;300;425;486;487;218;770;399;478;393;726;735;78;546;693;163;645;213;725;777;115;480;367;203
A9XED1,37.0,36.497230529785156,Random,4,0.1,80,36.49919891357422,0.0019683837890625,0.0019683837890625,375;102;90;306;595;130;495;547;356;659;579;697;270;305;16;277;395;527;18;38;347;289;725;482;142;419;376;681;588;88;385;537;186;549;293;705;143;300;600;604;615;369;533;14;719;621;551;598;159;570;703;340;401;138;167;409;720;320;246;222;658;110;151;283;31;132;332;268;32;724;170;652;523;712;499;183;601;784;42;373
O93838,56.5,52.202362060546875,Top important,0,0.1,47,52.57621765136719,0.3738555908203125,0.3738555908203125,100;288;386;109;155;197;201;93;305;390;255;443;451;287;379;42;189;329;416;90;363;64;463;221;330;218;227;1;240;14;60;248;181;18;122;99;378;91;48;301;435;72;448;393;45;149;82
O93838,56.5,52.202362060546875,Low important,0,0.1,47,52.202362060546875,0.0,0.0,398;319;173;410;271;456;77;264;400;278;165;80;157;252;297;200;205;88;124;20;332;154;136;229;199;282;51;223;368;430;137;121;66;285;439;370;158;202;324;129;6;403;261;346;63;404;290
O93838,56.5,52.202362060546875,Random,0,0.1,47,52.249122619628906,0.04676055908203125,0.04676055908203125,114;58;88;245;363;343;185;284;402;42;82;235;139;179;155;147;296;278;116;315;254;356;213;151;162;174;202;352;452;216;133;392;204;442;298;280;120;274;45;158;421;250;229;271;456;146;439
O93838,56.5,52.202362060546875,Random,1,0.1,47,52.193355560302734,-0.009006500244140625,0.009006500244140625,334;311;104;259;264;355;78;42;98;21;431;308;243;411;426;346;250;61;352;106;234;394;132;335;72;205;150;193;35;305;301;332;97;117;141;60;15;73;363;130;441;57;392;206;455;114;55
O93838,56.5,52.202362060546875,Random,2,0.1,47,52.20235824584961,-3.814697265625e-06,3.814697265625e-06,98;181;366;164;421;271;137;303;276;409;435;66;242;364;429;467;147;360;241;134;205;220;321;129;91;8;316;49;213;403;314;319;310;392;128;281;309;59;300;372;118;142;293;161;209;212;51
O93838,56.5,52.202362060546875,Random,3,0.1,47,52.25251770019531,0.0501556396484375,0.0501556396484375,214;211;263;213;146;317;66;207;24;198;72;240;354;4;95;155;36;329;150;336;23;291;256;337;121;333;38;9;37;332;39;257;195;345;19;358;56;182;352;13;407;196;62;389;436;26;456
O93838,56.5,52.202362060546875,Random,4,0.1,47,51.849761962890625,-0.35260009765625,0.35260009765625,424;281;431;42;351;220;411;119;33;385;93;255;335;333;270;320;423;305;318;370;137;183;380;420;120;360;182;70;40;149;1;109;49;209;104;301;268;302;90;299;134;311;23;164;57;27;173
Q6H8Y0,37.0,37.5036735534668,Top important,0,0.1,80,44.332725524902344,6.829051971435547,6.829051971435547,149;67;645;226;8;443;101;270;202;54;615;156;783;24;590;131;512;61;166;761;662;357;317;535;205;304;191;608;285;557;282;449;311;1;667;20;383;366;574;154;798;672;600;258;51;140;437;390;439;345;398;618;421;227;717;4;499;670;321;607;789;281;141;324;641;365;237;550;290;473;121;407;728;416;769;71;102;88;399;700
Q6H8Y0,37.0,37.5036735534668,Low important,0,0.1,80,37.5036735534668,0.0,0.0,770;643;38;601;163;12;661;579;787;17;687;287;714;29;148;201;34;243;214;462;720;453;753;632;158;463;472;745;731;42;791;3;231;742;617;259;316;57;477;235;532;435;171;534;765;621;95;228;471;335;756;467;723;272;580;76;308;73;72;521;69;501;520;773;506;286;405;572;640;294;622;113;754;128;303;362;504;578;108;573
Q6H8Y0,37.0,37.5036735534668,Random,0,0.1,80,37.510887145996094,0.007213592529296875,0.007213592529296875,159;687;299;331;72;571;227;14;544;162;564;255;169;675;87;365;652;665;108;611;661;518;670;189;81;609;39;512;25;54;628;417;622;651;587;362;196;271;357;69;737;516;328;380;56;489;745;45;553;19;150;135;109;342;643;264;654;276;321;540;477;785;160;558;497;534;198;316;691;419;348;269;105;80;155;708;32;759;10;488
Q6H8Y0,37.0,37.5036735534668,Random,1,0.1,80,37.2318115234375,-0.2718620300292969,0.2718620300292969,737;287;401;264;390;469;339;155;402;145;516;259;416;362;569;70;184;64;585;209;713;319;217;404;486;707;67;710;717;414;87;226;156;561;351;464;403;600;263;706;316;634;762;432;2;473;586;79;296;540;468;235;202;28;124;716;617;5;251;682;10;761;94;681;457;60;693;612;152;491;349;630;666;191;302;283;743;687;117;323
Q6H8Y0,37.0,37.5036735534668,Random,2,0.1,80,37.474395751953125,-0.029277801513671875,0.029277801513671875,391;628;629;5;639;771;251;387;324;264;472;157;547;516;187;475;595;30;554;789;757;670;4;348;206;195;43;370;544;292;190;517;762;42;742;518;398;146;768;296;320;136;249;636;456;357;22;605;255;414;156;659;731;200;750;575;351;102;495;291;233;208;567;241;244;236;153;286;587;486;453;284;161;176;481;65;601;172;719;421
Q6H8Y0,37.0,37.5036735534668,Random,3,0.1,80,37.490966796875,-0.012706756591796875,0.012706756591796875,437;650;211;557;142;11;779;670;758;184;222;259;80;637;606;79;167;2;57;481;334;113;178;649;358;466;29;108;41;246;225;399;682;136;299;523;587;162;359;415;610;640;363;195;691;568;83;293;140;665;780;303;235;550;515;354;465;624;278;414;520;110;65;476;232;770;372;627;569;244;389;514;43;60;783;526;683;353;470;420
Q6H8Y0,37.0,37.5036735534668,Random,4,0.1,80,37.71188735961914,0.20821380615234375,0.20821380615234375,360;611;114;97;398;219;645;381;135;446;729;79;692;354;735;348;138;424;498;730;170;125;378;325;23;590;476;569;603;601;276;592;679;205;16;42;773;14;387;385;118;536;151;394;778;32;195;92;147;231;47;230;315;40;769;105;495;309;407;191;338;435;36;362;43;756;664;41;216;604;558;459;529;506;657;171;469;465;413;691
A0A061M1M5,40.0,40.24912643432617,Top important,0,0.1,80,49.59569549560547,9.346569061279297,9.346569061279297,723;580;474;43;617;81;538;459;758;195;384;697;77;696;173;665;221;323;612;258;6;500;608;401;759;526;479;100;507;87;501;301;722;584;488;8;42;421;429;445;600;662;674;205;127;599;455;4;513;57;774;505;476;491;707;13;255;78;702;224;348;67;642;329;545;190;322;553;16;749;352;480;86;110;734;798;114;547;207;636
A0A061M1M5,40.0,40.24912643432617,Low important,0,0.1,80,40.24912643432617,0.0,0.0,84;439;209;241;408;146;653;413;286;177;663;762;237;313;626;782;97;685;457;54;757;418;640;673;219;382;366;716;351;283;652;753;365;350;376;588;540;589;635;765;714;118;639;155;109;742;613;397;228;645;575;140;394;235;116;240;124;75;290;603;571;145;273;112;717;361;389;150;293;226;279;454;40;362;287;606;196;274;343;359
A0A061M1M5,40.0,40.24912643432617,Random,0,0.1,80,40.2480583190918,-0.001068115234375,0.001068115234375,401;68;709;642;64;149;786;462;129;543;122;17;477;348;569;577;155;718;205;739;687;222;576;488;627;481;646;748;440;691;744;19;614;635;217;240;763;15;464;443;697;781;140;171;773;766;327;146;793;36;471;366;444;423;197;28;611;326;161;409;527;86;554;6;796;485;334;573;284;455;150;713;18;578;601;405;695;385;374;190
A0A061M1M5,40.0,40.24912643432617,Random,1,0.1,80,40.24440002441406,-0.004726409912109375,0.004726409912109375,349;33;709;276;423;182;320;463;39;294;676;130;792;19;619;105;783;472;453;519;54;271;679;753;551;421;757;651;778;350;37;731;532;207;389;416;90;174;372;83;4;621;652;425;146;664;52;756;488;268;244;604;293;581;258;407;199;329;476;371;654;773;93;751;392;165;730;177;542;509;461;384;233;55;269;798;140;791;195;693
A0A061M1M5,40.0,40.24912643432617,Random,2,0.1,80,40.24113082885742,-0.00799560546875,0.00799560546875,606;24;590;62;175;390;778;92;465;65;612;414;523;610;394;619;464;90;532;595;411;361;611;77;50;790;572;794;755;95;640;521;299;618;20;533;274;781;326;247;600;264;498;467;70;597;407;632;331;522;161;31;353;677;43;520;351;662;592;345;478;66;643;142;293;472;218;470;433;601;379;543;211;327;304;435;30;393;58;489
A0A061M1M5,40.0,40.24912643432617,Random,3,0.1,80,40.310638427734375,0.061511993408203125,0.061511993408203125,741;18;195;398;223;594;394;41;670;155;253;128;515;553;621;379;4;556;647;772;593;35;580;265;529;252;261;255;148;671;673;734;652;783;67;42;297;68;345;119;754;700;523;724;689;708;309;535;50;339;220;656;418;312;410;278;91;242;752;338;675;227;780;716;88;65;425;162;586;163;206;489;595;199;662;294;501;359;114;310
A0A061M1M5,40.0,40.24912643432617,Random,4,0.1,80,40.26726531982422,0.018138885498046875,0.018138885498046875,56;176;321;601;294;275;526;411;776;454;606;147;709;295;349;790;35;280;117;132;624;589;369;684;96;616;268;346;503;241;356;519;729;36;613;522;440;627;714;323;559;605;262;461;530;340;650;692;783;475;175;793;777;278;518;502;313;484;456;55;243;319;363;116;688;764;192;264;394;488;712;114;357;628;8;773;50;81;73;691
K0A689,40.0,63.58893966674805,Top important,0,0.1,24,60.52568435668945,-3.0632553100585938,3.0632553100585938,155;239;182;201;215;238;78;100;87;205;8;28;212;68;232;27;138;110;186;65;126;181;150;157
K0A689,40.0,63.58893966674805,Low important,0,0.1,24,63.58893966674805,0.0,0.0,148;208;179;236;114;104;26;144;131;206;67;185;146;174;199;184;17;116;74;115;228;117;102;32
K0A689,40.0,63.58893966674805,Random,0,0.1,24,63.65543746948242,0.066497802734375,0.066497802734375,192;15;59;16;109;182;132;202;80;217;83;145;154;23;9;159;94;146;85;42;45;88;92;166
K0A689,40.0,63.58893966674805,Random,1,0.1,24,63.58894729614258,7.62939453125e-06,7.62939453125e-06,230;218;7;22;46;24;69;130;54;49;107;190;119;214;15;47;132;129;56;122;202;167;76;220
K0A689,40.0,63.58893966674805,Random,2,0.1,24,63.58891677856445,-2.288818359375e-05,2.288818359375e-05,45;117;153;107;94;113;209;195;27;154;130;112;152;43;66;92;144;25;122;74;212;178;223;6
K0A689,40.0,63.58893966674805,Random,3,0.1,24,57.34080123901367,-6.248138427734375,6.248138427734375,112;86;92;188;29;147;158;172;79;80;70;232;125;152;38;6;26;60;216;132;114;46;155;53
K0A689,40.0,63.58893966674805,Random,4,0.1,24,63.58893966674805,0.0,0.0,217;193;148;203;176;54;75;118;216;89;57;42;97;234;124;132;221;7;162;150;228;70;108;173
Q99040,37.0,37.84100341796875,Top important,0,0.1,54,34.137840270996094,-3.7031631469726562,3.7031631469726562,185;254;117;382;3;245;536;325;206;534;386;94;15;523;42;512;242;189;219;321;269;328;135;139;68;66;515;420;128;338;4;266;524;226;456;235;466;121;324;497;1;34;75;175;390;173;35;349;246;490;483;186;345;445
Q99040,37.0,37.84100341796875,Low important,0,0.1,54,37.84100341796875,0.0,0.0,155;95;137;520;310;259;478;476;380;347;104;387;63;256;261;283;154;67;20;498;52;19;164;16;21;183;272;163;244;412;282;10;408;425;13;417;248;50;122;54;169;511;100;406;529;402;493;76;308;424;14;65;101;58
Q99040,37.0,37.84100341796875,Random,0,0.1,54,37.93699264526367,0.09598922729492188,0.09598922729492188,169;205;325;461;453;153;312;464;116;291;506;293;251;300;55;179;373;483;282;112;484;422;495;382;1;512;290;98;296;324;344;449;97;401;73;218;502;197;260;482;175;59;360;15;255;315;491;154;289;378;323;514;136;33
Q99040,37.0,37.84100341796875,Random,1,0.1,54,37.842185974121094,0.00118255615234375,0.00118255615234375,143;284;426;443;81;529;172;27;106;471;130;453;76;248;188;345;533;469;93;336;517;486;149;271;391;521;168;430;326;478;397;121;31;480;1;357;180;442;459;241;414;418;510;166;362;363;179;6;396;129;523;87;10;466
Q99040,37.0,37.84100341796875,Random,2,0.1,54,37.931915283203125,0.090911865234375,0.090911865234375,390;251;477;276;5;13;116;225;369;153;361;382;494;429;505;250;83;30;79;402;471;73;371;434;208;166;407;300;77;444;447;209;246;16;268;191;245;320;127;418;206;199;222;9;303;132;453;52;165;398;145;10;67;412
Q99040,37.0,37.84100341796875,Random,3,0.1,54,37.84120178222656,0.0001983642578125,0.0001983642578125,307;287;265;396;491;267;275;118;370;257;223;403;187;44;515;499;237;448;259;282;47;196;531;357;169;17;366;343;507;302;525;429;451;99;147;377;32;524;518;263;73;258;462;179;427;168;433;317;276;526;418;10;79;41
Q99040,37.0,37.84100341796875,Random,4,0.1,54,37.84429168701172,0.00328826904296875,0.00328826904296875,371;24;100;213;134;437;373;463;113;527;125;430;534;315;278;359;367;35;297;159;435;204;485;349;410;523;128;237;427;60;421;153;120;232;39;13;470;339;178;247;221;86;479;443;493;152;471;293;517;436;205;417;532;98
P30925,95.0,64.9665756225586,Top important,0,0.1,74,70.36747741699219,5.400901794433594,5.400901794433594,582;598;247;77;514;85;48;273;80;187;544;719;256;334;270;338;82;7;217;435;147;461;193;509;447;371;154;31;70;576;393;652;698;659;431;505;502;629;376;179;586;634;234;469;44;610;24;218;63;363;360;27;90;180;172;520;390;207;271;418;561;655;301;232;482;442;726;450;128;189;510;184;201;665
P30925,95.0,64.9665756225586,Low important,0,0.1,74,64.9665756225586,0.0,0.0,102;548;199;318;315;663;42;202;287;73;602;119;368;651;679;2;46;81;613;140;343;127;115;430;145;75;36;473;615;573;636;120;527;705;673;62;670;225;590;397;261;149;303;29;596;676;488;245;599;361;543;142;551;192;507;259;680;117;403;612;178;660;584;92;623;464;626;395;608;508;664;91;298;703
P30925,95.0,64.9665756225586,Random,0,0.1,74,64.96887969970703,0.0023040771484375,0.0023040771484375,596;474;673;294;704;226;318;400;644;715;520;523;530;581;643;456;386;26;555;560;6;623;161;207;487;545;374;54;618;427;57;714;613;595;609;280;477;519;142;668;158;246;528;384;229;382;192;32;349;117;2;51;139;56;371;90;605;42;653;639;387;713;500;138;278;204;692;159;121;195;13;230;484;83
P30925,95.0,64.9665756225586,Random,1,0.1,74,65.05931854248047,0.092742919921875,0.092742919921875,488;22;479;148;459;732;208;196;735;684;492;413;587;712;187;347;335;491;469;141;548;498;226;324;63;318;193;364;401;577;545;505;224;416;634;152;497;514;86;623;515;277;216;300;131;442;205;645;112;301;186;351;14;188;523;675;434;6;518;439;250;88;636;181;500;89;462;368;716;478;490;569;7;115
P30925,95.0,64.9665756225586,Random,2,0.1,74,64.9732437133789,0.0066680908203125,0.0066680908203125,126;706;309;589;365;197;499;702;733;404;346;654;542;360;327;708;173;497;658;333;707;677;446;545;222;671;90;419;111;451;731;344;613;20;321;373;379;518;219;412;461;389;735;628;81;409;170;528;36;178;117;730;100;561;725;336;31;129;127;206;83;663;616;232;593;510;717;536;203;551;91;236;571;193
P30925,95.0,64.9665756225586,Random,3,0.1,74,64.03639221191406,-0.9301834106445312,0.9301834106445312,155;360;736;630;455;369;68;430;512;617;707;13;301;51;528;426;469;668;270;53;46;52;169;421;78;408;98;524;644;598;172;659;549;252;158;608;481;45;129;439;333;387;262;348;375;97;115;119;311;513;725;215;689;680;296;34;127;700;361;548;529;214;656;328;25;376;149;622;47;93;11;381;316;242
P30925,95.0,64.9665756225586,Random,4,0.1,74,64.86970520019531,-0.09687042236328125,0.09687042236328125,215;292;186;311;659;590;400;83;672;347;711;326;256;75;690;654;124;474;222;616;24;732;568;542;233;140;718;505;209;323;264;733;6;442;257;52;491;314;477;47;735;113;448;182;546;551;230;242;421;610;70;523;274;373;133;432;240;394;126;622;217;319;20;40;232;12;278;416;606;631;435;731;679;431
P0ADR6,37.0,31.862844467163086,Top important,0,0.1,37,37.84397888183594,5.981134414672852,5.981134414672852,44;36;57;299;30;21;111;272;140;14;330;360;101;134;12;314;290;333;251;114;356;203;157;213;324;345;74;329;79;27;295;154;90;252;99;87;364
P0ADR6,37.0,31.862844467163086,Low important,0,0.1,37,31.862844467163086,0.0,0.0,220;69;17;240;238;301;8;109;286;273;275;277;316;349;293;86;282;38;280;274;178;64;107;300;164;183;16;181;186;216;219;171;194;347;153;239;209
P0ADR6,37.0,31.862844467163086,Random,0,0.1,37,32.331851959228516,0.4690074920654297,0.4690074920654297,336;363;210;354;300;95;299;238;346;100;272;320;200;120;137;22;152;90;196;143;223;285;228;243;195;142;2;214;311;226;184;3;215;327;287;267;358
P0ADR6,37.0,31.862844467163086,Random,1,0.1,37,31.960311889648438,0.09746742248535156,0.09746742248535156,254;171;92;205;111;347;214;90;33;12;112;2;224;150;257;11;348;354;247;107;79;194;219;273;232;234;198;97;106;78;77;20;292;304;50;145;255
P0ADR6,37.0,31.862844467163086,Random,2,0.1,37,31.947769165039062,0.08492469787597656,0.08492469787597656,331;324;2;356;322;194;220;107;269;264;206;135;348;297;234;225;12;272;193;1;296;276;129;298;197;91;203;334;53;188;109;293;141;335;6;157;136
P0ADR6,37.0,31.862844467163086,Random,3,0.1,37,31.862812042236328,-3.24249267578125e-05,3.24249267578125e-05,220;17;37;218;267;188;71;177;59;322;281;94;353;92;164;66;20;155;81;321;82;112;242;119;79;180;173;97;254;296;266;55;209;89;24;347;279
P0ADR6,37.0,31.862844467163086,Random,4,0.1,37,31.86257553100586,-0.0002689361572265625,0.0002689361572265625,340;284;336;230;331;293;144;119;19;92;80;182;121;199;231;267;270;109;154;343;261;25;345;185;324;238;308;315;316;326;106;325;282;237;285;76;321
A4YEG2,74.0,55.813480377197266,Top important,0,0.1,14,58.35179138183594,2.538311004638672,2.538311004638672,64;118;21;1;124;140;50;102;7;43;84;99;88;78
A4YEG2,74.0,55.813480377197266,Low important,0,0.1,14,55.813480377197266,0.0,0.0,76;91;35;114;12;120;23;61;38;44;69;46;122;58
A4YEG2,74.0,55.813480377197266,Random,0,0.1,14,55.8659782409668,0.05249786376953125,0.05249786376953125,2;122;82;56;63;32;35;30;95;33;67;115;106;50
A4YEG2,74.0,55.813480377197266,Random,1,0.1,14,55.81129837036133,-0.0021820068359375,0.0021820068359375,91;98;106;85;46;61;96;18;5;43;126;72;131;16
A4YEG2,74.0,55.813480377197266,Random,2,0.1,14,55.95106506347656,0.13758468627929688,0.13758468627929688,33;2;91;82;79;51;85;124;29;67;125;75;86;76
A4YEG2,74.0,55.813480377197266,Random,3,0.1,14,55.70600128173828,-0.10747909545898438,0.10747909545898438,46;49;108;82;118;47;14;121;37;27;89;112;32;41
A4YEG2,74.0,55.813480377197266,Random,4,0.1,14,55.813480377197266,0.0,0.0,131;104;14;129;46;77;42;5;91;4;95;6;139;55
P45040,20.0,33.627593994140625,Top important,0,0.1,32,41.44407653808594,7.8164825439453125,7.8164825439453125,190;61;211;183;217;21;125;315;153;314;244;272;63;186;162;12;89;264;235;311;120;166;316;292;8;154;53;159;85;56;179;194
P45040,20.0,33.627593994140625,Low important,0,0.1,32,33.627593994140625,0.0,0.0,280;67;91;279;52;164;17;143;132;274;242;255;88;39;82;206;300;69;77;68;296;253;145;148;90;147;173;65;34;289;201;209
P45040,20.0,33.627593994140625,Random,0,0.1,32,33.66067886352539,0.033084869384765625,0.033084869384765625,124;26;270;283;15;218;254;148;231;90;180;123;70;153;301;112;189;286;138;72;113;14;193;107;216;229;161;145;259;5;258;20
P45040,20.0,33.627593994140625,Random,1,0.1,32,33.62913131713867,0.001537322998046875,0.001537322998046875,17;6;238;178;316;92;88;80;40;235;236;150;82;205;22;202;54;309;29;30;274;277;215;99;230;278;300;312;253;39;7;228
P45040,20.0,33.627593994140625,Random,2,0.1,32,33.62799072265625,0.000396728515625,0.000396728515625,250;128;240;176;243;226;253;252;135;103;119;96;230;141;129;2;281;201;79;198;115;179;158;71;27;6;268;110;149;43;154;316
P45040,20.0,33.627593994140625,Random,3,0.1,32,33.640586853027344,0.01299285888671875,0.01299285888671875,309;169;107;134;209;181;189;106;260;77;117;253;296;81;201;26;170;15;88;284;248;244;128;51;184;131;114;289;61;312;202;145
P45040,20.0,33.627593994140625,Random,4,0.1,32,34.041664123535156,0.41407012939453125,0.41407012939453125,154;2;92;130;31;225;273;190;241;286;264;307;250;301;305;3;303;105;292;147;222;7;261;213;100;76;256;175;125;102;257;33
B1Q4V2,68.0,56.07366943359375,Top important,0,0.1,13,56.382381439208984,0.3087120056152344,0.3087120056152344,63;42;53;111;46;51;83;110;26;76;58;27;54
B1Q4V2,68.0,56.07366943359375,Low important,0,0.1,13,56.07366943359375,0.0,0.0,65;108;15;6;106;69;31;122;7;25;5;10;41
B1Q4V2,68.0,56.07366943359375,Random,0,0.1,13,56.05670928955078,-0.01696014404296875,0.01696014404296875,29;64;72;101;28;7;119;70;41;25;87;16;51
B1Q4V2,68.0,56.07366943359375,Random,1,0.1,13,55.99814224243164,-0.07552719116210938,0.07552719116210938,53;102;60;91;106;93;36;49;28;85;92;72;68
B1Q4V2,68.0,56.07366943359375,Random,2,0.1,13,56.317352294921875,0.243682861328125,0.243682861328125,6;99;21;106;113;67;104;90;122;80;63;32;50
B1Q4V2,68.0,56.07366943359375,Random,3,0.1,13,56.072288513183594,-0.00138092041015625,0.00138092041015625,58;107;82;54;101;124;33;89;6;81;59;64;92
B1Q4V2,68.0,56.07366943359375,Random,4,0.1,13,56.07365417480469,-1.52587890625e-05,1.52587890625e-05,80;65;75;44;60;106;49;29;50;59;22;94;55
Q8Q0G3,37.0,55.80802917480469,Top important,0,0.1,20,65.30448150634766,9.496452331542969,9.496452331542969,189;6;13;73;138;12;116;184;96;30;1;195;93;108;90;179;126;192;130;136
Q8Q0G3,37.0,55.80802917480469,Low important,0,0.1,20,55.80802917480469,0.0,0.0,44;187;110;62;54;32;97;115;39;41;107;174;183;118;159;81;95;18;85;144
Q8Q0G3,37.0,55.80802917480469,Random,0,0.1,20,55.80115509033203,-0.00687408447265625,0.00687408447265625,50;161;176;166;8;125;192;184;61;72;190;16;96;63;140;134;78;68;24;81
Q8Q0G3,37.0,55.80802917480469,Random,1,0.1,20,55.807518005371094,-0.00051116943359375,0.00051116943359375,198;152;169;52;162;154;199;172;119;157;83;177;31;78;90;60;11;166;85;175
Q8Q0G3,37.0,55.80802917480469,Random,2,0.1,20,55.808013916015625,-1.52587890625e-05,1.52587890625e-05,174;140;89;27;143;166;82;52;45;48;22;39;171;133;180;159;181;38;46;70
Q8Q0G3,37.0,55.80802917480469,Random,3,0.1,20,55.80719757080078,-0.00083160400390625,0.00083160400390625,118;58;156;142;34;147;117;113;93;85;101;120;129;45;37;146;62;29;183;144
Q8Q0G3,37.0,55.80802917480469,Random,4,0.1,20,55.80799865722656,-3.0517578125e-05,3.0517578125e-05,155;169;167;135;60;33;5;193;69;17;40;82;126;80;50;81;149;95;137;63
Q0ZS18,50.0,32.56314468383789,Top important,0,0.1,9,29.913211822509766,-2.649932861328125,2.649932861328125,65;41;73;29;36;48;54;66;19
Q0ZS18,50.0,32.56314468383789,Low important,0,0.1,9,32.56314468383789,0.0,0.0,25;10;42;43;2;16;46;28;9
Q0ZS18,50.0,32.56314468383789,Random,0,0.1,9,32.50734329223633,-0.0558013916015625,0.0558013916015625,73;72;86;38;48;80;74;70;53
Q0ZS18,50.0,32.56314468383789,Random,1,0.1,9,32.563140869140625,-3.814697265625e-06,3.814697265625e-06,4;38;80;59;13;61;58;15;6
Q0ZS18,50.0,32.56314468383789,Random,2,0.1,9,32.56310272216797,-4.1961669921875e-05,4.1961669921875e-05,17;28;13;51;62;18;38;47;58
Q0ZS18,50.0,32.56314468383789,Random,3,0.1,9,32.563148498535156,3.814697265625e-06,3.814697265625e-06,27;12;50;23;83;34;79;56;80
Q0ZS18,50.0,32.56314468383789,Random,4,0.1,9,32.563148498535156,3.814697265625e-06,3.814697265625e-06,44;76;25;72;50;46;74;85;51
A8D0T0,50.0,62.02595520019531,Top important,0,0.1,50,63.998023986816406,1.9720687866210938,1.9720687866210938,235;283;19;400;45;142;181;355;330;311;412;164;100;6;128;185;495;15;113;459;377;40;482;340;367;71;266;347;418;371;453;217;425;229;10;67;125;491;287;254;85;104;33;467;248;490;249;296;189;479
A8D0T0,50.0,62.02595520019531,Low important,0,0.1,50,62.02595520019531,0.0,0.0,455;168;114;485;263;24;209;303;289;191;134;26;115;145;7;169;126;233;226;88;259;50;293;227;97;149;165;285;255;162;223;410;215;282;288;341;366;390;187;210;92;252;190;262;83;301;369;93;166;127
A8D0T0,50.0,62.02595520019531,Random,0,0.1,50,62.0259895324707,3.4332275390625e-05,3.4332275390625e-05,488;494;195;290;212;10;222;257;386;291;218;116;14;351;251;419;147;113;138;372;114;248;192;428;356;200;42;437;173;107;95;473;83;27;155;180;93;321;300;203;69;396;198;136;292;263;318;361;109;444
A8D0T0,50.0,62.02595520019531,Random,1,0.1,50,62.02580261230469,-0.000152587890625,0.000152587890625,292;81;221;139;143;92;220;57;16;182;130;24;322;22;73;61;363;339;376;454;197;31;359;481;20;270;65;17;477;488;102;352;28;482;326;207;378;11;397;116;479;195;222;349;438;173;468;194;316;364
A8D0T0,50.0,62.02595520019531,Random,2,0.1,50,62.027320861816406,0.00136566162109375,0.00136566162109375,311;350;54;337;343;128;275;389;40;266;238;7;260;248;340;91;241;437;409;291;170;138;196;76;66;173;93;421;189;79;287;12;249;273;298;127;492;302;105;452;86;240;320;388;313;183;439;68;436;139
A8D0T0,50.0,62.02595520019531,Random,3,0.1,50,62.026084899902344,0.00012969970703125,0.00012969970703125,156;281;411;294;332;98;383;335;242;22;343;106;344;492;444;407;253;377;405;162;49;65;395;491;461;477;248;64;363;500;305;308;188;441;145;265;14;215;482;204;159;420;315;463;108;27;141;367;498;101
A8D0T0,50.0,62.02595520019531,Random,4,0.1,50,62.03458786010742,0.008632659912109375,0.008632659912109375,318;49;84;51;144;43;400;278;236;261;474;371;248;99;12;451;405;426;48;375;210;322;300;179;384;373;114;477;429;115;306;36;206;301;96;260;107;344;471;234;273;457;112;325;231;160;370;175;145;255
O57917,25.0,49.26521301269531,Top important,0,0.1,23,50.972129821777344,1.7069168090820312,1.7069168090820312,102;34;5;13;68;168;1;32;220;73;172;162;65;77;133;91;46;108;54;31;53;213;87
O57917,25.0,49.26521301269531,Low important,0,0.1,23,49.26521301269531,0.0,0.0,105;97;143;225;51;189;132;63;138;92;210;82;20;196;113;80;184;152;76;178;59;192;142
O57917,25.0,49.26521301269531,Random,0,0.1,23,49.26524353027344,3.0517578125e-05,3.0517578125e-05,154;42;6;98;226;206;86;84;66;70;185;24;107;202;109;104;191;52;31;165;59;88;25
O57917,25.0,49.26521301269531,Random,1,0.1,23,49.24948501586914,-0.015727996826171875,0.015727996826171875,57;202;156;115;88;23;122;160;144;1;83;125;56;188;50;109;182;118;142;140;204;139;208
O57917,25.0,49.26521301269531,Random,2,0.1,23,50.4071159362793,1.1419029235839844,1.1419029235839844,102;145;156;49;179;208;2;57;96;15;50;13;19;53;177;39;176;18;125;106;204;29;139
O57917,25.0,49.26521301269531,Random,3,0.1,23,49.265193939208984,-1.9073486328125e-05,1.9073486328125e-05,148;111;196;115;96;61;222;33;116;59;195;184;109;69;49;87;100;208;12;53;206;55;174
O57917,25.0,49.26521301269531,Random,4,0.1,23,49.341556549072266,0.07634353637695312,0.07634353637695312,5;39;148;171;26;172;101;6;111;144;84;128;87;118;83;166;119;42;211;135;18;221;43
A4YGR1,65.0,74.72322845458984,Top important,0,0.1,67,80.8357162475586,6.11248779296875,6.11248779296875,76;327;163;358;102;605;147;350;235;648;601;624;547;397;596;403;415;315;212;228;265;35;408;317;468;656;311;638;661;271;268;526;334;198;516;427;160;490;391;7;434;135;489;345;172;39;566;635;558;9;453;273;374;278;185;130;72;409;282;351;373;440;539;528;295;640;387
A4YGR1,65.0,74.72322845458984,Low important,0,0.1,67,74.72322845458984,0.0,0.0,549;355;437;641;256;478;136;320;186;224;544;555;154;257;11;480;533;474;254;242;227;398;313;479;512;63;307;423;188;81;255;626;543;487;613;413;260;363;103;124;325;139;42;625;606;425;336;239;505;472;263;144;419;475;603;324;276;266;259;545;116;165;442;580;551;121;338
A4YGR1,65.0,74.72322845458984,Random,0,0.1,67,74.94500732421875,0.22177886962890625,0.22177886962890625,97;187;608;176;122;202;512;80;89;658;182;219;213;4;589;2;118;25;191;535;276;130;141;350;42;466;611;465;147;524;398;106;470;358;324;418;12;228;607;114;434;351;378;288;645;597;641;295;283;456;349;591;370;553;356;259;204;151;655;424;544;23;65;606;592;660;144
A4YGR1,65.0,74.72322845458984,Random,1,0.1,67,75.13258361816406,0.40935516357421875,0.40935516357421875,267;28;627;563;326;578;308;633;219;508;199;213;117;592;517;66;176;625;420;428;75;584;370;76;257;547;301;624;477;567;351;296;314;197;589;558;452;204;187;320;315;55;264;124;382;29;18;518;614;509;227;591;527;21;438;90;68;74;57;511;203;586;297;148;342;526;434
A4YGR1,65.0,74.72322845458984,Random,2,0.1,67,74.6670913696289,-0.0561370849609375,0.0561370849609375,138;273;262;359;541;629;208;327;153;358;612;296;657;48;157;69;393;115;494;400;651;269;587;368;223;325;600;583;529;154;344;380;619;289;590;320;180;460;66;652;23;361;137;468;91;34;378;116;163;127;303;558;187;406;623;632;435;32;598;554;622;233;84;595;228;407;108
A4YGR1,65.0,74.72322845458984,Random,3,0.1,67,75.0030746459961,0.27984619140625,0.27984619140625,340;54;29;160;86;580;385;284;84;358;230;2;516;209;561;189;504;531;494;633;615;178;26;450;394;307;237;60;329;243;360;534;490;31;257;510;97;595;486;336;645;342;208;154;58;317;447;564;341;563;526;288;343;348;389;282;89;627;325;386;296;485;48;127;71;162;147
A4YGR1,65.0,74.72322845458984,Random,4,0.1,67,74.70829772949219,-0.01493072509765625,0.01493072509765625,444;330;5;6;485;381;86;61;572;295;123;192;285;286;72;461;133;563;359;365;179;8;57;20;49;307;522;187;396;68;100;292;321;407;3;71;462;411;598;529;426;65;233;578;294;148;442;110;357;467;418;2;121;224;364;107;620;156;648;375;279;212;487;48;132;175;634
Q6H8X6,37.0,36.35886764526367,Top important,0,0.1,27,40.46107864379883,4.102210998535156,4.102210998535156,37;31;125;171;239;71;100;109;58;160;174;93;251;72;119;254;219;80;28;190;227;191;135;21;108;250;206
Q6H8X6,37.0,36.35886764526367,Low important,0,0.1,27,36.35886764526367,0.0,0.0,170;45;11;106;96;83;212;95;19;256;102;204;200;23;255;65;228;46;53;39;43;117;132;42;241;263;77
Q6H8X6,37.0,36.35886764526367,Random,0,0.1,27,36.199005126953125,-0.15986251831054688,0.15986251831054688,99;75;133;83;61;128;256;170;193;183;2;130;142;29;182;125;51;108;56;235;107;114;147;52;180;218;190
Q6H8X6,37.0,36.35886764526367,Random,1,0.1,27,34.63386535644531,-1.7250022888183594,1.7250022888183594,217;67;75;35;8;131;149;37;44;190;252;182;127;147;85;140;163;148;102;36;202;237;9;199;168;55;77
Q6H8X6,37.0,36.35886764526367,Random,2,0.1,27,36.22414779663086,-0.1347198486328125,0.1347198486328125,142;99;77;249;97;257;19;173;245;6;3;15;94;152;171;213;210;7;13;181;255;157;16;109;65;33;73
Q6H8X6,37.0,36.35886764526367,Random,3,0.1,27,38.20937728881836,1.8505096435546875,1.8505096435546875,31;145;256;252;58;12;174;167;180;55;190;213;199;263;29;13;193;258;228;244;86;178;107;108;99;1;27
Q6H8X6,37.0,36.35886764526367,Random,4,0.1,27,34.63386917114258,-1.7249984741210938,1.7249984741210938,70;157;26;116;240;133;105;214;62;235;33;94;241;154;121;114;37;42;97;147;122;265;60;127;22;156;190
P39107,20.0,36.37061309814453,Top important,0,0.1,40,38.49454879760742,2.1239356994628906,2.1239356994628906,240;56;391;114;97;32;168;95;198;76;54;277;92;66;26;300;230;311;263;304;50;127;43;183;395;269;207;363;253;226;262;48;294;196;174;87;86;319;67;205
P39107,20.0,36.37061309814453,Low important,0,0.1,40,36.37061309814453,0.0,0.0,359;182;165;239;216;211;149;393;293;315;275;256;234;16;362;381;353;278;236;286;119;58;30;231;23;110;317;124;130;89;312;210;322;302;153;387;276;356;221;355
P39107,20.0,36.37061309814453,Random,0,0.1,40,36.34774398803711,-0.022869110107421875,0.022869110107421875,301;104;90;134;313;216;9;370;21;365;318;327;353;124;28;168;283;190;198;132;362;15;87;279;378;369;137;19;2;263;62;234;395;187;7;17;122;342;175;386
P39107,20.0,36.37061309814453,Random,1,0.1,40,38.741371154785156,2.370758056640625,2.370758056640625,58;21;50;97;129;377;15;189;73;49;384;191;312;74;347;123;180;135;271;215;261;62;154;70;226;59;339;366;22;14;63;130;150;240;299;361;209;300;152;272
P39107,20.0,36.37061309814453,Random,2,0.1,40,38.500892639160156,2.130279541015625,2.130279541015625,272;211;30;183;318;265;298;174;258;42;373;236;86;316;103;241;184;167;392;384;28;128;210;68;348;383;307;335;293;113;179;195;209;120;240;39;45;32;201;94
P39107,20.0,36.37061309814453,Random,3,0.1,40,36.3743782043457,0.003765106201171875,0.003765106201171875,337;238;165;264;300;106;48;149;140;71;89;380;301;234;328;54;210;351;296;237;359;209;383;371;132;322;193;227;79;366;309;21;148;284;73;294;295;30;216;3
P39107,20.0,36.37061309814453,Random,4,0.1,40,36.37020492553711,-0.000408172607421875,0.000408172607421875,52;83;32;205;201;169;177;227;350;204;187;376;339;384;274;223;60;68;369;308;98;128;19;33;358;18;54;67;29;65;393;310;356;379;371;296;292;179;269;168
Q81PP9,25.0,27.728342056274414,Top important,0,0.1,21,35.71805953979492,7.989717483520508,7.989717483520508,162;4;92;83;172;207;1;161;179;156;94;132;74;170;136;34;50;28;84;10;138
Q81PP9,25.0,27.728342056274414,Low important,0,0.1,21,27.728342056274414,0.0,0.0,12;153;22;41;85;202;122;11;135;208;187;159;205;188;158;23;58;19;201;150;149
Q81PP9,25.0,27.728342056274414,Random,0,0.1,21,27.728321075439453,-2.09808349609375e-05,2.09808349609375e-05,7;182;171;105;37;160;164;123;70;134;14;190;193;176;8;158;189;181;33;3;200
Q81PP9,25.0,27.728342056274414,Random,1,0.1,21,27.72833251953125,-9.5367431640625e-06,9.5367431640625e-06,139;17;42;63;145;203;108;73;163;27;30;133;146;116;124;144;62;153;65;148;142
Q81PP9,25.0,27.728342056274414,Random,2,0.1,21,27.720012664794922,-0.008329391479492188,0.008329391479492188,110;149;197;56;207;146;170;142;82;148;188;194;107;57;118;14;141;164;59;117;5
Q81PP9,25.0,27.728342056274414,Random,3,0.1,21,26.576549530029297,-1.1517925262451172,1.1517925262451172,4;161;205;19;57;42;73;192;109;22;23;108;204;89;1;134;139;107;155;144;175
Q81PP9,25.0,27.728342056274414,Random,4,0.1,21,27.728342056274414,0.0,0.0,80;153;23;129;110;151;33;79;178;46;22;105;142;54;56;120;191;145;121;103;176
Q5SI82,65.0,54.63713455200195,Top important,0,0.1,63,61.834503173828125,7.197368621826172,7.197368621826172,552;506;50;62;563;189;338;84;365;182;579;522;385;533;418;289;544;342;275;85;331;172;255;119;329;566;204;415;436;184;190;107;13;28;32;211;273;200;162;381;437;478;378;241;490;624;201;169;270;58;616;530;429;404;269;435;307;427;573;115;622;529;428
Q5SI82,65.0,54.63713455200195,Low important,0,0.1,63,54.63713455200195,0.0,0.0,356;590;251;546;439;214;362;496;308;611;218;615;547;283;178;597;298;286;487;392;317;484;71;367;438;222;295;330;175;160;205;572;3;336;257;406;393;37;227;79;171;491;501;256;509;440;153;53;425;301;137;326;300;323;311;483;250;254;253;396;76;471;299
Q5SI82,65.0,54.63713455200195,Random,0,0.1,63,54.832794189453125,0.19565963745117188,0.19565963745117188,521;528;115;371;328;85;407;620;29;476;151;443;48;358;354;90;551;293;362;474;549;309;167;14;36;567;129;417;117;170;617;259;243;381;224;441;499;100;460;429;155;458;143;77;541;87;213;222;568;507;316;31;506;44;505;427;400;314;592;253;93;285;461
Q5SI82,65.0,54.63713455200195,Random,1,0.1,63,54.63706970214844,-6.4849853515625e-05,6.4849853515625e-05,218;505;70;530;619;322;431;234;433;512;507;461;304;499;264;463;491;485;449;48;152;283;67;379;102;254;236;190;542;274;270;484;4;534;432;339;259;146;165;336;213;148;60;536;618;389;113;130;168;179;221;7;622;578;593;346;592;136;177;448;396;412;488
Q5SI82,65.0,54.63713455200195,Random,2,0.1,63,53.5625,-1.0746345520019531,1.0746345520019531,353;482;112;107;298;607;303;192;35;175;57;541;6;106;143;161;458;15;133;139;45;83;577;7;34;242;148;484;183;481;464;103;66;548;468;361;326;471;386;551;499;198;585;563;157;19;180;475;335;589;160;427;29;30;214;99;552;20;153;205;472;215;512
Q5SI82,65.0,54.63713455200195,Random,3,0.1,63,54.6362190246582,-0.00091552734375,0.00091552734375,525;433;61;592;514;544;622;331;386;325;303;599;502;295;518;167;105;204;620;242;170;462;604;210;593;254;181;55;65;523;561;437;457;142;184;452;5;57;367;76;586;129;393;395;25;499;29;460;277;612;468;23;381;478;574;7;143;466;564;71;148;231;156
Q5SI82,65.0,54.63713455200195,Random,4,0.1,63,54.83199691772461,0.19486236572265625,0.19486236572265625,556;401;275;61;123;439;3;329;543;549;250;524;500;152;540;235;127;207;153;545;491;421;434;357;145;243;236;242;312;281;343;214;109;342;139;339;389;169;350;238;7;537;612;221;460;473;17;265;541;555;559;433;506;579;457;297;240;519;448;352;80;78;499
Q66V97,30.0,31.2385196685791,Top important,0,0.1,47,37.274192810058594,6.035673141479492,6.035673141479492,401;432;450;325;221;334;310;84;426;21;56;193;412;181;266;451;180;352;139;361;171;443;248;13;285;328;137;74;458;6;148;384;220;199;418;122;114;240;321;360;42;318;222;189;329;131;29
Q66V97,30.0,31.2385196685791,Low important,0,0.1,47,31.2385196685791,0.0,0.0,182;67;368;294;112;415;392;403;339;54;278;238;39;381;62;91;445;382;275;204;363;429;236;93;417;277;156;4;444;41;268;165;71;416;256;224;437;113;286;68;253;65;73;261;108;5;60
Q66V97,30.0,31.2385196685791,Random,0,0.1,47,31.21442222595215,-0.024097442626953125,0.024097442626953125,457;59;374;290;177;67;198;400;84;411;393;242;7;89;258;62;159;422;281;251;404;66;259;23;445;437;4;3;123;108;319;164;231;287;93;49;170;78;205;154;26;327;402;396;383;298;41
Q66V97,30.0,31.2385196685791,Random,1,0.1,47,31.230224609375,-0.008295059204101562,0.008295059204101562,464;138;165;168;364;215;58;52;80;433;216;280;23;365;321;183;40;96;288;310;296;103;176;78;157;97;451;139;162;225;298;59;100;134;390;417;269;427;426;94;234;232;279;300;413;370;414
Q66V97,30.0,31.2385196685791,Random,2,0.1,47,33.14372634887695,1.9052066802978516,1.9052066802978516,447;453;221;133;410;401;309;220;34;23;317;430;200;306;314;308;329;151;224;279;73;418;391;202;206;154;287;198;258;32;185;24;251;107;146;429;35;77;169;152;360;415;175;332;452;61;276
Q66V97,30.0,31.2385196685791,Random,3,0.1,47,31.220476150512695,-0.01804351806640625,0.01804351806640625,386;87;183;438;12;225;101;45;266;194;58;342;301;242;315;388;129;358;383;215;284;142;211;433;65;366;279;419;429;313;76;258;307;250;149;403;309;221;155;306;341;186;88;109;298;399;352
Q66V97,30.0,31.2385196685791,Random,4,0.1,47,31.219711303710938,-0.018808364868164062,0.018808364868164062,360;266;140;231;435;457;375;373;358;220;173;367;305;217;22;48;84;210;95;133;348;23;371;273;118;425;197;188;350;321;61;302;45;460;395;286;278;87;165;200;407;73;386;2;370;310;124
Q9AT27,50.0,40.97370910644531,Top important,0,0.1,58,50.97156524658203,9.997856140136719,9.997856140136719,535;25;353;245;186;226;438;52;217;421;163;211;401;5;1;331;428;530;191;227;443;53;189;432;37;349;319;147;120;87;277;124;158;422;61;456;255;144;373;82;77;330;197;179;538;24;16;105;249;117;524;355;123;56;66;149;178;465
Q9AT27,50.0,40.97370910644531,Low important,0,0.1,58,40.97370910644531,0.0,0.0,22;67;114;254;335;116;85;419;184;285;434;340;253;451;489;89;357;199;2;151;218;204;185;263;327;259;131;417;487;498;79;135;486;416;45;21;363;232;181;93;501;435;567;94;103;467;302;160;460;6;239;462;431;174;206;299;115;203
Q9AT27,50.0,40.97370910644531,Random,0,0.1,58,40.71980285644531,-0.25390625,0.25390625,27;571;542;134;227;117;119;556;366;36;120;274;538;401;23;475;20;102;436;52;506;58;83;471;427;568;508;170;122;569;418;162;303;226;80;93;544;537;465;397;245;294;32;299;420;379;473;403;31;51;276;562;291;272;89;234;450;393
Q9AT27,50.0,40.97370910644531,Random,1,0.1,58,40.937095642089844,-0.03661346435546875,0.03661346435546875,153;32;245;349;453;545;298;420;57;116;306;150;103;222;84;269;332;333;280;495;395;536;44;490;171;416;517;160;524;223;186;136;59;508;415;93;513;78;257;239;19;289;418;419;210;278;126;516;475;255;82;259;526;502;477;3;271;121
Q9AT27,50.0,40.97370910644531,Random,2,0.1,58,41.003387451171875,0.0296783447265625,0.0296783447265625,279;486;44;571;509;100;351;388;381;397;302;428;355;35;224;283;561;253;557;540;83;6;90;257;560;140;550;165;487;531;235;117;270;291;263;198;104;398;459;50;215;359;553;176;403;554;382;433;338;143;9;122;186;113;153;190;332;255
Q9AT27,50.0,40.97370910644531,Random,3,0.1,58,40.97311019897461,-0.000598907470703125,0.000598907470703125,427;422;157;387;433;48;243;488;120;414;154;223;14;209;549;165;179;76;166;497;224;95;81;27;11;252;545;560;538;54;189;177;403;417;98;79;518;297;332;371;190;540;501;335;68;9;302;117;502;225;234;399;100;220;492;1;548;303
Q9AT27,50.0,40.97370910644531,Random,4,0.1,58,40.96179962158203,-0.01190948486328125,0.01190948486328125,189;42;117;102;281;246;144;282;477;377;542;444;507;565;92;566;350;294;457;59;402;45;179;465;135;470;485;450;389;419;33;3;286;548;217;511;201;121;518;393;181;50;309;290;159;383;409;324;490;478;124;295;46;178;149;384;158;105
C7EXL6,45.0,38.745914459228516,Top important,0,0.1,67,39.69514846801758,0.9492340087890625,0.9492340087890625,461;48;156;464;237;387;173;309;431;658;389;132;75;205;585;494;267;285;333;302;40;239;382;610;163;362;42;68;334;399;101;140;540;49;627;316;233;307;470;82;274;61;292;651;110;295;147;394;649;555;439;5;145;546;221;238;361;460;123;278;78;580;558;258;484;665;84
C7EXL6,45.0,38.745914459228516,Low important,0,0.1,67,38.745914459228516,0.0,0.0,52;174;421;343;306;105;283;190;374;198;289;64;281;530;54;304;193;410;523;11;269;305;301;124;277;519;406;615;358;506;288;151;136;463;217;424;625;298;88;117;336;450;604;408;228;524;353;355;529;297;158;219;296;150;385;201;434;135;260;466;441;189;435;340;631;346;337
C7EXL6,45.0,38.745914459228516,Random,0,0.1,67,37.35781478881836,-1.3880996704101562,1.3880996704101562,61;437;463;457;461;109;572;369;170;301;473;468;575;392;51;330;118;354;192;490;519;304;115;384;8;663;377;256;78;619;327;568;580;531;534;108;154;278;520;305;72;497;352;12;404;446;211;525;162;293;291;586;342;176;482;382;642;603;652;156;419;448;153;522;487;427;545
C7EXL6,45.0,38.745914459228516,Random,1,0.1,67,38.79776382446289,0.051849365234375,0.051849365234375,2;184;166;556;102;108;188;405;569;424;273;607;97;505;259;152;380;379;204;218;261;274;445;627;400;237;389;124;508;576;5;351;95;169;367;46;394;277;447;144;287;562;550;360;538;176;87;318;612;348;44;583;45;366;611;506;23;421;146;423;52;62;3;413;461;313;596
C7EXL6,45.0,38.745914459228516,Random,2,0.1,67,38.82517623901367,0.07926177978515625,0.07926177978515625,631;113;639;488;230;22;245;626;447;98;183;104;431;195;27;197;636;385;512;532;244;31;563;485;130;605;241;6;249;84;214;242;428;531;580;140;59;35;174;582;243;625;222;161;376;220;490;497;585;579;502;388;219;486;522;42;38;209;169;665;148;70;453;260;233;136;507
C7EXL6,45.0,38.745914459228516,Random,3,0.1,67,38.72163391113281,-0.024280548095703125,0.024280548095703125,612;485;76;571;270;291;159;523;472;67;68;559;180;110;454;267;334;515;440;9;639;364;311;419;540;26;323;325;286;223;22;155;367;295;139;648;357;578;86;427;134;370;387;661;242;428;7;88;380;131;15;602;124;191;507;161;258;65;266;59;203;285;496;423;63;517;167
C7EXL6,45.0,38.745914459228516,Random,4,0.1,67,38.71924591064453,-0.026668548583984375,0.026668548583984375,7;137;93;628;24;243;120;547;409;553;167;67;428;144;661;37;6;489;31;371;388;172;305;157;116;420;126;579;516;571;559;99;518;121;384;205;25;447;170;330;105;50;119;145;316;75;35;51;88;225;182;175;354;514;159;285;372;632;12;417;5;312;552;14;16;550;568
Q976G4,60.0,66.82601928710938,Top important,0,0.1,60,69.30609893798828,2.4800796508789062,2.4800796508789062,337;46;341;269;433;68;273;385;581;143;211;226;532;7;207;381;505;180;307;62;408;591;198;39;463;13;405;136;474;303;429;308;598;35;297;377;457;578;1;248;282;122;116;92;544;252;577;152;461;553;132;568;150;77;373;125;130;316;48;189
Q976G4,60.0,66.82601928710938,Low important,0,0.1,60,66.82601928710938,0.0,0.0,235;140;579;549;80;516;558;178;413;467;277;227;276;446;475;486;181;390;562;476;488;523;444;185;70;407;338;241;144;396;449;481;280;295;51;345;133;491;267;519;513;404;285;320;530;165;452;378;344;246;442;233;261;357;313;314;485;350;575;306
Q976G4,60.0,66.82601928710938,Random,0,0.1,60,66.82511138916016,-0.00090789794921875,0.00090789794921875,495;187;303;450;406;499;54;34;427;410;382;37;216;32;432;57;491;158;251;263;550;226;232;489;555;213;217;99;544;365;185;237;379;56;316;248;285;241;543;59;253;129;141;572;567;345;420;252;193;357;415;42;299;126;355;109;58;244;319;557
Q976G4,60.0,66.82601928710938,Random,1,0.1,60,66.85725402832031,0.0312347412109375,0.0312347412109375,442;176;517;294;250;412;431;511;399;152;581;23;589;170;380;505;211;492;572;206;402;483;471;213;305;113;142;467;392;29;239;221;418;162;182;310;88;516;349;149;214;208;195;405;574;159;67;499;38;226;15;429;109;33;143;87;61;280;335;25
Q976G4,60.0,66.82601928710938,Random,2,0.1,60,66.8133773803711,-0.01264190673828125,0.01264190673828125,277;192;381;459;21;341;397;361;314;400;219;497;47;286;184;579;402;169;265;150;359;547;54;8;110;198;326;518;570;247;180;144;162;200;574;578;131;280;503;229;506;189;80;26;268;27;272;321;95;163;395;481;588;538;279;342;444;241;55;302
Q976G4,60.0,66.82601928710938,Random,3,0.1,60,66.78504180908203,-0.04097747802734375,0.04097747802734375,473;256;522;488;327;181;590;69;239;403;156;305;79;460;219;276;261;412;62;453;298;299;12;248;171;409;343;99;1;325;333;480;566;71;319;184;164;406;90;329;518;435;272;502;557;444;134;252;485;484;236;321;593;259;24;166;269;170;210;461
Q976G4,60.0,66.82601928710938,Random,4,0.1,60,66.82270812988281,-0.0033111572265625,0.0033111572265625,574;407;111;553;593;284;507;580;348;298;420;591;456;401;55;522;535;530;402;520;304;268;564;457;225;533;310;566;9;37;316;8;311;451;286;381;262;499;512;2;205;344;583;121;318;374;594;380;458;144;153;321;241;67;554;124;460;162;529;315
Q980S1,65.0,76.49380493164062,Top important,0,0.1,46,82.65443420410156,6.1606292724609375,6.1606292724609375,386;114;1;203;301;27;107;320;406;169;318;36;41;297;447;215;380;90;292;411;165;136;11;336;355;374;445;449;64;195;229;306;249;59;26;106;357;399;8;441;167;232;150;267;437;429
Q980S1,65.0,76.49380493164062,Low important,0,0.1,46,76.49380493164062,0.0,0.0,269;351;168;184;175;92;288;105;423;354;233;22;212;312;238;404;259;344;254;108;244;151;180;392;202;102;275;213;333;454;280;6;346;77;310;116;130;327;96;126;181;201;177;250;217;75
Q980S1,65.0,76.49380493164062,Random,0,0.1,46,75.9169921875,-0.576812744140625,0.576812744140625,73;211;444;198;324;1;243;196;82;103;144;251;149;97;270;381;401;150;254;366;264;174;36;58;266;153;440;447;285;338;333;151;172;258;349;451;54;293;301;117;330;259;142;279;244;91
Q980S1,65.0,76.49380493164062,Random,1,0.1,46,79.43836975097656,2.9445648193359375,2.9445648193359375,200;95;319;108;381;360;286;6;207;97;117;141;323;450;161;174;57;72;31;27;94;83;64;4;138;165;44;437;162;79;386;114;18;127;199;166;387;254;160;96;366;229;379;368;122;185
Q980S1,65.0,76.49380493164062,Random,2,0.1,46,74.73516082763672,-1.7586441040039062,1.7586441040039062,232;114;252;254;438;258;408;7;243;95;132;208;375;411;385;354;81;64;87;393;414;61;123;372;210;256;136;395;303;320;248;138;441;253;340;212;24;229;155;350;240;430;48;310;188;40
Q980S1,65.0,76.49380493164062,Random,3,0.1,46,76.4339599609375,-0.059844970703125,0.059844970703125,256;11;453;42;289;89;251;197;41;19;130;53;313;404;73;287;231;258;71;352;328;415;140;373;159;418;194;65;359;20;383;245;196;16;397;37;142;324;283;152;33;262;171;398;314;438
Q980S1,65.0,76.49380493164062,Random,4,0.1,46,76.3743896484375,-0.119415283203125,0.119415283203125,266;312;344;157;129;262;162;409;39;282;276;197;380;226;50;261;15;230;180;80;121;70;244;145;418;224;363;353;279;220;400;371;110;2;134;106;346;301;285;76;71;320;194;396;77;354
Q93CG9,25.0,19.9376277923584,Top important,0,0.1,14,33.60365295410156,13.666025161743164,13.666025161743164,115;37;51;74;85;109;84;83;106;105;8;64;18;47
Q93CG9,25.0,19.9376277923584,Low important,0,0.1,14,19.9376277923584,0.0,0.0,60;15;123;21;62;4;33;128;81;25;75;94;131;78
Q93CG9,25.0,19.9376277923584,Random,0,0.1,14,19.937597274780273,-3.0517578125e-05,3.0517578125e-05,20;83;17;87;30;54;122;60;133;125;46;10;98;3
Q93CG9,25.0,19.9376277923584,Random,1,0.1,14,19.93130111694336,-0.0063266754150390625,0.0063266754150390625,51;77;129;4;38;81;76;117;112;105;130;52;31;86
Q93CG9,25.0,19.9376277923584,Random,2,0.1,14,19.937885284423828,0.0002574920654296875,0.0002574920654296875,72;64;43;74;54;127;6;29;1;73;69;86;57;28
Q93CG9,25.0,19.9376277923584,Random,3,0.1,14,19.862504959106445,-0.07512283325195312,0.07512283325195312,32;97;60;4;43;108;112;50;13;17;81;106;37;58
Q93CG9,25.0,19.9376277923584,Random,4,0.1,14,19.9376277923584,0.0,0.0,26;123;49;110;73;95;71;21;13;23;10;20;122;53
Q6WRS9,30.0,37.63460159301758,Top important,0,0.1,80,43.28934860229492,5.654747009277344,5.654747009277344,65;430;496;354;488;419;708;426;22;316;723;167;393;203;114;785;215;726;1;482;224;468;304;656;379;629;711;102;657;580;212;377;361;177;507;701;775;585;555;130;515;301;156;682;68;337;190;263;336;356;734;53;173;320;671;517;138;150;447;71;595;606;274;179;574;685;512;473;647;568;414;713;201;540;74;18;249;527;748;613
Q6WRS9,30.0,37.63460159301758,Low important,0,0.1,80,37.63460159301758,0.0,0.0,113;772;5;264;466;412;521;451;220;246;23;87;326;187;186;729;478;444;784;163;593;736;539;407;483;308;328;253;307;794;579;612;132;588;270;411;159;683;505;464;776;40;230;341;226;610;591;542;183;104;450;115;702;691;523;140;127;476;59;182;724;298;235;363;24;545;265;342;290;287;105;643;50;433;35;84;562;268;245;332
Q6WRS9,30.0,37.63460159301758,Random,0,0.1,80,39.28669357299805,1.6520919799804688,1.6520919799804688,85;320;700;555;50;106;204;538;67;625;26;181;88;623;511;610;471;727;679;15;682;669;544;347;386;274;654;305;737;608;395;719;40;103;619;382;571;28;709;678;450;455;263;435;324;399;406;315;230;95;526;266;692;706;515;616;113;35;368;430;152;427;329;690;188;741;252;218;696;81;298;485;369;422;691;637;9;327;30;280
Q6WRS9,30.0,37.63460159301758,Random,1,0.1,80,37.61835479736328,-0.016246795654296875,0.016246795654296875,239;588;187;50;289;299;359;284;41;556;129;251;337;498;193;432;278;723;630;738;684;379;94;273;683;117;112;76;399;787;714;258;280;104;287;248;98;516;779;764;793;517;231;662;174;743;760;208;214;72;414;476;176;532;285;557;372;431;116;297;210;178;392;523;4;156;60;40;87;781;170;749;316;58;211;318;303;84;102;245
Q6WRS9,30.0,37.63460159301758,Random,2,0.1,80,37.10381317138672,-0.5307884216308594,0.5307884216308594,269;480;24;118;299;492;496;512;772;712;690;285;311;394;113;94;393;490;536;293;346;653;350;482;640;679;62;245;252;645;600;41;134;705;549;37;587;254;4;702;271;593;77;117;754;428;509;413;116;262;211;154;374;757;631;67;521;186;623;684;328;529;568;165;56;760;109;434;390;677;367;389;759;456;629;124;426;64;131;746
Q6WRS9,30.0,37.63460159301758,Random,3,0.1,80,37.637901306152344,0.003299713134765625,0.003299713134765625,462;541;348;463;618;603;43;208;744;315;400;601;80;526;745;508;668;566;204;546;206;168;128;367;324;277;638;172;567;205;333;112;130;734;761;656;153;484;563;607;331;135;452;540;181;230;698;123;90;678;282;256;794;728;197;535;428;507;376;167;581;483;216;625;284;680;177;347;550;645;737;499;777;501;283;520;141;590;2;38
Q6WRS9,30.0,37.63460159301758,Random,4,0.1,80,37.67431640625,0.039714813232421875,0.039714813232421875,198;160;497;564;274;753;570;170;146;617;386;450;531;177;558;116;706;223;532;200;279;782;5;39;231;363;728;208;356;117;597;308;579;491;587;337;555;438;452;445;201;623;214;729;607;42;253;22;735;665;613;652;360;770;46;382;629;411;387;328;661;25;303;341;124;366;716;695;17;183;134;725;530;209;492;37;416;221;533;680
P25576,30.0,28.24810028076172,Top important,0,0.1,26,37.681480407714844,9.433380126953125,9.433380126953125,209;252;192;134;157;52;122;127;247;146;177;176;227;229;24;117;183;204;5;253;1;133;48;44;178;149
P25576,30.0,28.24810028076172,Low important,0,0.1,26,28.24810028076172,0.0,0.0,104;7;120;79;225;41;185;161;80;35;145;144;33;158;251;37;76;114;150;78;71;172;226;198;91;36
P25576,30.0,28.24810028076172,Random,0,0.1,26,28.248517990112305,0.0004177093505859375,0.0004177093505859375,36;40;226;95;216;208;78;225;152;116;245;236;103;53;257;132;134;56;148;153;28;180;83;79;118;222
P25576,30.0,28.24810028076172,Random,1,0.1,26,31.894458770751953,3.6463584899902344,3.6463584899902344,122;94;50;132;63;182;195;41;120;144;227;213;57;244;28;115;108;209;121;158;27;55;159;230;175;88
P25576,30.0,28.24810028076172,Random,2,0.1,26,28.2497501373291,0.0016498565673828125,0.0016498565673828125,186;84;15;144;78;10;59;61;137;253;152;242;111;25;219;208;75;191;157;90;240;190;8;65;221;43
P25576,30.0,28.24810028076172,Random,3,0.1,26,28.248064041137695,-3.62396240234375e-05,3.62396240234375e-05,258;78;237;109;14;46;75;136;34;207;33;257;98;121;55;176;26;125;208;65;59;223;143;4;89;84
P25576,30.0,28.24810028076172,Random,4,0.1,26,28.248098373413086,-1.9073486328125e-06,1.9073486328125e-06,78;210;155;137;38;56;36;112;75;7;132;73;174;172;3;143;85;121;139;197;32;25;129;160;24;243
A0A0H3BY05,37.0,31.672943115234375,Top important,0,0.1,32,36.94182586669922,5.268882751464844,5.268882751464844,41;3;44;68;172;106;261;88;31;78;302;97;315;296;253;84;16;183;113;283;157;147;214;137;192;193;12;104;152;223;209;38
A0A0H3BY05,37.0,31.672943115234375,Low important,0,0.1,32,31.672943115234375,0.0,0.0,108;65;284;293;181;15;6;123;217;9;166;131;47;240;70;225;95;218;281;164;29;73;241;212;269;280;282;80;72;124;8;232
A0A0H3BY05,37.0,31.672943115234375,Random,0,0.1,32,31.622947692871094,-0.04999542236328125,0.04999542236328125,227;155;250;35;67;197;237;214;194;162;261;10;58;262;141;16;78;50;239;109;172;300;178;54;2;186;92;199;175;195;263;229
A0A0H3BY05,37.0,31.672943115234375,Random,1,0.1,32,34.322662353515625,2.64971923828125,2.64971923828125,229;14;204;266;129;148;294;151;267;263;5;149;62;115;111;87;100;85;150;160;79;226;306;144;34;68;41;238;233;83;98;193
A0A0H3BY05,37.0,31.672943115234375,Random,2,0.1,32,31.67292594909668,-1.71661376953125e-05,1.71661376953125e-05,249;192;72;70;69;62;7;214;168;170;5;198;212;121;129;243;164;145;187;167;52;45;161;150;96;279;143;28;282;211;313;174
A0A0H3BY05,37.0,31.672943115234375,Random,3,0.1,32,31.63531494140625,-0.037628173828125,0.037628173828125,109;87;220;67;124;216;304;222;111;274;153;73;160;218;169;198;263;282;297;269;9;69;136;193;39;143;62;146;266;103;291;172
A0A0H3BY05,37.0,31.672943115234375,Random,4,0.1,32,31.635318756103516,-0.037624359130859375,0.037624359130859375,301;47;268;204;4;154;158;206;5;52;308;34;111;222;172;277;83;133;162;17;128;86;189;263;298;218;151;61;210;246;272;98
D3PT81,65.0,57.79591369628906,Top important,0,0.1,34,65.15271759033203,7.356803894042969,7.356803894042969,112;117;98;210;41;15;229;134;334;276;12;53;254;113;251;38;225;283;239;61;138;315;307;26;67;107;312;176;54;122;11;180;172;59
D3PT81,65.0,57.79591369628906,Low important,0,0.1,34,57.79591369628906,0.0,0.0,149;145;69;313;169;233;129;189;92;46;224;118;126;72;217;265;70;21;188;110;78;150;103;20;206;234;105;253;95;181;81;155;127;250
D3PT81,65.0,57.79591369628906,Random,0,0.1,34,57.70158767700195,-0.09432601928710938,0.09432601928710938,312;79;236;174;129;162;28;290;286;219;169;74;315;23;323;215;208;10;216;161;248;38;313;93;13;276;214;145;183;17;155;64;172;80
D3PT81,65.0,57.79591369628906,Random,1,0.1,34,58.94115447998047,1.1452407836914062,1.1452407836914062,300;84;336;219;148;63;306;284;71;78;120;289;200;210;44;235;176;115;20;281;117;155;334;51;81;280;325;160;68;206;178;47;212;142
D3PT81,65.0,57.79591369628906,Random,2,0.1,34,57.79043197631836,-0.005481719970703125,0.005481719970703125,59;77;222;274;150;242;209;20;331;53;224;57;110;18;236;279;100;45;58;24;128;104;227;329;278;113;297;204;237;31;127;129;241;223
D3PT81,65.0,57.79591369628906,Random,3,0.1,34,57.7320671081543,-0.06384658813476562,0.06384658813476562,265;316;297;152;276;70;64;179;10;240;231;71;332;159;313;144;302;319;8;304;295;120;182;131;180;138;116;30;189;84;6;122;3;104
D3PT81,65.0,57.79591369628906,Random,4,0.1,34,57.777587890625,-0.0183258056640625,0.0183258056640625,278;131;257;116;316;82;234;24;322;124;313;53;292;303;11;44;335;190;118;320;125;307;64;299;101;31;261;326;272;246;201;35;241;127
E7FHX6,80.0,67.2669677734375,Top important,0,0.1,80,69.84014892578125,2.57318115234375,2.57318115234375,587;463;304;193;52;649;412;529;96;583;242;504;770;397;262;602;715;635;137;525;223;473;480;498;727;521;79;366;507;311;282;373;596;237;615;296;671;571;748;106;69;194;664;322;795;788;56;515;210;611;427;561;705;99;676;545;621;91;306;514;724;461;717;418;331;390;420;300;87;103;534;235;484;182;286;150;478;672;774;353
E7FHX6,80.0,67.2669677734375,Low important,0,0.1,80,67.2669677734375,0.0,0.0,350;186;319;531;619;85;285;790;631;81;2;771;185;358;780;719;51;50;283;171;707;138;73;349;709;731;340;604;793;288;21;729;730;255;689;94;398;371;675;9;363;256;124;540;556;449;277;8;502;554;260;506;70;652;55;437;527;152;406;573;443;403;415;669;482;544;312;320;222;357;411;753;27;399;13;578;20;309;396;386
E7FHX6,80.0,67.2669677734375,Random,0,0.1,80,66.73190307617188,-0.535064697265625,0.535064697265625,24;255;87;115;488;667;756;250;105;524;31;2;735;550;54;434;593;608;448;313;441;534;9;393;758;194;247;644;261;198;587;699;133;782;287;248;416;684;653;477;45;298;415;132;794;793;411;111;620;180;555;770;90;407;22;543;494;33;697;3;481;303;356;674;240;345;112;272;291;560;576;740;690;750;727;58;603;159;642;213
E7FHX6,80.0,67.2669677734375,Random,1,0.1,80,66.7820816040039,-0.48488616943359375,0.48488616943359375,277;456;3;193;180;591;119;617;572;533;724;689;667;693;363;72;519;421;307;19;560;414;620;615;215;626;759;54;136;738;506;271;409;553;375;95;691;770;226;397;678;445;342;147;732;786;517;209;631;707;600;203;189;460;246;569;568;336;598;473;229;741;789;790;109;83;59;107;452;587;1;769;408;279;115;331;216;595;735;28
E7FHX6,80.0,67.2669677734375,Random,2,0.1,80,67.28588104248047,0.01891326904296875,0.01891326904296875,122;414;234;159;60;475;731;647;44;91;624;261;448;347;510;322;581;175;369;163;13;380;783;507;732;24;552;220;545;442;446;514;411;771;471;161;115;309;757;329;580;34;27;181;136;222;697;746;479;452;9;382;717;155;641;84;689;737;670;770;491;691;253;722;297;560;490;264;327;506;690;381;688;529;100;700;156;462;206;744
E7FHX6,80.0,67.2669677734375,Random,3,0.1,80,67.26821899414062,0.001251220703125,0.001251220703125,303;626;696;279;575;697;456;406;55;744;420;135;8;686;668;286;11;25;306;28;716;73;722;488;435;259;165;742;196;374;712;203;233;757;738;9;473;767;212;112;654;673;629;269;408;522;217;113;189;606;477;741;638;475;782;149;136;610;12;337;530;3;256;600;369;483;672;49;276;652;752;30;614;175;247;64;205;727;70;571
E7FHX6,80.0,67.2669677734375,Random,4,0.1,80,67.16323852539062,-0.103729248046875,0.103729248046875,143;518;131;77;396;708;690;432;488;601;124;753;496;463;747;462;283;168;317;275;508;162;662;9;472;62;204;328;51;399;470;100;277;732;28;481;525;712;290;280;694;87;423;739;287;598;380;259;373;21;565;26;707;331;570;620;194;761;254;319;393;265;680;79;569;793;626;446;676;208;281;267;671;578;590;614;664;733;666;302
P0AEW6,35.5,38.23041915893555,Top important,0,0.1,44,38.77833938598633,0.5479202270507812,0.5479202270507812,314;263;347;157;121;230;341;234;87;88;167;65;96;40;64;29;430;185;198;78;289;99;6;319;418;210;237;434;351;366;256;123;412;218;285;100;344;298;423;358;327;83;247;303
P0AEW6,35.5,38.23041915893555,Low important,0,0.1,44,38.23041915893555,0.0,0.0,161;44;136;221;203;97;50;380;154;212;350;401;110;377;208;220;323;248;252;98;38;250;233;284;14;407;54;235;257;184;223;86;400;67;190;331;269;342;74;196;340;352;259;166
P0AEW6,35.5,38.23041915893555,Random,0,0.1,44,38.22913360595703,-0.001285552978515625,0.001285552978515625,21;342;429;7;162;134;233;229;276;349;203;333;330;317;302;136;339;69;43;243;180;217;399;400;352;374;430;267;3;292;23;432;425;202;18;184;143;346;370;242;73;379;62;84
P0AEW6,35.5,38.23041915893555,Random,1,0.1,44,38.22549819946289,-0.00492095947265625,0.00492095947265625,419;84;402;148;255;180;323;391;78;37;22;325;220;86;331;119;95;137;127;243;421;245;430;288;271;190;345;406;233;324;375;23;241;138;88;394;197;102;110;383;20;165;270;221
P0AEW6,35.5,38.23041915893555,Random,2,0.1,44,38.21693420410156,-0.013484954833984375,0.013484954833984375,415;401;100;188;123;80;316;82;416;226;156;128;61;7;166;106;96;93;281;410;353;338;255;121;230;317;191;364;265;59;322;147;279;405;161;45;210;111;356;344;284;417;291;387
P0AEW6,35.5,38.23041915893555,Random,3,0.1,44,38.46812057495117,0.237701416015625,0.237701416015625,331;335;120;177;102;150;70;241;330;427;412;361;57;378;375;223;84;277;357;263;262;382;179;302;345;76;230;406;352;369;149;6;421;166;414;210;190;172;79;20;315;245;409;396
P0AEW6,35.5,38.23041915893555,Random,4,0.1,44,35.89194869995117,-2.338470458984375,2.338470458984375,160;104;207;251;235;269;432;20;145;358;156;405;194;377;122;77;152;416;24;279;143;330;35;422;287;332;198;148;295;215;411;165;58;53;412;243;151;50;1;149;42;176;314;23
A6VQP8,40.0,33.01376724243164,Top important,0,0.1,76,36.94755172729492,3.9337844848632812,3.9337844848632812,84;487;566;308;257;7;531;128;8;334;735;398;467;360;431;483;513;144;351;449;259;577;25;403;586;159;312;248;642;361;137;445;544;316;23;270;750;350;622;12;740;252;444;368;155;189;617;523;746;667;608;699;280;71;51;304;98;365;630;108;480;494;691;405;271;677;282;327;113;402;154;759;632;32;243;542
A6VQP8,40.0,33.01376724243164,Low important,0,0.1,76,33.01376724243164,0.0,0.0,716;103;171;611;501;732;60;161;486;570;64;306;423;491;93;481;736;579;594;631;713;687;469;459;149;665;87;125;532;311;234;288;140;134;256;581;29;560;99;748;65;567;172;250;752;237;729;262;166;432;97;438;598;673;676;534;382;293;726;100;730;661;485;153;142;568;517;725;704;96;482;728;724;666;66;652
A6VQP8,40.0,33.01376724243164,Random,0,0.1,76,33.01374435424805,-2.288818359375e-05,2.288818359375e-05,397;35;369;276;717;485;258;110;593;755;292;669;409;723;272;408;749;737;118;328;297;638;419;480;91;729;752;53;462;254;386;633;96;553;197;499;232;728;98;350;512;497;33;699;714;661;124;224;82;446;610;133;493;629;616;262;407;189;575;681;595;27;227;547;672;437;283;466;644;23;90;57;148;174;733;203
A6VQP8,40.0,33.01376724243164,Random,1,0.1,76,33.00453186035156,-0.009235382080078125,0.009235382080078125,423;167;630;590;400;449;299;675;348;739;609;731;177;145;550;451;337;205;705;558;603;136;392;703;492;238;121;491;581;30;244;308;465;613;543;118;125;128;208;753;47;640;674;719;717;646;521;626;309;268;26;537;750;453;439;29;707;255;627;13;514;201;434;446;419;549;737;101;336;3;530;560;338;665;158;105
A6VQP8,40.0,33.01376724243164,Random,2,0.1,76,33.01123046875,-0.002536773681640625,0.002536773681640625,154;405;531;407;225;550;281;478;649;26;321;80;136;10;387;204;617;279;612;500;602;267;494;452;604;417;213;285;504;307;496;652;663;624;40;19;297;86;114;78;117;495;749;411;696;149;711;383;639;166;353;73;185;83;74;234;701;425;60;369;100;236;376;442;317;324;311;675;598;747;653;370;286;261;386;339
A6VQP8,40.0,33.01376724243164,Random,3,0.1,76,33.01210021972656,-0.001667022705078125,0.001667022705078125,333;330;507;213;610;229;473;137;207;31;468;562;720;93;139;520;398;142;8;575;343;230;340;283;91;242;557;228;104;417;686;223;678;753;30;167;199;238;101;256;369;537;509;356;165;136;577;156;408;366;144;710;574;281;232;385;376;247;56;405;439;309;130;426;141;687;418;504;310;622;40;210;705;665;19;580
A6VQP8,40.0,33.01376724243164,Random,4,0.1,76,33.01365661621094,-0.000110626220703125,0.000110626220703125,258;68;234;528;188;504;543;662;621;279;471;468;466;288;329;22;650;149;454;450;557;303;589;156;397;325;143;689;153;253;23;551;113;617;112;222;44;648;440;3;460;714;192;121;106;402;276;514;242;219;464;612;35;209;262;174;239;409;198;603;370;259;509;521;674;294;349;12;233;206;90;146;457;213;525;715
Q586W9,37.0,33.54895782470703,Top important,0,0.1,50,37.49147415161133,3.942516326904297,3.942516326904297,444;123;89;227;269;425;38;105;65;199;68;66;330;245;388;252;241;335;411;306;466;212;410;364;478;274;421;144;151;204;31;324;37;162;242;285;284;381;445;400;137;224;385;118;47;81;365;352;401;218
Q586W9,37.0,33.54895782470703,Low important,0,0.1,50,33.54895782470703,0.0,0.0,226;303;272;265;161;109;51;1;375;22;186;443;207;106;211;448;259;287;420;84;396;288;436;271;347;293;206;346;331;345;237;460;273;389;36;220;294;100;487;370;48;133;181;268;409;197;340;438;447;296
Q586W9,37.0,33.54895782470703,Random,0,0.1,50,30.68389129638672,-2.8650665283203125,2.8650665283203125,390;41;159;17;386;376;469;203;217;331;197;495;457;163;171;385;418;364;420;158;240;192;24;347;143;245;23;467;344;438;123;172;500;53;86;395;498;40;261;219;276;343;301;64;425;212;408;16;424;284
Q586W9,37.0,33.54895782470703,Random,1,0.1,50,33.54887771606445,-8.0108642578125e-05,8.0108642578125e-05,375;380;257;386;366;58;260;337;137;228;286;28;126;143;491;239;297;2;180;434;103;12;155;459;59;205;208;302;83;3;121;234;46;315;61;20;9;225;16;440;450;350;284;485;82;60;125;396;244;66
Q586W9,37.0,33.54895782470703,Random,2,0.1,50,33.54898452758789,2.6702880859375e-05,2.6702880859375e-05,340;325;434;205;385;377;342;83;478;145;9;273;195;139;62;437;474;353;332;196;118;370;495;159;86;301;306;442;267;487;13;323;248;78;34;131;451;27;264;368;261;46;466;198;33;349;423;112;276;232
Q586W9,37.0,33.54895782470703,Random,3,0.1,50,33.55318069458008,0.004222869873046875,0.004222869873046875,308;110;195;7;351;288;258;434;89;417;134;54;85;13;436;112;448;473;228;395;75;20;40;443;145;257;466;359;438;19;329;361;428;416;149;281;373;316;82;217;273;420;372;388;310;3;259;335;286;264
Q586W9,37.0,33.54895782470703,Random,4,0.1,50,36.64649963378906,3.0975418090820312,3.0975418090820312,83;444;327;337;167;395;232;68;423;89;486;343;276;135;12;326;338;433;225;273;58;60;380;237;140;126;37;120;256;158;55;372;228;383;187;291;117;20;190;80;462;280;114;121;104;411;44;440;166;375
A0A191KCR0,55.0,63.96088409423828,Top important,0,0.1,74,69.46784210205078,5.5069580078125,5.5069580078125,510;207;625;302;4;124;170;496;402;233;344;621;422;468;517;328;49;175;555;561;632;471;717;361;188;430;726;142;165;564;643;389;15;190;393;210;462;147;646;255;365;57;354;144;152;102;677;61;183;588;60;549;274;500;369;383;119;167;406;146;441;540;206;164;72;651;606;220;397;685;479;589;62;698
A0A191KCR0,55.0,63.96088409423828,Low important,0,0.1,74,63.96088409423828,0.0,0.0,470;521;710;491;579;671;637;449;709;186;644;554;307;125;457;212;38;712;700;501;282;395;699;650;166;272;156;192;659;587;314;346;592;502;123;181;493;438;201;373;719;300;417;708;71;610;582;2;663;600;27;56;261;279;107;565;578;214;90;17;515;211;205;590;100;415;85;200;454;227;605;106;642;222
A0A191KCR0,55.0,63.96088409423828,Random,0,0.1,74,63.959625244140625,-0.00125885009765625,0.00125885009765625,538;438;122;374;495;703;590;423;442;261;32;152;705;129;697;543;241;219;594;298;203;27;189;120;533;677;332;649;466;192;139;2;556;310;633;729;326;420;306;439;561;446;97;252;557;426;454;171;503;664;489;452;352;26;209;264;128;179;688;415;375;670;279;349;358;60;118;157;65;542;88;265;260;339
A0A191KCR0,55.0,63.96088409423828,Random,1,0.1,74,63.77668762207031,-0.18419647216796875,0.18419647216796875,487;235;648;409;504;549;103;503;383;646;625;708;106;164;263;380;368;186;616;112;446;416;585;258;686;334;327;525;499;11;41;361;724;583;237;360;551;684;48;671;630;72;297;452;259;662;236;292;617;166;667;181;337;719;359;192;475;700;642;656;436;35;170;50;210;225;51;717;119;713;600;19;162;565
A0A191KCR0,55.0,63.96088409423828,Random,2,0.1,74,64.01185607910156,0.05097198486328125,0.05097198486328125,148;532;175;526;675;461;485;423;548;509;84;144;166;9;96;484;439;350;645;356;465;230;280;483;662;704;75;629;198;538;195;506;91;655;126;434;47;4;141;562;193;702;95;118;479;180;421;146;608;60;584;709;296;162;138;353;67;139;248;572;132;179;348;282;673;472;2;664;593;254;591;722;65;15
A0A191KCR0,55.0,63.96088409423828,Random,3,0.1,74,63.96039962768555,-0.000484466552734375,0.000484466552734375,615;657;66;418;68;667;260;572;323;727;675;60;581;550;345;626;169;390;473;75;314;714;654;710;679;352;372;378;133;598;645;125;499;464;565;305;498;618;636;332;26;154;82;600;119;117;677;174;254;61;605;275;719;297;551;220;413;176;221;592;349;142;114;516;306;726;425;97;146;686;155;353;674;245
A0A191KCR0,55.0,63.96088409423828,Random,4,0.1,74,63.95340347290039,-0.007480621337890625,0.007480621337890625,328;14;261;685;470;549;413;659;615;21;128;35;306;282;323;240;117;607;176;313;52;42;725;69;205;384;100;693;515;558;374;611;684;179;598;238;45;466;109;501;299;289;521;415;125;488;156;445;163;62;718;513;483;540;425;216;107;556;491;590;550;546;417;67;245;599;726;290;369;636;204;441;12;531
P36924,37.0,50.2119026184082,Top important,0,0.1,55,48.156883239746094,-2.0550193786621094,2.0550193786621094,322;516;53;319;390;291;367;510;262;299;25;257;334;240;267;331;487;61;406;440;254;470;157;85;482;389;523;544;284;150;253;211;33;464;35;541;281;528;481;221;404;349;184;274;296;451;110;463;332;77;492;34;403;371;278
P36924,37.0,50.2119026184082,Low important,0,0.1,55,50.2119026184082,0.0,0.0,164;94;264;443;469;271;217;485;532;312;339;285;259;357;513;543;452;180;143;526;325;74;411;504;15;30;225;176;458;461;133;130;18;131;181;494;383;420;54;373;46;43;414;292;137;82;31;55;320;223;233;16;496;23;115
P36924,37.0,50.2119026184082,Random,0,0.1,55,50.17707061767578,-0.034832000732421875,0.034832000732421875,508;483;172;478;451;86;282;454;169;132;369;444;29;5;310;426;524;229;297;399;60;377;474;437;502;515;120;498;532;270;505;339;168;227;162;357;275;228;281;397;293;142;192;503;197;102;135;205;262;42;543;32;419;269;418
P36924,37.0,50.2119026184082,Random,1,0.1,55,50.17305374145508,-0.038848876953125,0.038848876953125,33;131;381;140;89;4;36;426;448;278;429;531;293;511;254;54;133;130;414;367;498;411;419;391;341;195;352;169;222;92;270;122;170;72;43;479;497;263;306;292;1;42;80;267;258;107;69;9;65;97;212;489;311;218;525
P36924,37.0,50.2119026184082,Random,2,0.1,55,50.73517608642578,0.5232734680175781,0.5232734680175781,265;512;252;121;492;338;293;2;352;186;365;54;484;371;190;355;179;52;456;126;201;53;411;28;243;3;64;118;145;157;321;194;203;119;478;280;55;16;129;109;257;215;261;546;424;195;369;318;306;501;464;178;240;67;56
P36924,37.0,50.2119026184082,Random,3,0.1,55,50.03374099731445,-0.17816162109375,0.17816162109375,389;350;464;284;81;346;138;60;436;363;248;236;306;19;77;417;341;253;252;98;189;163;16;404;494;111;517;493;247;78;319;315;52;485;446;510;313;223;497;500;447;373;405;543;360;301;419;48;11;216;444;501;221;157;512
P36924,37.0,50.2119026184082,Random,4,0.1,55,50.23367691040039,0.0217742919921875,0.0217742919921875,114;8;508;55;165;193;366;482;232;66;77;106;173;216;310;365;299;108;121;271;203;284;340;495;263;63;493;150;392;525;73;388;137;332;497;50;145;105;414;352;405;516;217;100;368;54;99;373;467;311;277;480;409;320;213
Q9K2V8,37.0,41.892921447753906,Top important,0,0.1,31,42.39507293701172,0.5021514892578125,0.5021514892578125,50;260;271;164;122;22;128;233;101;87;224;142;60;250;105;150;177;8;179;248;14;291;284;158;55;266;63;111;75;26;267
Q9K2V8,37.0,41.892921447753906,Low important,0,0.1,31,41.892921447753906,0.0,0.0,192;88;61;96;119;81;80;185;38;90;115;82;204;126;46;89;10;214;183;4;212;202;37;27;34;17;41;24;9;85;6
Q9K2V8,37.0,41.892921447753906,Random,0,0.1,31,41.74024963378906,-0.15267181396484375,0.15267181396484375,292;35;227;156;30;115;123;216;5;158;167;45;107;28;181;173;81;157;266;204;150;63;7;199;253;289;128;83;64;106;261
Q9K2V8,37.0,41.892921447753906,Random,1,0.1,31,42.63184356689453,0.738922119140625,0.738922119140625,56;94;202;41;283;119;184;76;207;32;139;124;54;21;104;297;270;110;68;260;210;245;133;277;102;78;149;20;165;19;264
Q9K2V8,37.0,41.892921447753906,Random,2,0.1,31,41.8996467590332,0.006725311279296875,0.006725311279296875,288;103;15;32;250;66;112;209;223;232;60;46;290;17;58;56;181;170;96;4;255;272;99;175;40;88;59;13;92;171;79
Q9K2V8,37.0,41.892921447753906,Random,3,0.1,31,41.89301300048828,9.1552734375e-05,9.1552734375e-05,99;129;15;32;149;224;24;44;71;163;215;153;295;113;275;88;296;245;127;43;114;96;81;151;65;53;257;90;292;47;19
Q9K2V8,37.0,41.892921447753906,Random,4,0.1,31,42.495750427246094,0.6028289794921875,0.6028289794921875,69;92;47;91;133;1;41;14;149;96;195;230;163;178;104;296;52;50;152;63;170;6;211;110;159;9;59;89;197;274;222
O28046,80.0,67.89569854736328,Top important,0,0.1,19,70.19268798828125,2.2969894409179688,2.2969894409179688,115;157;30;25;88;177;20;95;12;98;55;24;121;92;15;125;113;26;149
O28046,80.0,67.89569854736328,Low important,0,0.1,19,67.89569854736328,0.0,0.0,51;69;172;134;116;118;85;128;32;43;131;65;13;111;60;75;81;63;4
O28046,80.0,67.89569854736328,Random,0,0.1,19,67.89569854736328,0.0,0.0,142;101;125;178;180;99;87;10;31;42;63;86;158;110;151;69;155;154;76
O28046,80.0,67.89569854736328,Random,1,0.1,19,68.0461654663086,0.1504669189453125,0.1504669189453125,25;4;162;130;113;37;36;158;125;72;110;112;78;58;7;104;91;127;1
O28046,80.0,67.89569854736328,Random,2,0.1,19,68.23747253417969,0.34177398681640625,0.34177398681640625,167;46;126;91;157;152;81;71;45;121;3;120;19;60;139;49;112;39;40
O28046,80.0,67.89569854736328,Random,3,0.1,19,67.89554595947266,-0.000152587890625,0.000152587890625,173;130;85;141;98;170;90;151;91;156;47;6;153;113;37;59;111;31;64
O28046,80.0,67.89569854736328,Random,4,0.1,19,67.89555358886719,-0.00014495849609375,0.00014495849609375,179;168;151;15;131;98;38;149;86;62;156;92;103;111;176;160;11;74;126
A7TVD4,60.0,58.87255859375,Top important,0,0.1,48,57.86991882324219,-1.0026397705078125,1.0026397705078125,158;162;148;151;117;281;128;355;441;189;253;406;415;436;305;53;156;313;398;471;45;343;463;62;466;134;430;377;31;329;107;418;84;24;16;454;51;390;63;69;57;414;423;127;241;15;160;91
A7TVD4,60.0,58.87255859375,Low important,0,0.1,48,58.87255859375,0.0,0.0,85;229;243;464;126;434;239;407;227;465;177;334;432;440;316;392;206;348;308;152;382;214;467;367;196;167;171;198;113;2;424;421;409;201;34;282;210;275;163;475;90;246;61;194;195;240;83;169
A7TVD4,60.0,58.87255859375,Random,0,0.1,48,58.874229431152344,0.00167083740234375,0.00167083740234375,442;195;358;377;130;206;135;408;136;212;74;52;432;449;235;15;400;427;147;94;17;392;346;55;240;387;336;450;86;247;246;421;337;441;365;7;469;386;105;54;471;461;381;106;388;157;67;96
A7TVD4,60.0,58.87255859375,Random,1,0.1,48,58.846012115478516,-0.026546478271484375,0.026546478271484375,97;318;207;236;333;234;395;232;258;113;459;2;263;156;354;360;271;365;264;154;293;330;322;413;303;300;314;151;188;241;123;344;21;150;477;382;262;52;219;259;46;471;328;376;63;373;153;445
A7TVD4,60.0,58.87255859375,Random,2,0.1,48,57.40909957885742,-1.4634590148925781,1.4634590148925781,236;366;98;260;176;364;135;29;144;264;453;355;471;102;173;158;330;218;273;183;240;128;84;90;433;161;253;309;223;127;88;334;444;401;63;306;338;20;412;435;395;473;39;27;321;350;4;419
A7TVD4,60.0,58.87255859375,Random,3,0.1,48,58.870582580566406,-0.00197601318359375,0.00197601318359375,264;88;204;419;444;361;302;37;164;293;106;433;368;427;185;155;256;127;346;326;357;397;255;440;331;194;281;333;115;454;221;67;418;272;403;172;90;382;193;294;245;156;142;232;24;372;1;92
A7TVD4,60.0,58.87255859375,Random,4,0.1,48,58.87184143066406,-0.0007171630859375,0.0007171630859375,351;362;97;170;202;243;100;55;22;147;242;444;38;164;25;278;338;448;137;426;39;120;87;369;183;279;10;171;371;135;461;262;119;440;113;128;197;252;2;201;394;332;175;110;126;306;60;294
A4YI81,70.0,75.77877044677734,Top important,0,0.1,32,78.80963134765625,3.0308609008789062,3.0308609008789062,289;109;297;123;283;100;258;24;35;59;40;224;67;206;96;32;3;105;42;212;43;34;241;91;312;216;225;314;242;243;237;186
A4YI81,70.0,75.77877044677734,Low important,0,0.1,32,75.77877044677734,0.0,0.0,79;92;200;128;18;187;50;21;117;71;227;68;184;193;72;159;249;81;111;88;143;89;31;7;205;78;28;214;114;141;153;69
A4YI81,70.0,75.77877044677734,Random,0,0.1,32,75.77344512939453,-0.0053253173828125,0.0053253173828125,43;250;24;213;32;222;128;245;306;40;53;237;259;52;111;26;140;164;139;284;91;112;240;310;79;267;220;193;247;39;194;158
A4YI81,70.0,75.77877044677734,Random,1,0.1,32,75.77843475341797,-0.000335693359375,0.000335693359375,62;215;140;175;255;44;226;159;105;218;127;306;99;228;312;57;229;153;304;45;208;222;118;113;146;52;77;122;139;81;98;55
A4YI81,70.0,75.77877044677734,Random,2,0.1,32,75.77877807617188,7.62939453125e-06,7.62939453125e-06,194;288;87;156;138;2;183;92;69;14;228;284;18;272;299;188;33;191;168;214;7;259;269;132;155;36;278;31;204;106;54;124
A4YI81,70.0,75.77877044677734,Random,3,0.1,32,75.80366516113281,0.02489471435546875,0.02489471435546875,121;78;6;300;186;274;139;215;18;166;102;105;210;304;219;157;282;165;113;144;158;54;174;279;39;154;244;258;91;107;298;254
A4YI81,70.0,75.77877044677734,Random,4,0.1,32,75.77882385253906,5.340576171875e-05,5.340576171875e-05,53;4;231;235;27;90;55;240;145;130;233;202;117;17;20;63;174;287;121;311;288;95;34;299;298;212;59;86;183;44;84;234
A8CFB7,37.0,36.5791015625,Top important,0,0.1,30,39.23244857788086,2.6533470153808594,2.6533470153808594,25;17;250;49;138;83;275;60;11;179;264;198;66;131;144;98;115;122;139;183;121;191;160;228;91;214;232;161;85;107
A8CFB7,37.0,36.5791015625,Low important,0,0.1,30,36.5791015625,0.0,0.0,268;64;280;236;286;142;23;45;47;213;40;173;106;239;82;169;130;277;37;276;48;90;140;105;270;223;132;128;111;134
A8CFB7,37.0,36.5791015625,Random,0,0.1,30,36.57149124145508,-0.007610321044921875,0.007610321044921875,69;167;148;210;264;147;135;54;294;142;199;74;34;168;2;23;106;290;206;229;293;182;53;79;138;164;88;65;194;3
A8CFB7,37.0,36.5791015625,Random,1,0.1,30,36.57899475097656,-0.0001068115234375,0.0001068115234375,170;128;146;72;96;8;7;271;159;69;156;93;249;68;31;258;231;261;88;228;66;134;132;263;52;243;40;237;113;58
A8CFB7,37.0,36.5791015625,Random,2,0.1,30,33.478431701660156,-3.1006698608398438,3.1006698608398438,15;52;214;58;25;154;61;27;32;158;211;200;152;208;220;136;68;24;149;255;159;285;3;259;186;129;113;82;188;262
A8CFB7,37.0,36.5791015625,Random,3,0.1,30,36.5790901184082,-1.1444091796875e-05,1.1444091796875e-05,94;234;118;21;181;132;293;113;278;238;120;239;258;169;89;30;281;145;176;255;16;62;12;77;1;241;208;7;188;134
A8CFB7,37.0,36.5791015625,Random,4,0.1,30,36.579010009765625,-9.1552734375e-05,9.1552734375e-05,19;86;196;64;119;35;167;72;77;165;203;192;259;211;278;172;261;282;84;121;39;15;236;117;171;272;10;281;187;134
C7IV28,60.0,54.41878128051758,Top important,0,0.1,80,57.83296203613281,3.4141807556152344,3.4141807556152344,521;695;12;46;61;246;740;62;509;789;273;99;392;631;18;202;370;206;400;458;9;611;374;73;615;24;63;733;456;306;522;387;367;108;637;504;126;354;669;50;647;294;447;216;298;423;721;426;692;440;624;6;761;704;348;589;323;185;186;784;295;600;760;782;101;307;539;287;510;154;147;250;85;116;239;325;464;240;382;139
C7IV28,60.0,54.41878128051758,Low important,0,0.1,80,54.41878128051758,0.0,0.0,137;772;648;697;127;527;219;434;771;531;653;352;532;620;445;420;41;679;220;686;433;402;118;264;148;403;716;472;650;511;675;475;75;694;498;618;428;151;534;270;56;561;304;471;359;617;656;609;678;725;622;737;621;156;495;238;759;587;221;265;134;207;131;665;741;340;560;674;416;390;276;530;174;132;659;144;720;634;639;645
C7IV28,60.0,54.41878128051758,Random,0,0.1,80,53.98688888549805,-0.43189239501953125,0.43189239501953125,379;485;59;208;85;670;102;584;236;648;510;482;452;671;646;124;557;6;705;605;367;151;474;457;778;175;518;399;638;581;495;302;401;620;743;586;704;723;729;377;739;692;64;788;257;761;502;545;361;258;36;534;478;223;99;198;789;216;329;695;4;313;400;314;209;633;414;70;325;315;528;69;710;775;44;744;107;76;640;483
C7IV28,60.0,54.41878128051758,Random,1,0.1,80,54.28268051147461,-0.13610076904296875,0.13610076904296875,5;497;354;786;239;690;249;81;104;184;753;98;557;457;495;462;84;780;246;149;486;141;8;653;447;310;109;746;767;236;51;429;85;639;387;305;267;18;28;288;461;156;298;133;715;167;483;740;191;519;36;224;552;68;466;435;657;602;158;716;756;351;544;313;637;539;46;45;677;348;493;554;121;153;272;737;126;726;543;315
C7IV28,60.0,54.41878128051758,Random,2,0.1,80,54.42185592651367,0.00307464599609375,0.00307464599609375,279;418;323;694;404;421;600;153;632;401;94;291;48;117;320;396;515;205;58;661;562;76;219;685;784;602;655;464;720;65;326;568;514;150;114;728;33;542;38;71;254;350;84;780;289;116;698;54;264;505;451;441;172;336;424;334;724;683;522;18;625;52;25;131;637;259;233;136;44;103;125;539;654;376;752;69;216;593;589;324
C7IV28,60.0,54.41878128051758,Random,3,0.1,80,54.41762161254883,-0.00115966796875,0.00115966796875,573;369;112;367;300;55;624;654;225;642;577;737;509;209;207;533;221;187;92;781;366;462;631;159;507;18;486;721;581;276;672;100;148;232;528;202;406;550;101;361;618;422;711;449;165;182;513;271;794;288;230;702;552;285;52;458;474;591;477;723;547;54;3;385;448;409;260;117;546;98;444;327;305;503;414;347;390;441;122;371
C7IV28,60.0,54.41878128051758,Random,4,0.1,80,54.41913986206055,0.00035858154296875,0.00035858154296875,174;428;237;732;590;63;131;777;594;80;704;450;110;505;499;652;261;121;492;176;213;621;514;484;481;321;587;418;426;263;337;377;56;723;396;412;203;647;524;579;35;733;575;646;134;347;324;528;94;127;332;455;693;617;676;608;5;685;128;664;407;249;236;421;154;184;274;644;785;67;356;319;122;468;411;535;631;445;283;152
A9WC36,55.0,29.081111907958984,Top important,0,0.1,41,36.70846176147461,7.627349853515625,7.627349853515625,288;310;211;398;65;205;187;6;324;235;40;80;349;304;41;1;206;188;216;132;375;279;379;75;389;251;295;195;173;73;55;258;11;386;54;181;129;376;53;383;250
A9WC36,55.0,29.081111907958984,Low important,0,0.1,41,29.081111907958984,0.0,0.0,352;17;370;210;381;98;16;332;59;103;160;325;371;243;162;335;156;13;338;213;36;163;164;70;319;372;194;201;267;19;358;196;47;18;138;340;215;172;237;137;102
A9WC36,55.0,29.081111907958984,Random,0,0.1,41,28.88515281677246,-0.19595909118652344,0.19595909118652344,340;325;368;393;164;143;402;394;288;20;233;228;310;17;327;349;247;330;204;320;58;51;365;42;408;367;160;207;165;329;194;298;386;147;351;302;72;95;41;92;45
A9WC36,55.0,29.081111907958984,Random,1,0.1,41,29.09068489074707,0.009572982788085938,0.009572982788085938,34;357;53;278;398;375;78;362;91;393;382;277;98;363;254;199;394;100;2;229;266;290;65;63;260;333;238;196;35;387;292;299;162;384;23;140;68;320;150;159;212
A9WC36,55.0,29.081111907958984,Random,2,0.1,41,32.09746551513672,3.0163536071777344,3.0163536071777344,221;87;102;126;62;97;395;298;110;174;12;187;112;340;341;159;247;212;361;131;288;170;215;235;179;358;292;95;52;279;22;282;367;252;228;357;71;322;144;141;7
A9WC36,55.0,29.081111907958984,Random,3,0.1,41,29.105302810668945,0.024190902709960938,0.024190902709960938,343;65;208;58;17;71;4;27;103;401;237;80;149;76;303;110;143;384;154;155;248;407;295;43;268;280;311;104;277;174;326;88;92;231;117;25;94;284;162;49;305
A9WC36,55.0,29.081111907958984,Random,4,0.1,41,29.057126998901367,-0.023984909057617188,0.023984909057617188,19;299;302;140;162;248;220;179;84;315;82;338;369;372;257;320;165;103;378;167;360;215;343;277;122;78;175;172;261;153;368;211;359;70;160;201;134;81;13;321;274
Q0VTB0,45.0,25.726634979248047,Top important,0,0.1,39,34.962459564208984,9.235824584960938,9.235824584960938,364;381;306;333;368;244;63;18;212;211;25;84;140;51;96;220;247;88;148;141;121;192;261;142;267;216;303;215;375;269;318;353;238;197;154;313;339;155;50
Q0VTB0,45.0,25.726634979248047,Low important,0,0.1,39,25.726634979248047,0.0,0.0,311;112;264;320;102;171;210;379;20;235;328;4;287;127;107;29;158;263;321;329;291;60;308;380;19;325;33;45;378;90;185;315;222;126;104;157;278;170;286
Q0VTB0,45.0,25.726634979248047,Random,0,0.1,39,25.69271469116211,-0.0339202880859375,0.0339202880859375,44;358;8;85;64;17;31;258;192;303;198;337;151;98;257;97;286;231;105;316;18;275;202;5;26;205;80;42;181;162;52;185;369;246;315;273;297;314;240
Q0VTB0,45.0,25.726634979248047,Random,1,0.1,39,26.434123992919922,0.707489013671875,0.707489013671875,275;219;249;273;16;179;69;312;78;26;243;306;85;207;120;344;255;182;351;218;34;129;268;291;62;271;124;327;23;98;298;100;323;13;57;192;47;349;175
Q0VTB0,45.0,25.726634979248047,Random,2,0.1,39,25.726734161376953,9.918212890625e-05,9.918212890625e-05,287;145;264;78;17;297;332;118;330;172;347;182;37;260;299;5;292;382;86;89;327;245;107;74;8;313;269;23;156;60;206;51;49;69;87;207;27;124;325
Q0VTB0,45.0,25.726634979248047,Random,3,0.1,39,28.27653694152832,2.5499019622802734,2.5499019622802734,47;277;72;170;124;305;88;60;222;156;205;8;228;262;278;355;34;310;243;182;290;191;275;123;150;333;377;49;206;38;229;294;147;366;159;339;364;32;7
Q0VTB0,45.0,25.726634979248047,Random,4,0.1,39,25.388900756835938,-0.3377342224121094,0.3377342224121094,300;314;241;214;45;215;288;108;374;239;142;303;107;366;74;242;119;332;324;150;199;127;271;182;291;333;19;103;18;233;317;136;382;120;192;152;254;162;7
Q5CD72,20.0,28.789031982421875,Top important,0,0.1,55,34.14208984375,5.353057861328125,5.353057861328125,166;456;348;467;352;93;278;347;420;40;295;539;429;404;273;165;369;390;100;215;236;441;514;122;23;332;41;272;48;383;106;457;229;4;527;173;364;425;324;195;341;461;355;118;192;292;327;265;22;77;223;466;121;140;334
Q5CD72,20.0,28.789031982421875,Low important,0,0.1,55,28.789031982421875,0.0,0.0,511;79;135;427;259;423;67;12;95;164;465;481;44;36;517;493;323;438;246;35;129;428;513;256;445;97;538;282;113;245;139;443;250;285;190;180;388;463;171;205;111;197;315;464;319;311;516;454;233;231;234;277;460;230;238
Q5CD72,20.0,28.789031982421875,Random,0,0.1,55,29.20599365234375,0.416961669921875,0.416961669921875,111;173;534;384;445;168;19;222;395;455;527;47;466;16;487;216;226;163;123;117;225;112;340;50;419;329;367;74;25;401;427;406;205;531;104;137;407;444;541;491;38;63;109;294;268;398;176;456;536;10;193;165;21;116;132
Q5CD72,20.0,28.789031982421875,Random,1,0.1,55,24.540863037109375,-4.2481689453125,4.2481689453125,413;415;72;246;91;516;463;48;4;65;166;318;498;239;206;367;21;484;283;362;541;216;150;208;255;186;468;164;499;27;143;306;172;173;285;489;423;473;358;169;515;10;105;121;326;494;363;302;194;98;155;215;46;40;198
Q5CD72,20.0,28.789031982421875,Random,2,0.1,55,28.791515350341797,0.002483367919921875,0.002483367919921875,198;93;253;329;338;529;40;150;346;1;76;259;85;174;27;160;352;114;419;347;314;286;156;457;21;296;68;395;316;516;472;489;288;359;394;523;189;7;119;520;503;49;420;124;202;2;353;423;247;212;411;42;83;237;43
Q5CD72,20.0,28.789031982421875,Random,3,0.1,55,28.788097381591797,-0.000934600830078125,0.000934600830078125,222;406;520;199;108;453;281;139;124;95;91;75;493;545;465;64;146;361;73;6;182;206;194;35;46;425;97;525;30;291;285;371;253;492;214;135;128;288;210;535;123;404;32;265;212;513;219;231;356;261;484;238;515;147;544
Q5CD72,20.0,28.789031982421875,Random,4,0.1,55,28.78884506225586,-0.000186920166015625,0.000186920166015625,466;137;127;113;277;201;282;206;198;493;489;305;72;116;440;9;545;200;267;306;325;138;100;130;243;32;344;331;307;227;174;356;544;517;387;207;373;49;480;498;13;229;265;274;182;453;248;99;220;439;530;450;310;191;499
L8BT48,40.0,30.388261795043945,Top important,0,0.1,36,32.77735900878906,2.389097213745117,2.389097213745117,79;345;172;160;232;144;113;330;37;168;200;325;320;280;135;249;127;117;231;181;136;187;287;175;73;18;340;197;41;50;250;157;118;347;149;335
L8BT48,40.0,30.388261795043945,Low important,0,0.1,36,30.388261795043945,0.0,0.0,107;34;229;284;274;105;253;87;143;48;311;234;180;152;177;81;183;286;77;70;265;315;257;103;254;246;291;289;109;47;230;288;293;258;106;292
L8BT48,40.0,30.388261795043945,Random,0,0.1,36,30.388233184814453,-2.86102294921875e-05,2.86102294921875e-05,248;145;20;196;319;131;254;148;303;308;299;68;52;173;124;205;12;95;341;239;21;264;34;106;136;242;125;99;318;48;310;250;279;64;142;87
L8BT48,40.0,30.388261795043945,Random,1,0.1,36,30.388261795043945,0.0,0.0,100;253;112;39;310;267;194;293;40;192;340;125;255;124;207;9;90;12;211;131;13;156;42;240;236;301;165;224;34;327;284;89;107;120;246;53
L8BT48,40.0,30.388261795043945,Random,2,0.1,36,30.430097579956055,0.041835784912109375,0.041835784912109375,169;132;67;48;118;228;156;273;85;145;186;192;208;83;153;289;275;103;264;172;323;241;13;43;88;36;346;327;121;339;161;352;82;265;176;257
L8BT48,40.0,30.388261795043945,Random,3,0.1,36,30.388256072998047,-5.7220458984375e-06,5.7220458984375e-06,204;119;268;181;85;192;293;194;30;38;272;11;235;155;52;167;274;323;6;10;316;199;139;191;82;248;236;21;47;27;277;270;183;153;78;54
L8BT48,40.0,30.388261795043945,Random,4,0.1,36,30.388261795043945,0.0,0.0,225;15;183;39;288;40;38;289;221;256;283;216;152;119;138;96;62;311;137;233;177;202;157;230;7;302;36;63;163;205;29;207;313;89;120;354
B6VP39,37.0,43.26722717285156,Top important,0,0.1,64,48.75547790527344,5.488250732421875,5.488250732421875,633;627;551;28;452;301;227;204;97;16;634;247;259;294;223;530;582;573;145;174;255;490;576;460;113;550;347;65;416;370;18;179;459;430;512;71;499;295;517;162;292;610;96;119;321;598;29;116;437;353;210;296;182;276;569;90;43;535;309;408;536;144;84;47
B6VP39,37.0,43.26722717285156,Low important,0,0.1,64,43.26722717285156,0.0,0.0,73;591;240;172;117;546;311;394;281;326;177;501;64;8;307;519;339;60;125;169;38;235;433;226;196;435;232;185;606;355;105;500;603;141;283;475;199;193;167;112;443;447;395;567;215;2;362;278;521;54;187;31;595;216;245;5;219;410;249;79;381;218;604;243
B6VP39,37.0,43.26722717285156,Random,0,0.1,64,43.26641845703125,-0.0008087158203125,0.0008087158203125,604;92;354;302;32;346;464;517;253;90;123;316;329;261;50;263;21;514;390;487;397;34;538;632;133;506;411;344;349;213;89;163;275;492;81;300;288;600;434;252;196;574;47;596;237;85;72;577;270;94;23;63;294;540;140;102;443;7;481;240;609;189;289;455
B6VP39,37.0,43.26722717285156,Random,1,0.1,64,43.2741584777832,0.006931304931640625,0.006931304931640625,246;634;406;598;168;438;377;370;625;586;516;490;613;340;91;219;512;79;3;9;587;107;297;256;515;592;228;546;318;130;476;216;34;567;488;430;6;251;514;556;442;265;491;363;22;441;233;292;354;493;104;559;283;213;121;389;616;192;209;361;521;570;73;48
B6VP39,37.0,43.26722717285156,Random,2,0.1,64,43.283241271972656,0.01601409912109375,0.01601409912109375,86;355;631;222;206;5;275;94;400;489;219;181;280;533;240;79;139;405;165;569;200;42;283;345;335;362;553;357;312;387;199;514;141;278;107;454;265;273;564;416;195;507;251;615;570;520;197;479;316;318;136;478;204;288;104;470;403;523;115;140;155;220;134;157
B6VP39,37.0,43.26722717285156,Random,3,0.1,64,43.25731658935547,-0.00991058349609375,0.00991058349609375,539;136;615;557;305;78;608;250;451;419;202;319;223;116;629;402;373;230;259;6;335;537;558;503;119;623;108;155;342;107;571;279;520;95;307;48;27;434;497;22;610;365;13;453;634;393;461;50;632;507;546;212;206;46;247;556;296;328;501;186;137;332;97;287
B6VP39,37.0,43.26722717285156,Random,4,0.1,64,43.5925178527832,0.3252906799316406,0.3252906799316406,393;96;376;436;438;106;1;53;194;460;101;599;596;225;302;12;617;551;425;216;314;32;342;607;150;156;289;115;544;409;86;357;284;327;631;306;182;172;391;328;110;359;242;50;251;454;161;455;320;269;550;398;534;331;426;66;589;408;139;424;37;222;597;595
S5RVR8,60.0,43.137752532958984,Top important,0,0.1,77,45.52629470825195,2.3885421752929688,2.3885421752929688,688;453;368;414;354;45;69;137;93;647;82;318;561;144;148;104;270;625;699;621;684;495;642;61;289;671;285;750;236;665;348;748;373;517;489;769;173;240;768;57;664;739;4;364;403;535;680;576;152;111;443;540;333;5;588;464;363;87;241;16;652;544;186;590;514;6;39;304;711;389;145;255;254;28;1;341;589
S5RVR8,60.0,43.137752532958984,Low important,0,0.1,77,43.137752532958984,0.0,0.0,26;396;534;654;493;58;519;624;359;135;556;234;471;22;669;274;714;516;74;735;133;639;132;169;751;86;754;172;367;383;282;742;362;366;307;481;457;192;479;732;511;89;632;520;670;574;237;99;266;470;228;583;543;528;645;488;728;741;640;138;44;212;727;737;725;650;208;157;335;246;124;445;296;733;287;558;738
S5RVR8,60.0,43.137752532958984,Random,0,0.1,77,41.09148406982422,-2.0462684631347656,2.0462684631347656,87;643;670;304;351;695;438;752;460;17;302;359;416;760;574;502;211;326;446;507;524;424;365;378;512;68;91;392;486;722;426;152;690;549;532;619;433;107;673;580;704;258;456;510;668;764;28;483;473;283;575;530;23;295;576;688;709;650;105;65;677;292;92;45;190;413;393;701;24;37;379;196;200;268;766;245;398
S5RVR8,60.0,43.137752532958984,Random,1,0.1,77,43.13652420043945,-0.00122833251953125,0.00122833251953125,387;247;122;682;106;39;373;477;204;357;96;386;407;589;719;129;3;85;101;229;301;21;450;633;459;595;693;691;422;113;410;759;130;344;54;238;94;745;389;233;328;157;31;79;485;334;616;602;319;754;327;583;715;680;271;118;248;556;568;681;456;152;491;315;697;511;103;674;445;630;18;429;458;718;325;413;613
S5RVR8,60.0,43.137752532958984,Random,2,0.1,77,43.076969146728516,-0.06078338623046875,0.06078338623046875,286;707;470;682;257;153;750;440;213;433;507;509;652;637;694;390;719;236;283;609;56;208;370;212;595;558;99;428;660;277;492;686;476;154;423;467;738;146;60;275;590;425;198;59;186;34;151;137;147;79;301;565;617;442;494;61;767;520;734;262;379;493;347;12;338;659;555;585;496;735;382;62;454;657;26;587;21
S5RVR8,60.0,43.137752532958984,Random,3,0.1,77,43.13766860961914,-8.392333984375e-05,8.392333984375e-05,268;77;91;5;251;282;718;85;292;557;226;209;592;342;674;206;293;389;55;71;744;212;497;551;123;51;370;543;578;156;716;571;419;686;516;761;215;769;410;696;345;601;605;301;343;596;452;213;654;316;485;341;715;277;30;110;604;327;338;249;34;269;334;633;583;112;683;221;732;500;517;656;652;357;287;132;246
S5RVR8,60.0,43.137752532958984,Random,4,0.1,77,43.96574020385742,0.8279876708984375,0.8279876708984375,344;241;312;563;472;293;597;394;518;201;739;63;479;547;677;178;279;317;56;458;401;451;434;701;585;33;429;1;503;22;211;626;277;487;51;709;209;192;574;510;758;609;104;639;668;286;174;15;205;415;738;308;465;491;768;11;496;571;271;252;371;303;59;269;662;368;469;44;386;769;765;176;508;154;705;509;633
A0A0K2X0F2,37.0,34.55162048339844,Top important,0,0.1,15,28.98430824279785,-5.567312240600586,5.567312240600586,136;146;5;130;105;37;59;117;101;79;10;111;135;73;58
A0A0K2X0F2,37.0,34.55162048339844,Low important,0,0.1,15,34.55162048339844,0.0,0.0,116;125;75;144;124;14;12;22;51;9;103;67;120;83;82
A0A0K2X0F2,37.0,34.55162048339844,Random,0,0.1,15,34.55168914794922,6.866455078125e-05,6.866455078125e-05,69;47;21;26;61;27;113;128;15;25;133;7;63;117;77
A0A0K2X0F2,37.0,34.55162048339844,Random,1,0.1,15,34.557315826416016,0.005695343017578125,0.005695343017578125,60;2;115;106;121;88;97;130;79;94;145;20;113;112;37
A0A0K2X0F2,37.0,34.55162048339844,Random,2,0.1,15,37.16218948364258,2.6105690002441406,2.6105690002441406,7;13;64;89;68;140;23;17;146;63;60;25;58;53;124
A0A0K2X0F2,37.0,34.55162048339844,Random,3,0.1,15,34.551788330078125,0.0001678466796875,0.0001678466796875,144;121;78;96;16;62;67;37;70;42;69;91;119;106;32
A0A0K2X0F2,37.0,34.55162048339844,Random,4,0.1,15,34.625972747802734,0.07435226440429688,0.07435226440429688,110;87;127;40;116;82;49;89;86;27;5;22;81;93;16
D1MX70,39.0,26.44891357421875,Top important,0,0.1,16,34.837581634521484,8.388668060302734,8.388668060302734,87;132;98;127;93;44;128;148;153;63;137;136;143;12;77;86
D1MX70,39.0,26.44891357421875,Low important,0,0.1,16,26.44891357421875,0.0,0.0,45;144;105;32;18;61;47;78;59;91;15;22;10;16;2;37
D1MX70,39.0,26.44891357421875,Random,0,0.1,16,26.44891357421875,0.0,0.0,71;160;112;56;146;40;3;53;116;156;108;118;57;130;67;34
D1MX70,39.0,26.44891357421875,Random,1,0.1,16,26.268159866333008,-0.1807537078857422,0.1807537078857422,90;132;52;55;11;70;72;12;23;2;48;42;110;79;149;58
D1MX70,39.0,26.44891357421875,Random,2,0.1,16,26.44835090637207,-0.0005626678466796875,0.0005626678466796875,19;88;24;68;63;14;41;18;107;5;120;158;54;94;156;82
D1MX70,39.0,26.44891357421875,Random,3,0.1,16,26.44891357421875,0.0,0.0,26;46;108;3;103;95;57;116;37;118;23;74;13;66;58;18
D1MX70,39.0,26.44891357421875,Random,4,0.1,16,26.977951049804688,0.5290374755859375,0.5290374755859375,2;42;134;103;66;94;95;131;70;16;55;62;87;17;149;33
Q93J06,37.5,38.944305419921875,Top important,0,0.1,30,44.23835372924805,5.294048309326172,5.294048309326172,124;114;173;137;193;80;263;147;197;259;269;53;156;251;148;235;141;280;289;162;47;169;64;106;63;237;150;41;73;267
Q93J06,37.5,38.944305419921875,Low important,0,0.1,30,38.944305419921875,0.0,0.0,273;50;2;205;122;272;35;90;6;284;196;105;130;28;57;31;131;101;49;62;230;264;274;94;43;200;16;277;119;255
Q93J06,37.5,38.944305419921875,Random,0,0.1,30,38.944095611572266,-0.000209808349609375,0.000209808349609375,96;244;113;190;85;241;175;161;10;76;202;238;52;265;63;75;222;131;26;269;253;136;210;57;254;119;16;99;252;45
Q93J06,37.5,38.944305419921875,Random,1,0.1,30,38.94415283203125,-0.000152587890625,0.000152587890625,52;66;134;289;28;218;86;12;154;292;63;169;49;14;185;247;239;64;30;254;161;223;166;32;248;227;105;212;204;160
Q93J06,37.5,38.944305419921875,Random,2,0.1,30,38.943603515625,-0.000701904296875,0.000701904296875,224;109;41;242;38;125;73;286;117;53;37;221;202;104;208;182;149;235;49;203;272;194;214;108;128;268;138;253;264;88
Q93J06,37.5,38.944305419921875,Random,3,0.1,30,38.968971252441406,0.02466583251953125,0.02466583251953125,82;200;156;40;265;110;38;73;76;276;197;282;168;100;103;152;240;7;236;139;72;290;211;224;10;225;175;136;134;257
Q93J06,37.5,38.944305419921875,Random,4,0.1,30,38.96885681152344,0.0245513916015625,0.0245513916015625,63;112;258;194;212;132;106;154;115;8;203;264;236;292;186;197;269;21;123;27;176;90;11;286;206;170;198;100;222;187
P55250,30.0,32.69942092895508,Top important,0,0.1,50,35.34675979614258,2.6473388671875,2.6473388671875,187;407;397;218;426;100;213;412;460;137;284;477;117;330;65;277;146;491;227;447;150;246;243;159;295;337;229;184;32;196;432;360;472;112;208;249;365;466;404;258;378;108;215;269;351;192;445;49;93;151
P55250,30.0,32.69942092895508,Low important,0,0.1,50,32.69942092895508,0.0,0.0,47;158;414;394;207;355;290;316;221;469;278;348;170;169;363;304;157;411;321;86;199;136;299;417;135;116;17;140;276;484;479;442;470;364;48;393;372;431;106;369;171;143;172;168;110;176;139;357;361;350
P55250,30.0,32.69942092895508,Random,0,0.1,50,32.700897216796875,0.001476287841796875,0.001476287841796875,334;61;132;223;33;74;84;167;344;168;59;419;274;378;214;220;366;345;9;425;477;328;64;251;288;160;89;232;184;321;460;21;103;272;326;57;225;42;79;279;41;383;110;431;381;404;363;188;54;312
P55250,30.0,32.69942092895508,Random,1,0.1,50,32.71086883544922,0.011447906494140625,0.011447906494140625,24;414;118;190;376;99;197;335;62;127;450;481;6;168;249;244;163;473;57;72;228;213;476;234;4;18;46;380;242;267;231;100;387;439;304;444;401;95;478;288;131;16;101;64;90;460;487;357;230;354
P55250,30.0,32.69942092895508,Random,2,0.1,50,32.75450134277344,0.055080413818359375,0.055080413818359375,356;411;192;185;171;51;295;37;161;440;447;248;387;318;257;346;190;413;472;114;347;206;213;127;427;484;160;470;301;360;133;42;152;390;313;31;104;218;483;343;80;193;40;85;151;55;246;421;465;439
P55250,30.0,32.69942092895508,Random,3,0.1,50,32.69585418701172,-0.003566741943359375,0.003566741943359375,107;336;145;212;447;32;443;494;487;416;385;255;267;279;102;286;24;195;221;123;361;211;384;146;419;234;141;265;402;133;404;434;165;246;192;466;321;440;243;312;337;450;283;174;101;489;449;63;359;120
P55250,30.0,32.69942092895508,Random,4,0.1,50,32.71542739868164,0.0160064697265625,0.0160064697265625,260;199;149;271;72;386;275;11;370;414;117;399;484;29;272;54;341;71;292;389;412;347;159;454;30;391;68;392;146;223;229;143;114;120;320;415;172;268;86;409;47;180;178;242;247;168;27;162;351;427
A0A0P1J5J7,30.0,35.45758056640625,Top important,0,0.1,35,39.53678894042969,4.0792083740234375,4.0792083740234375,293;30;82;178;132;302;309;288;341;216;76;212;129;322;130;324;28;262;39;14;137;244;31;78;274;170;155;206;345;146;265;11;165;5;48
A0A0P1J5J7,30.0,35.45758056640625,Low important,0,0.1,35,35.45758056640625,0.0,0.0,338;140;203;52;51;277;229;318;208;143;127;233;326;230;80;152;198;255;254;281;2;289;46;67;124;217;251;145;183;219;329;226;232;59;275
A0A0P1J5J7,30.0,35.45758056640625,Random,0,0.1,35,35.45576858520508,-0.001811981201171875,0.001811981201171875,101;251;168;175;160;276;233;291;201;260;208;1;58;158;88;328;121;136;287;159;45;212;128;80;183;205;64;224;239;106;43;84;145;148;238
A0A0P1J5J7,30.0,35.45758056640625,Random,1,0.1,35,35.45761489868164,3.4332275390625e-05,3.4332275390625e-05,6;224;189;73;31;5;196;151;220;19;57;208;319;13;93;290;271;15;215;53;299;312;338;295;153;251;205;188;23;259;17;280;101;79;181
A0A0P1J5J7,30.0,35.45758056640625,Random,2,0.1,35,35.45750045776367,-8.0108642578125e-05,8.0108642578125e-05,6;339;2;111;318;72;313;96;152;129;267;259;212;180;233;95;179;321;208;39;119;279;189;194;182;198;35;281;269;60;45;66;287;10;299
A0A0P1J5J7,30.0,35.45758056640625,Random,3,0.1,35,35.45796585083008,0.000385284423828125,0.000385284423828125,235;71;214;24;14;96;91;318;64;150;111;141;198;179;300;95;114;247;56;230;55;128;307;8;303;79;122;19;335;321;263;203;104;228;17
A0A0P1J5J7,30.0,35.45758056640625,Random,4,0.1,35,35.45602035522461,-0.001560211181640625,0.001560211181640625,34;133;72;95;218;186;250;338;339;120;150;48;107;161;85;60;165;146;106;266;336;290;25;298;79;243;235;119;115;217;130;96;248;324;230
I0CKV3,40.0,34.25141143798828,Top important,0,0.1,38,41.160133361816406,6.908721923828125,6.908721923828125,30;105;255;112;39;261;192;291;211;33;42;113;376;181;250;48;332;285;247;17;366;81;164;228;128;146;182;362;344;3;317;296;80;115;143;312;294;204
I0CKV3,40.0,34.25141143798828,Low important,0,0.1,38,34.25141143798828,0.0,0.0,180;119;367;40;100;63;110;184;363;364;70;158;2;269;358;375;76;277;256;64;12;52;90;268;120;257;231;223;15;266;61;117;284;202;327;267;230;221
I0CKV3,40.0,34.25141143798828,Random,0,0.1,38,33.76409912109375,-0.48731231689453125,0.48731231689453125,146;350;83;113;112;273;209;232;107;181;225;192;293;104;275;100;114;150;260;226;338;137;355;371;7;172;342;30;301;125;208;31;170;215;283;307;320;318
I0CKV3,40.0,34.25141143798828,Random,1,0.1,38,34.25288391113281,0.00147247314453125,0.00147247314453125,283;337;196;320;29;205;21;233;195;50;302;245;294;147;214;57;175;310;375;300;270;259;338;317;3;356;303;295;20;82;247;227;315;143;32;332;288;39
I0CKV3,40.0,34.25141143798828,Random,2,0.1,38,33.63283157348633,-0.6185798645019531,0.6185798645019531,135;205;118;339;334;353;278;52;86;367;295;172;252;55;77;50;30;162;281;59;88;316;91;255;141;242;330;22;315;302;150;19;253;224;287;96;37;329
I0CKV3,40.0,34.25141143798828,Random,3,0.1,38,34.244808197021484,-0.006603240966796875,0.006603240966796875,24;219;261;90;285;365;342;26;81;174;122;259;312;162;142;158;181;296;375;73;277;376;38;50;244;127;345;286;52;344;318;102;293;99;308;152;145;317
I0CKV3,40.0,34.25141143798828,Random,4,0.1,38,34.71571731567383,0.4643058776855469,0.4643058776855469,198;199;346;242;16;326;233;110;272;156;274;162;374;227;367;80;312;359;330;142;284;105;60;52;327;127;354;252;222;236;345;244;185;305;171;249;216;210
E7FHX4,60.0,61.26707458496094,Top important,0,0.1,13,65.68183135986328,4.414756774902344,4.414756774902344,14;40;97;67;39;116;10;30;119;18;45;54;66
E7FHX4,60.0,61.26707458496094,Low important,0,0.1,13,61.26707458496094,0.0,0.0,110;65;9;26;84;70;36;49;78;99;35;44;92
E7FHX4,60.0,61.26707458496094,Random,0,0.1,13,60.63852310180664,-0.6285514831542969,0.6285514831542969,6;63;5;83;39;24;31;34;112;51;106;111;28
E7FHX4,60.0,61.26707458496094,Random,1,0.1,13,61.35314178466797,0.08606719970703125,0.08606719970703125,108;53;14;23;81;50;121;20;120;98;68;28;47
E7FHX4,60.0,61.26707458496094,Random,2,0.1,13,61.85800552368164,0.5909309387207031,0.5909309387207031,7;56;118;98;82;106;67;57;3;31;94;4;103
E7FHX4,60.0,61.26707458496094,Random,3,0.1,13,61.26322937011719,-0.00384521484375,0.00384521484375,44;90;103;5;43;89;98;55;117;96;93;70;94
E7FHX4,60.0,61.26707458496094,Random,4,0.1,13,61.2626838684082,-0.004390716552734375,0.004390716552734375,29;94;71;66;82;31;36;120;106;6;86;47;73
P0A6I3,37.0,35.78990936279297,Top important,0,0.1,32,38.05531692504883,2.2654075622558594,2.2654075622558594,4;291;83;198;43;158;310;316;88;40;279;287;55;32;267;268;76;113;143;301;180;272;92;196;67;238;277;84;187;142;64;144
P0A6I3,37.0,35.78990936279297,Low important,0,0.1,32,35.78990936279297,0.0,0.0,130;170;97;256;182;163;252;28;152;129;36;146;202;211;124;98;205;289;292;151;222;175;241;160;227;230;259;93;219;104;290;197
P0A6I3,37.0,35.78990936279297,Random,0,0.1,32,35.789695739746094,-0.000213623046875,0.000213623046875,89;41;312;229;116;223;303;187;296;195;235;53;186;86;283;24;160;61;44;238;78;263;29;180;202;256;68;293;123;181;87;310
P0A6I3,37.0,35.78990936279297,Random,1,0.1,32,35.77552795410156,-0.01438140869140625,0.01438140869140625,246;20;56;289;310;2;280;53;10;72;75;149;35;313;13;103;140;287;312;94;116;218;31;231;105;248;277;83;275;285;135;120
P0A6I3,37.0,35.78990936279297,Random,2,0.1,32,35.789764404296875,-0.00014495849609375,0.00014495849609375,167;257;91;118;274;56;24;18;92;273;44;135;240;8;130;186;154;285;86;264;304;294;1;268;208;195;30;121;256;96;74;114
P0A6I3,37.0,35.78990936279297,Random,3,0.1,32,35.78374481201172,-0.00616455078125,0.00616455078125,31;141;70;280;189;63;164;238;109;270;303;252;245;275;87;235;301;43;221;298;186;183;78;231;136;233;265;90;116;18;199;128
P0A6I3,37.0,35.78990936279297,Random,4,0.1,32,35.78990936279297,0.0,0.0,262;15;295;256;192;218;59;271;217;183;211;61;175;78;228;9;28;144;201;97;226;36;194;49;10;52;250;16;56;298;45;73
Q4VRV8,37.0,32.12283706665039,Top important,0,0.1,56,38.61087417602539,6.488037109375,6.488037109375,122;341;7;207;498;285;31;535;379;173;80;443;522;494;69;308;76;490;451;152;284;399;389;335;311;299;433;300;486;200;266;241;139;423;83;540;140;378;3;434;189;516;333;90;182;100;359;388;211;303;501;11;162;545;470;480
Q4VRV8,37.0,32.12283706665039,Low important,0,0.1,56,32.12283706665039,0.0,0.0,488;463;444;261;127;180;306;209;464;56;131;116;387;59;58;346;475;283;290;115;297;95;298;223;233;161;369;130;67;206;312;108;1;85;243;337;166;41;380;412;219;492;256;424;132;372;24;453;362;375;195;66;416;150;57;347
Q4VRV8,37.0,32.12283706665039,Random,0,0.1,56,32.11967468261719,-0.003162384033203125,0.003162384033203125,348;436;315;5;203;295;31;214;530;49;359;508;424;513;274;124;434;375;480;529;292;24;296;215;397;85;22;121;460;328;56;101;409;30;449;314;398;99;357;57;4;537;141;135;380;117;2;325;253;491;400;466;98;305;62;251
Q4VRV8,37.0,32.12283706665039,Random,1,0.1,56,32.121055603027344,-0.001781463623046875,0.001781463623046875,521;176;148;190;384;549;212;203;494;229;428;249;6;535;262;154;254;140;61;357;348;327;152;112;383;69;292;381;272;340;480;257;141;277;120;390;503;546;453;445;360;282;427;510;144;143;261;319;438;325;232;431;440;23;165;403
Q4VRV8,37.0,32.12283706665039,Random,2,0.1,56,32.12246322631836,-0.00037384033203125,0.00037384033203125,334;431;275;309;485;364;479;477;478;532;482;5;228;165;354;77;46;90;300;353;213;346;544;92;366;298;493;190;387;383;76;396;116;305;293;453;492;432;204;143;253;344;173;95;84;316;538;301;422;331;49;333;82;326;297;526
Q4VRV8,37.0,32.12283706665039,Random,3,0.1,56,32.12117004394531,-0.001667022705078125,0.001667022705078125,393;21;129;36;243;19;428;184;125;85;212;265;498;102;133;485;170;83;77;546;262;158;395;524;504;45;394;482;334;205;547;110;88;126;145;164;270;406;454;91;234;127;463;456;248;397;130;264;329;343;491;451;421;239;534;519
Q4VRV8,37.0,32.12283706665039,Random,4,0.1,56,32.12281036376953,-2.6702880859375e-05,2.6702880859375e-05,127;434;316;294;420;134;363;475;506;8;33;39;330;381;460;102;459;175;229;22;337;89;13;131;433;183;488;388;19;479;466;92;47;272;404;365;547;312;436;548;185;377;326;144;452;513;469;349;465;156;373;538;390;231;405;199
Q21KE5,30.0,50.6335563659668,Top important,0,0.1,37,57.24624252319336,6.6126861572265625,6.6126861572265625,162;107;139;203;124;193;342;246;292;322;317;305;62;149;240;285;214;221;323;52;172;197;122;77;76;133;85;5;356;97;300;132;35;276;272;78;103
Q21KE5,30.0,50.6335563659668,Low important,0,0.1,37,50.6335563659668,0.0,0.0,286;14;163;339;183;226;148;164;333;281;238;287;94;191;243;332;190;181;327;336;129;59;33;338;186;253;126;101;105;212;27;252;227;331;213;138;73
Q21KE5,30.0,50.6335563659668,Random,0,0.1,37,50.62379837036133,-0.00975799560546875,0.00975799560546875,326;110;219;240;37;180;75;99;333;132;362;251;130;56;13;76;121;295;27;151;322;196;22;88;2;243;62;241;358;357;323;307;222;193;131;156;26
Q21KE5,30.0,50.6335563659668,Random,1,0.1,37,50.6288948059082,-0.00466156005859375,0.00466156005859375,222;27;246;298;258;167;309;317;340;15;194;229;251;65;279;333;349;100;13;242;9;329;175;16;240;361;206;118;230;14;179;337;69;306;339;31;305
Q21KE5,30.0,50.6335563659668,Random,2,0.1,37,51.15285110473633,0.5192947387695312,0.5192947387695312,122;326;334;162;81;275;206;36;218;6;25;247;130;114;26;304;175;16;129;277;294;93;341;87;151;295;319;145;192;198;42;109;167;251;308;279;110
Q21KE5,30.0,50.6335563659668,Random,3,0.1,37,50.62688064575195,-0.00667572021484375,0.00667572021484375,148;234;250;181;202;290;317;49;201;279;320;336;22;197;146;309;273;304;131;347;326;238;67;349;158;325;198;37;112;38;173;164;32;72;311;292;251
Q21KE5,30.0,50.6335563659668,Random,4,0.1,37,50.5820198059082,-0.05153656005859375,0.05153656005859375,231;151;145;161;223;275;246;78;54;277;323;280;172;101;271;330;99;192;350;157;11;309;159;27;64;281;102;195;1;251;124;316;247;22;289;294;155
A8YBP8,25.0,28.365459442138672,Top important,0,0.1,32,34.11275100708008,5.747291564941406,5.747291564941406,64;241;190;187;194;8;157;33;315;89;170;279;183;116;125;178;136;262;280;108;130;266;162;289;311;235;4;28;23;309;224;261
A8YBP8,25.0,28.365459442138672,Low important,0,0.1,32,28.365459442138672,0.0,0.0,127;40;58;93;239;291;118;243;290;138;252;54;3;203;189;258;168;96;195;234;38;104;313;43;73;74;296;37;82;212;42;209
A8YBP8,25.0,28.365459442138672,Random,0,0.1,32,27.946990966796875,-0.4184684753417969,0.4184684753417969,142;218;29;28;295;208;25;46;300;77;252;42;185;237;96;189;44;296;127;59;86;241;19;26;269;99;306;262;201;304;131;259
A8YBP8,25.0,28.365459442138672,Random,1,0.1,32,28.36542320251465,-3.62396240234375e-05,3.62396240234375e-05,188;179;87;11;70;63;238;291;17;174;169;217;303;207;274;227;235;31;61;88;90;256;265;302;231;218;313;108;67;180;16;210
A8YBP8,25.0,28.365459442138672,Random,2,0.1,32,28.36507225036621,-0.0003871917724609375,0.0003871917724609375,191;312;265;242;155;91;204;217;140;184;313;186;47;50;254;230;145;116;56;289;151;183;123;260;57;253;276;58;258;304;245;215
A8YBP8,25.0,28.365459442138672,Random,3,0.1,32,28.356735229492188,-0.008724212646484375,0.008724212646484375,233;202;29;175;73;111;51;115;166;90;282;59;265;114;293;232;171;230;37;236;107;109;112;33;188;268;289;147;182;23;273;201
A8YBP8,25.0,28.365459442138672,Random,4,0.1,32,28.327747344970703,-0.03771209716796875,0.03771209716796875,315;214;245;118;169;312;204;24;148;94;119;149;124;6;194;313;234;270;123;256;247;130;178;165;188;15;208;226;14;114;176;77
Q6KYX5,70.0,87.36175537109375,Top important,0,0.1,64,86.81649780273438,-0.545257568359375,0.545257568359375,549;106;402;279;9;631;390;511;78;217;596;100;535;604;165;154;490;348;432;526;508;369;579;91;318;391;308;461;614;314;98;140;343;261;361;350;199;360;102;222;528;122;73;336;167;394;74;155;583;632;110;281;571;519;151;67;71;636;39;69;556;127;60;538
Q6KYX5,70.0,87.36175537109375,Low important,0,0.1,64,87.36175537109375,0.0,0.0,474;304;218;351;480;359;611;139;109;231;514;386;113;119;251;447;334;436;619;316;427;79;404;455;355;606;446;95;466;65;601;4;392;180;294;409;559;320;17;422;77;506;518;513;451;478;22;194;286;152;83;312;14;609;84;307;347;331;197;598;305;101;47;149
Q6KYX5,70.0,87.36175537109375,Random,0,0.1,64,87.37127685546875,0.009521484375,0.009521484375,5;197;624;259;223;492;328;400;415;325;76;32;115;59;369;603;307;378;213;148;163;200;623;23;384;565;540;585;249;329;260;578;463;576;528;164;458;75;461;6;379;439;199;420;381;589;113;284;266;636;13;173;44;154;548;547;111;94;170;591;513;226;51;595
Q6KYX5,70.0,87.36175537109375,Random,1,0.1,64,87.36414337158203,0.00238800048828125,0.00238800048828125,578;140;318;127;521;281;505;492;142;495;93;110;83;287;101;66;624;357;542;248;44;516;325;427;501;288;439;633;400;200;564;73;299;312;161;585;6;508;540;506;605;522;258;627;528;433;155;268;609;366;135;183;330;514;536;418;210;389;622;153;46;593;222;267
Q6KYX5,70.0,87.36175537109375,Random,2,0.1,64,85.00164794921875,-2.360107421875,2.360107421875,581;239;569;84;429;438;232;54;308;210;496;287;247;391;329;532;626;138;244;221;291;245;97;517;549;540;520;414;98;360;107;296;164;112;327;303;128;389;345;57;282;495;545;241;280;409;521;458;377;583;129;566;248;467;160;124;227;177;147;490;454;352;537;43
Q6KYX5,70.0,87.36175537109375,Random,3,0.1,64,87.35443878173828,-0.00731658935546875,0.00731658935546875,95;508;97;99;166;572;613;243;39;141;441;380;121;211;382;482;528;349;430;410;622;553;192;91;186;492;167;146;502;261;379;165;124;627;216;425;478;71;98;370;80;285;4;132;618;302;206;96;81;155;606;197;342;580;521;585;552;133;629;498;168;307;339;452
Q6KYX5,70.0,87.36175537109375,Random,4,0.1,64,87.92724609375,0.56549072265625,0.56549072265625,196;35;451;578;9;505;106;131;466;248;586;403;572;227;447;628;397;160;521;93;390;389;175;382;634;120;134;263;284;496;453;573;88;59;533;585;341;324;195;224;42;122;528;70;45;569;290;5;599;635;241;596;544;407;330;56;629;588;302;327;142;477;388;157
Q9KPJ7,20.0,27.313152313232422,Top important,0,0.1,58,36.44389724731445,9.130744934082031,9.130744934082031,514;313;194;283;204;526;268;262;84;71;360;44;523;245;328;440;158;53;437;515;390;404;170;172;380;81;236;22;417;396;119;132;465;200;579;201;40;508;345;336;122;209;430;414;43;399;177;446;27;425;279;445;540;224;226;474;340;149
Q9KPJ7,20.0,27.313152313232422,Low important,0,0.1,58,27.313152313232422,0.0,0.0,57;301;280;418;108;552;538;450;184;252;449;478;384;168;5;499;401;341;488;486;371;577;421;531;270;306;416;412;135;443;568;452;496;335;386;287;284;123;448;413;556;464;442;529;420;288;369;8;565;473;456;89;372;557;342;471;487;457
Q9KPJ7,20.0,27.313152313232422,Random,0,0.1,58,27.309823989868164,-0.0033283233642578125,0.0033283233642578125,28;73;69;291;335;405;463;130;208;551;113;534;85;393;12;565;267;27;43;277;373;275;217;163;503;477;341;368;508;233;332;184;164;195;101;204;360;226;276;24;319;105;31;458;289;382;152;160;325;254;203;420;538;389;168;149;129;547
Q9KPJ7,20.0,27.313152313232422,Random,1,0.1,58,27.313209533691406,5.7220458984375e-05,5.7220458984375e-05,110;328;100;38;573;20;308;25;2;564;468;183;381;327;305;222;479;91;368;31;453;264;414;510;364;286;571;122;355;507;272;254;473;237;227;143;434;117;185;200;307;353;153;233;258;298;278;504;291;567;531;49;342;516;329;499;309;36
Q9KPJ7,20.0,27.313152313232422,Random,2,0.1,58,27.31307029724121,-8.20159912109375e-05,8.20159912109375e-05,565;491;548;118;351;222;494;79;10;253;331;379;178;533;24;561;91;93;1;35;246;90;230;527;350;14;157;559;433;18;466;37;365;73;122;71;436;291;279;195;378;354;419;260;327;224;322;58;191;48;574;228;348;123;16;69;545;103
Q9KPJ7,20.0,27.313152313232422,Random,3,0.1,58,27.312305450439453,-0.00084686279296875,0.00084686279296875,519;11;67;104;408;46;350;247;264;456;13;84;174;152;248;136;280;520;274;12;563;53;308;240;10;491;461;449;114;288;56;143;320;37;35;224;397;427;116;159;576;164;33;131;128;416;118;318;144;106;34;277;122;393;237;138;132;74
Q9KPJ7,20.0,27.313152313232422,Random,4,0.1,58,27.30539321899414,-0.00775909423828125,0.00775909423828125,339;44;4;294;494;539;448;79;457;559;537;43;257;65;378;463;139;371;103;69;454;277;576;283;58;91;387;21;470;281;171;166;410;380;429;535;85;232;420;419;269;52;115;25;392;325;439;522;417;369;355;385;484;276;137;315;15;286
P13154,30.0,35.5934944152832,Top important,0,0.1,37,41.02587127685547,5.432376861572266,5.432376861572266,32;274;359;193;358;104;317;206;163;249;187;7;227;324;1;158;174;244;12;126;113;340;265;151;318;214;21;194;310;205;307;85;80;273;311;152;78
P13154,30.0,35.5934944152832,Low important,0,0.1,37,35.5934944152832,0.0,0.0,157;71;312;122;160;336;69;31;323;321;177;148;232;225;286;255;281;267;129;14;97;61;164;221;48;247;237;209;93;184;264;280;335;235;150;294;282
P13154,30.0,35.5934944152832,Random,0,0.1,37,35.57719421386719,-0.016300201416015625,0.016300201416015625,300;39;264;107;53;195;315;283;63;88;329;305;122;362;243;160;142;249;87;238;246;165;263;286;247;194;152;156;121;27;204;361;212;132;61;131;18
P13154,30.0,35.5934944152832,Random,1,0.1,37,35.32828903198242,-0.26520538330078125,0.26520538330078125,112;189;99;247;288;226;324;166;297;219;216;94;294;104;275;121;30;170;171;232;179;248;337;132;33;296;10;274;5;43;246;331;60;2;217;129;68
P13154,30.0,35.5934944152832,Random,2,0.1,37,35.592872619628906,-0.000621795654296875,0.000621795654296875,135;4;9;333;128;25;242;94;200;55;30;286;22;191;219;297;111;204;305;348;146;61;158;244;107;41;100;102;331;54;208;85;215;53;281;307;112
P13154,30.0,35.5934944152832,Random,3,0.1,37,35.59223937988281,-0.001255035400390625,0.001255035400390625,215;168;12;313;328;287;190;89;311;291;292;138;231;185;16;4;194;295;145;65;204;18;74;278;108;175;212;14;300;111;143;170;214;42;161;271;126
P13154,30.0,35.5934944152832,Random,4,0.1,37,34.603599548339844,-0.9898948669433594,0.9898948669433594,330;213;44;296;45;166;46;189;4;31;32;239;242;37;56;71;110;279;170;250;40;27;268;167;217;235;42;150;76;241;6;21;34;290;118;327;154
A8CGP1,40.0,59.3233528137207,Top important,0,0.1,23,57.47157669067383,-1.851776123046875,1.851776123046875,145;229;191;172;228;68;90;77;195;27;202;18;222;17;128;100;85;176;11;203;55;116;140
A8CGP1,40.0,59.3233528137207,Low important,0,0.1,23,59.3233528137207,0.0,0.0,186;26;104;226;169;149;16;57;94;121;196;136;164;175;189;174;106;218;105;64;7;107;92
A8CGP1,40.0,59.3233528137207,Random,0,0.1,23,53.32032012939453,-6.003032684326172,6.003032684326172,36;144;215;120;200;50;22;89;178;40;196;110;51;146;7;201;199;64;49;21;145;2;148
A8CGP1,40.0,59.3233528137207,Random,1,0.1,23,59.3730583190918,0.04970550537109375,0.04970550537109375,60;29;43;8;54;80;5;195;107;95;6;210;82;172;48;3;121;98;166;56;94;71;191
A8CGP1,40.0,59.3233528137207,Random,2,0.1,23,59.36174392700195,0.03839111328125,0.03839111328125,224;3;164;88;175;124;40;97;140;225;72;75;64;6;185;134;115;188;147;172;184;177;182
A8CGP1,40.0,59.3233528137207,Random,3,0.1,23,59.33445358276367,0.01110076904296875,0.01110076904296875,136;3;191;176;139;87;62;89;25;76;63;173;35;212;151;221;75;171;206;45;4;90;41
A8CGP1,40.0,59.3233528137207,Random,4,0.1,23,53.319705963134766,-6.0036468505859375,6.0036468505859375,102;130;145;201;188;228;189;47;151;22;106;116;19;182;176;211;219;169;48;73;205;51;168
Q9RFV6,30.0,39.429317474365234,Top important,0,0.1,41,40.49815368652344,1.0688362121582031,1.0688362121582031,355;175;184;366;220;105;147;256;260;53;81;5;372;71;90;130;98;292;224;252;127;37;397;388;174;191;299;100;74;35;4;47;387;33;300;217;103;176;201;244;393
Q9RFV6,30.0,39.429317474365234,Low important,0,0.1,41,39.429317474365234,0.0,0.0,343;403;304;20;275;258;65;309;143;91;58;385;178;326;377;139;287;210;136;44;39;318;239;248;277;306;229;172;125;162;402;38;315;108;338;234;214;213;112;28;374
Q9RFV6,30.0,39.429317474365234,Random,0,0.1,41,39.121315002441406,-0.3080024719238281,0.3080024719238281,31;275;90;357;69;111;175;44;128;377;288;236;43;13;163;401;103;27;76;67;181;407;59;8;385;248;358;26;341;238;199;309;379;122;372;225;262;129;290;207;212
Q9RFV6,30.0,39.429317474365234,Random,1,0.1,41,39.40386962890625,-0.025447845458984375,0.025447845458984375,88;102;386;229;7;137;225;346;348;285;248;81;142;125;198;208;234;165;22;303;29;164;370;219;38;314;124;188;36;185;405;253;214;169;292;176;62;160;193;154;82
Q9RFV6,30.0,39.429317474365234,Random,2,0.1,41,39.453346252441406,0.024028778076171875,0.024028778076171875,290;209;19;117;266;4;166;375;359;378;232;56;336;306;141;325;235;187;380;354;105;128;63;384;33;204;405;61;39;216;340;139;388;88;373;274;79;402;67;85;312
Q9RFV6,30.0,39.429317474365234,Random,3,0.1,41,39.47629165649414,0.04697418212890625,0.04697418212890625,379;249;35;317;168;211;407;368;343;83;84;260;42;118;165;378;213;402;396;288;85;268;392;227;344;88;29;193;26;18;38;43;80;198;75;349;356;40;46;56;180
Q9RFV6,30.0,39.429317474365234,Random,4,0.1,41,39.45250701904297,0.023189544677734375,0.023189544677734375,227;146;122;352;283;277;222;221;387;21;178;68;159;18;373;115;190;207;64;391;106;48;92;374;223;45;192;29;82;204;151;342;267;19;228;268;105;143;301;7;144
O74641,55.0,41.77214813232422,Top important,0,0.1,52,48.7404670715332,6.968318939208984,6.968318939208984,49;230;71;223;358;271;195;265;169;386;482;434;209;131;196;190;438;194;410;67;172;246;477;170;74;94;257;496;316;376;457;210;330;86;151;446;159;51;289;47;264;342;444;413;158;377;321;81;198;111;499;332
O74641,55.0,41.77214813232422,Low important,0,0.1,52,41.77214813232422,0.0,0.0,143;2;375;320;63;99;308;338;90;27;487;88;335;207;318;192;234;157;233;261;251;465;117;291;254;252;56;40;59;203;6;480;176;118;109;10;285;439;179;163;175;317;236;471;484;483;235;139;280;429;30;394
O74641,55.0,41.77214813232422,Random,0,0.1,52,41.75335693359375,-0.01879119873046875,0.01879119873046875,31;68;457;355;486;253;161;287;67;444;378;78;330;80;107;91;430;125;5;446;188;417;170;427;130;501;66;305;452;83;98;201;108;153;432;271;3;482;11;336;214;160;208;312;105;463;4;510;99;145;414;205
O74641,55.0,41.77214813232422,Random,1,0.1,52,41.852882385253906,0.0807342529296875,0.0807342529296875,515;300;290;170;11;474;180;409;122;362;186;373;48;62;71;472;176;367;169;424;137;30;120;508;514;198;44;135;195;268;305;216;307;416;273;152;263;129;139;400;43;196;449;238;325;222;205;234;39;464;123;387
O74641,55.0,41.77214813232422,Random,2,0.1,52,41.85879135131836,0.08664321899414062,0.08664321899414062,56;260;71;176;367;269;242;110;63;21;488;196;304;409;15;501;279;480;472;431;106;237;405;277;113;227;201;335;320;171;140;512;218;299;393;10;12;254;265;332;507;189;93;124;381;220;222;418;516;485;141;194
O74641,55.0,41.77214813232422,Random,3,0.1,52,41.76116180419922,-0.010986328125,0.010986328125,190;399;496;260;486;175;236;64;400;513;109;488;3;225;23;21;271;4;184;10;121;77;162;170;512;394;124;341;448;401;509;342;393;497;474;35;315;269;277;187;80;210;329;42;176;208;178;227;106;148;200;118
O74641,55.0,41.77214813232422,Random,4,0.1,52,41.77214050292969,-7.62939453125e-06,7.62939453125e-06,488;188;156;344;354;449;260;112;35;428;506;204;346;138;228;504;185;28;119;325;498;26;450;53;383;88;405;22;184;31;186;328;451;390;443;402;467;284;352;179;85;315;395;310;126;338;44;83;155;385;191;446
Q97VZ8,75.0,72.31695556640625,Top important,0,0.1,27,74.55757904052734,2.2406234741210938,2.2406234741210938,93;147;251;17;83;30;35;82;205;165;196;59;194;214;119;78;243;225;68;46;97;130;45;21;253;177;212
Q97VZ8,75.0,72.31695556640625,Low important,0,0.1,27,72.31695556640625,0.0,0.0,164;2;4;5;113;44;140;218;55;11;209;69;58;102;189;86;133;163;167;74;221;219;159;142;66;182;26
Q97VZ8,75.0,72.31695556640625,Random,0,0.1,27,72.22613525390625,-0.0908203125,0.0908203125,234;33;158;93;209;154;32;125;153;21;226;104;37;111;218;68;67;185;134;54;231;69;120;233;192;47;119
Q97VZ8,75.0,72.31695556640625,Random,1,0.1,27,72.58422088623047,0.26726531982421875,0.26726531982421875,158;30;100;2;174;232;27;6;229;37;164;13;187;241;79;251;167;227;84;5;142;107;225;125;109;66;32
Q97VZ8,75.0,72.31695556640625,Random,2,0.1,27,72.31694793701172,-7.62939453125e-06,7.62939453125e-06,135;47;188;54;208;37;171;10;101;248;120;6;256;53;156;44;73;133;107;32;4;140;219;137;109;142;179
Q97VZ8,75.0,72.31695556640625,Random,3,0.1,27,72.23442077636719,-0.0825347900390625,0.0825347900390625,90;79;105;243;55;20;190;178;247;237;48;221;188;38;93;233;189;154;89;257;67;204;29;23;68;235;177
Q97VZ8,75.0,72.31695556640625,Random,4,0.1,27,72.35083770751953,0.03388214111328125,0.03388214111328125,259;56;107;190;136;238;83;67;248;209;243;188;154;38;150;39;97;241;184;135;244;226;178;66;65;34;137
B6E9W1,37.0,34.41950988769531,Top important,0,0.1,55,39.7279052734375,5.3083953857421875,5.3083953857421875,164;218;101;210;85;414;10;184;177;415;311;517;498;437;33;30;461;326;142;96;472;11;226;431;453;307;509;312;303;284;471;201;310;185;4;116;128;236;160;526;204;97;443;92;192;46;76;60;67;390;34;370;488;26;528
B6E9W1,37.0,34.41950988769531,Low important,0,0.1,55,34.41950988769531,0.0,0.0,66;286;388;178;290;103;385;276;489;121;368;391;31;485;166;199;126;193;355;15;511;98;108;339;137;413;535;69;53;466;271;493;291;515;127;100;402;506;182;490;287;12;295;366;409;105;454;83;442;268;350;425;365;170;49
B6E9W1,37.0,34.41950988769531,Random,0,0.1,55,34.452091217041016,0.032581329345703125,0.032581329345703125,252;199;50;15;71;197;309;495;68;69;370;431;135;488;63;51;95;126;523;449;284;363;113;148;213;151;414;118;83;88;459;37;394;334;103;343;189;187;254;412;511;389;253;341;290;99;314;220;11;243;302;267;58;169;311
B6E9W1,37.0,34.41950988769531,Random,1,0.1,55,34.418758392333984,-0.000751495361328125,0.000751495361328125,71;300;239;268;424;371;6;347;504;5;22;481;478;62;20;193;56;23;509;456;135;272;315;282;376;3;363;263;350;359;290;366;487;40;209;67;189;386;536;172;174;78;288;51;165;28;31;449;317;256;223;260;254;41;355
B6E9W1,37.0,34.41950988769531,Random,2,0.1,55,34.41949462890625,-1.52587890625e-05,1.52587890625e-05,475;403;459;82;190;457;385;383;219;63;93;36;247;206;99;352;488;369;318;240;83;18;120;149;514;175;22;393;155;518;188;521;245;261;345;525;313;522;179;424;304;507;159;196;358;297;187;292;451;417;481;428;449;324;76
B6E9W1,37.0,34.41950988769531,Random,3,0.1,55,34.4138298034668,-0.005680084228515625,0.005680084228515625,503;147;133;247;193;363;170;181;533;367;16;354;31;323;51;347;470;535;252;111;59;504;407;343;136;63;205;454;198;527;176;353;501;45;401;334;228;379;356;195;62;221;96;376;254;295;137;128;492;490;487;94;505;19;421
B6E9W1,37.0,34.41950988769531,Random,4,0.1,55,34.73658752441406,0.31707763671875,0.31707763671875,84;432;459;251;310;283;37;503;110;29;275;158;416;364;507;149;318;1;169;452;505;199;39;202;141;523;328;234;373;464;171;358;210;30;14;467;498;282;197;366;221;192;97;67;476;114;354;384;203;471;411;242;252;250;326
A4LA85,35.0,47.13717269897461,Top important,0,0.1,37,47.16393280029297,0.026760101318359375,0.026760101318359375,75;257;324;181;34;272;151;105;59;96;57;234;241;281;346;41;286;297;258;52;314;137;337;251;40;148;174;168;357;231;217;249;116;347;218;327;355
A4LA85,35.0,47.13717269897461,Low important,0,0.1,37,47.13717269897461,0.0,0.0,175;19;229;37;126;21;18;214;291;4;98;50;349;100;225;107;188;277;106;32;167;158;60;113;51;64;12;152;153;177;292;118;134;186;36;44;49
A4LA85,35.0,47.13717269897461,Random,0,0.1,37,47.138465881347656,0.001293182373046875,0.001293182373046875,186;133;23;160;220;184;126;288;293;33;217;70;254;194;115;204;264;341;20;285;314;208;166;109;218;93;279;144;346;153;172;364;99;18;77;211;146
A4LA85,35.0,47.13717269897461,Random,1,0.1,37,47.34978103637695,0.21260833740234375,0.21260833740234375,255;248;85;101;22;14;189;19;254;244;215;167;20;197;130;240;100;297;136;181;222;193;184;127;118;329;179;300;66;102;302;8;160;291;195;32;132
A4LA85,35.0,47.13717269897461,Random,2,0.1,37,47.19438171386719,0.057209014892578125,0.057209014892578125,180;90;83;105;265;53;243;42;211;139;247;225;7;268;84;298;121;156;260;299;172;174;237;168;51;223;212;165;100;308;43;110;346;250;37;337;204
A4LA85,35.0,47.13717269897461,Random,3,0.1,37,45.033817291259766,-2.1033554077148438,2.1033554077148438,60;314;228;236;159;202;38;155;152;283;330;304;340;316;273;321;31;297;287;109;164;74;77;75;256;231;67;222;278;115;233;158;364;6;84;76;46
A4LA85,35.0,47.13717269897461,Random,4,0.1,37,47.14356994628906,0.006397247314453125,0.006397247314453125,303;307;63;335;353;174;38;355;345;111;17;77;160;264;10;364;14;365;15;358;5;252;349;330;366;89;143;57;185;72;272;322;329;241;55;163;341
P54495,32.0,33.17893981933594,Top important,0,0.1,33,34.550941467285156,1.3720016479492188,1.3720016479492188,22;197;64;28;47;152;313;29;311;294;160;10;109;169;59;306;65;163;147;204;51;149;156;127;106;83;69;305;17;119;302;43;269
P54495,32.0,33.17893981933594,Low important,0,0.1,33,33.17893981933594,0.0,0.0,195;74;107;78;222;151;167;35;34;217;46;182;93;266;186;303;18;20;133;253;111;230;295;108;223;70;258;112;32;135;85;200;188
P54495,32.0,33.17893981933594,Random,0,0.1,33,33.2244758605957,0.045536041259765625,0.045536041259765625,185;297;214;4;9;152;45;137;124;190;311;156;115;71;207;247;109;112;303;167;24;32;301;305;306;54;119;295;263;19;81;235;183
P54495,32.0,33.17893981933594,Random,1,0.1,33,33.17890167236328,-3.814697265625e-05,3.814697265625e-05,116;48;261;226;190;232;72;142;194;218;237;31;289;68;77;227;208;230;183;97;130;38;184;309;280;57;221;88;96;42;164;212;86
P54495,32.0,33.17893981933594,Random,2,0.1,33,33.180625915527344,0.00168609619140625,0.00168609619140625,241;154;243;30;16;318;129;95;85;214;178;215;32;238;147;177;250;166;61;303;201;204;68;165;33;84;271;148;141;63;59;252;213
P54495,32.0,33.17893981933594,Random,3,0.1,33,33.179019927978516,8.0108642578125e-05,8.0108642578125e-05,318;215;273;260;24;97;73;9;286;15;43;280;93;148;140;72;309;146;56;85;66;176;291;283;58;94;77;138;271;308;237;297;39
P54495,32.0,33.17893981933594,Random,4,0.1,33,33.17900466918945,6.4849853515625e-05,6.4849853515625e-05,19;141;319;7;227;273;46;283;4;166;107;58;157;222;97;129;42;179;9;210;276;136;138;205;106;153;88;148;200;309;151;16;77
Q9RN49,37.0,39.652740478515625,Top important,0,0.1,30,39.98308181762695,0.3303413391113281,0.3303413391113281,137;272;194;52;247;84;232;293;105;218;33;248;132;147;125;79;234;263;144;108;249;283;19;164;222;106;69;85;89;60
Q9RN49,37.0,39.652740478515625,Low important,0,0.1,30,39.652740478515625,0.0,0.0,20;207;210;11;126;54;91;95;242;205;27;266;260;93;172;180;203;51;135;92;44;16;14;40;24;94;201;124;200;74
Q9RN49,37.0,39.652740478515625,Random,0,0.1,30,39.63420104980469,-0.0185394287109375,0.0185394287109375,271;169;107;147;202;152;69;39;257;232;104;160;273;82;56;180;242;251;87;208;182;196;14;205;265;203;134;133;254;116
Q9RN49,37.0,39.652740478515625,Random,1,0.1,30,39.65225601196289,-0.000484466552734375,0.000484466552734375,178;9;36;25;235;121;269;76;39;230;24;220;246;3;174;205;289;216;285;185;256;198;119;16;8;239;164;128;284;129
Q9RN49,37.0,39.652740478515625,Random,2,0.1,30,39.65580749511719,0.0030670166015625,0.0030670166015625,61;124;82;121;9;177;111;122;182;69;176;147;141;26;138;220;286;41;118;86;208;217;115;30;252;24;13;235;114;20
Q9RN49,37.0,39.652740478515625,Random,3,0.1,30,39.59427261352539,-0.058467864990234375,0.058467864990234375,20;267;293;175;269;221;295;49;34;59;286;128;185;254;213;276;38;229;83;245;3;130;121;273;91;228;284;35;86;63
Q9RN49,37.0,39.652740478515625,Random,4,0.1,30,36.501461029052734,-3.1512794494628906,3.1512794494628906,257;14;12;127;31;2;137;80;126;190;210;36;296;38;108;235;211;117;140;269;268;78;217;69;216;155;183;266;110;289
O50134,25.0,71.46312713623047,Top important,0,0.1,34,76.88872528076172,5.42559814453125,5.42559814453125,99;232;126;171;150;1;224;248;335;13;77;336;4;63;79;273;315;251;105;73;332;191;324;306;278;155;264;280;139;12;56;94;11;236
O50134,25.0,71.46312713623047,Low important,0,0.1,34,71.46312713623047,0.0,0.0,5;62;202;298;286;23;161;308;206;27;316;285;70;71;78;42;295;233;153;101;223;97;43;75;174;268;68;96;240;260;104;122;212;160
O50134,25.0,71.46312713623047,Random,0,0.1,34,71.46315002441406,2.288818359375e-05,2.288818359375e-05,14;97;276;288;299;75;148;188;5;122;213;321;211;108;72;176;324;322;309;61;312;252;163;46;219;139;231;62;134;32;111;174;249;154
O50134,25.0,71.46312713623047,Random,1,0.1,34,71.46269989013672,-0.00042724609375,0.00042724609375,85;208;216;21;249;322;75;118;212;314;87;43;169;251;278;258;112;252;245;315;327;10;53;217;116;262;64;318;104;89;179;198;279;20
O50134,25.0,71.46312713623047,Random,2,0.1,34,71.39228057861328,-0.0708465576171875,0.0708465576171875,259;144;137;1;161;113;66;13;286;169;95;65;176;38;197;17;71;155;52;313;140;282;195;124;209;108;266;174;147;81;265;36;275;170
O50134,25.0,71.46312713623047,Random,3,0.1,34,71.462646484375,-0.00048065185546875,0.00048065185546875,327;315;307;195;330;58;122;155;295;54;312;111;291;173;223;179;125;83;16;9;207;331;196;6;15;21;117;306;218;274;248;191;8;210
O50134,25.0,71.46312713623047,Random,4,0.1,34,71.43317413330078,-0.0299530029296875,0.0299530029296875,56;228;117;15;312;134;2;203;115;44;222;68;168;79;176;136;206;22;185;107;224;41;73;100;258;188;93;137;159;154;17;116;261;40
Q2MF17,37.0,38.39601135253906,Top important,0,0.1,43,41.639774322509766,3.243762969970703,3.243762969970703,369;420;419;44;86;93;8;379;4;110;50;142;367;392;336;172;138;284;180;374;249;126;343;401;214;225;223;413;148;328;168;182;243;267;178;274;166;200;186;307;366;388;51
Q2MF17,37.0,38.39601135253906,Low important,0,0.1,43,38.39601135253906,0.0,0.0,135;121;144;46;309;174;95;118;70;291;373;153;2;346;136;355;120;404;63;6;114;342;57;227;348;258;410;263;137;199;132;205;105;74;195;7;238;54;103;73;24;96;176
Q2MF17,37.0,38.39601135253906,Random,0,0.1,43,38.39598083496094,-3.0517578125e-05,3.0517578125e-05,387;129;215;184;182;80;66;71;342;272;337;333;418;78;293;193;115;386;279;75;261;76;306;117;241;202;269;397;97;127;291;190;133;33;390;131;45;100;307;160;282;217;56
Q2MF17,37.0,38.39601135253906,Random,1,0.1,43,38.40450668334961,0.008495330810546875,0.008495330810546875,354;140;319;340;77;160;364;378;282;166;55;287;50;207;419;233;318;87;337;9;328;149;191;237;83;339;275;331;216;54;323;332;312;56;385;147;35;107;192;7;144;253;33
Q2MF17,37.0,38.39601135253906,Random,2,0.1,43,38.3906364440918,-0.005374908447265625,0.005374908447265625,189;316;289;25;173;175;321;424;378;62;268;266;360;306;12;87;193;70;341;339;218;142;178;362;52;176;61;174;118;345;85;162;376;310;414;318;97;140;165;94;120;39;127
Q2MF17,37.0,38.39601135253906,Random,3,0.1,43,38.368385314941406,-0.02762603759765625,0.02762603759765625,71;306;3;188;213;94;214;1;366;284;68;178;313;232;7;92;109;8;235;272;396;23;381;302;138;4;5;395;36;103;174;211;252;392;423;48;364;73;55;157;191;239;268
Q2MF17,37.0,38.39601135253906,Random,4,0.1,43,38.38893508911133,-0.007076263427734375,0.007076263427734375,127;351;175;306;219;391;421;165;210;327;111;75;18;82;357;262;196;79;377;160;152;283;142;248;108;408;22;155;173;384;343;374;7;266;388;157;310;123;182;125;221;100;361
P10474,85.0,73.24995422363281,Top important,0,0.1,80,74.58415222167969,1.334197998046875,1.334197998046875,419;561;429;796;708;227;155;771;439;695;754;166;248;284;271;423;698;196;739;506;168;752;282;296;56;209;553;460;743;22;198;702;732;323;264;180;82;252;280;541;242;370;118;420;466;267;549;520;475;691;539;277;713;293;794;190;201;530;309;521;568;453;122;592;203;633;94;718;279;638;19;546;126;715;52;159;579;222;243;315
P10474,85.0,73.24995422363281,Low important,0,0.1,80,73.24995422363281,0.0,0.0,404;451;139;637;58;319;532;36;110;748;654;106;78;244;372;175;626;570;780;283;12;42;204;594;410;412;268;390;31;784;434;581;382;461;559;722;609;762;787;741;583;587;406;688;416;452;621;362;525;301;440;92;353;457;172;392;219;287;485;474;171;601;426;394;396;200;774;398;384;408;331;178;15;177;179;316;577;599;615;380
P10474,85.0,73.24995422363281,Random,0,0.1,80,73.1904296875,-0.0595245361328125,0.0595245361328125,8;584;407;87;6;187;516;755;296;633;716;474;416;456;39;235;357;334;730;376;25;224;489;594;658;355;533;345;320;585;294;125;205;452;453;200;196;202;616;694;401;158;477;699;462;159;537;254;463;199;79;41;147;726;522;18;686;14;651;564;301;729;569;630;210;102;241;790;666;531;275;789;547;167;660;117;155;709;260;713
P10474,85.0,73.24995422363281,Random,1,0.1,80,73.25072479248047,0.00077056884765625,0.00077056884765625,123;504;300;272;430;199;531;290;623;746;503;160;598;713;729;335;620;570;475;785;594;291;164;732;783;607;584;633;612;242;372;756;61;384;365;590;766;302;591;481;523;251;165;133;9;739;140;350;449;669;231;95;378;260;704;457;148;181;621;502;605;656;527;396;458;455;209;604;30;596;349;238;750;680;711;357;144;215;119;454
P10474,85.0,73.24995422363281,Random,2,0.1,80,72.65721130371094,-0.592742919921875,0.592742919921875,494;304;277;521;649;2;54;770;576;81;456;592;13;212;364;16;214;324;754;1;315;741;104;633;593;464;711;35;447;337;455;127;411;289;625;162;37;193;407;537;477;172;445;759;301;796;705;628;344;487;438;168;620;92;716;230;706;722;55;557;457;298;303;254;591;413;86;390;17;112;627;221;777;182;262;561;312;98;517;152
P10474,85.0,73.24995422363281,Random,3,0.1,80,73.25018310546875,0.0002288818359375,0.0002288818359375,689;252;370;351;298;393;367;65;39;138;380;546;290;434;260;56;774;666;712;162;35;187;659;377;626;765;47;416;725;102;428;610;414;621;669;488;239;676;19;217;435;134;28;486;3;204;756;218;130;631;365;327;150;744;333;627;121;46;519;131;418;557;48;392;449;624;308;206;605;694;17;280;222;384;556;364;559;509;375;192
P10474,85.0,73.24995422363281,Random,4,0.1,80,73.41172790527344,0.161773681640625,0.161773681640625,442;470;728;519;582;695;234;796;97;185;397;64;264;379;308;330;628;407;576;376;53;530;748;104;335;273;719;182;412;417;36;238;506;638;140;749;259;206;759;776;272;353;367;415;538;663;655;1;17;425;233;316;281;703;588;394;467;599;645;613;125;463;569;430;684;675;784;63;284;566;640;340;488;215;41;756;620;798;31;116
A5HMI0,28.0,29.622509002685547,Top important,0,0.1,12,35.49384689331055,5.871337890625,5.871337890625,61;114;99;29;113;28;7;71;57;75;108;96
A5HMI0,28.0,29.622509002685547,Low important,0,0.1,12,29.622509002685547,0.0,0.0,15;23;55;4;42;36;21;74;18;46;92;6
A5HMI0,28.0,29.622509002685547,Random,0,0.1,12,27.821420669555664,-1.8010883331298828,1.8010883331298828,99;25;43;67;11;94;72;93;83;16;61;73
A5HMI0,28.0,29.622509002685547,Random,1,0.1,12,29.67041015625,0.047901153564453125,0.047901153564453125,72;70;114;7;86;109;27;80;1;38;53;46
A5HMI0,28.0,29.622509002685547,Random,2,0.1,12,29.622337341308594,-0.000171661376953125,0.000171661376953125,71;33;28;21;51;73;56;58;41;118;107;40
A5HMI0,28.0,29.622509002685547,Random,3,0.1,12,29.622509002685547,0.0,0.0,103;39;20;49;40;5;102;46;82;12;42;15
A5HMI0,28.0,29.622509002685547,Random,4,0.1,12,29.622509002685547,0.0,0.0,84;20;98;52;117;3;47;115;45;95;34;4
A0A087IPJ7,37.0,31.524066925048828,Top important,0,0.1,26,33.11528778076172,1.5912208557128906,1.5912208557128906,241;167;39;104;105;19;85;142;146;116;140;141;219;159;29;53;119;89;191;92;1;38;37;172;80;229
A0A087IPJ7,37.0,31.524066925048828,Low important,0,0.1,26,31.524066925048828,0.0,0.0,40;59;20;210;215;205;44;68;118;110;223;156;136;216;207;50;135;137;182;64;186;125;62;198;195;17
A0A087IPJ7,37.0,31.524066925048828,Random,0,0.1,26,31.524141311645508,7.43865966796875e-05,7.43865966796875e-05,70;24;14;18;101;224;33;189;166;125;223;8;130;242;51;138;75;157;128;68;159;163;170;147;72;103
A0A087IPJ7,37.0,31.524066925048828,Random,1,0.1,26,31.524059295654297,-7.62939453125e-06,7.62939453125e-06,249;234;163;20;218;50;130;215;168;18;101;109;185;43;5;176;2;194;119;246;155;80;77;17;188;55
A0A087IPJ7,37.0,31.524066925048828,Random,2,0.1,26,31.524059295654297,-7.62939453125e-06,7.62939453125e-06,182;28;172;195;150;202;34;112;232;230;174;99;122;84;149;46;16;90;200;155;213;173;227;180;131;80
A0A087IPJ7,37.0,31.524066925048828,Random,3,0.1,26,31.52389907836914,-0.0001678466796875,0.0001678466796875,64;234;191;106;80;238;158;127;78;116;210;219;24;244;144;213;113;245;206;199;132;52;162;68;74;200
A0A087IPJ7,37.0,31.524066925048828,Random,4,0.1,26,31.524078369140625,1.1444091796875e-05,1.1444091796875e-05,249;50;206;121;32;165;201;189;89;245;75;36;158;202;97;156;230;235;136;18;68;244;248;163;77;27
Q8IDD3,37.0,34.03684616088867,Top important,0,0.1,58,39.41867446899414,5.381828308105469,5.381828308105469,195;545;379;337;303;253;444;64;419;284;391;362;77;450;232;43;162;311;370;322;220;297;203;20;462;228;242;439;429;356;324;499;216;528;19;510;317;3;459;137;96;32;210;332;125;108;294;129;34;398;414;247;282;364;117;567;316;290
Q8IDD3,37.0,34.03684616088867,Low important,0,0.1,58,34.03684616088867,0.0,0.0,327;29;412;52;12;395;329;181;529;7;281;354;389;315;313;213;237;283;116;260;23;171;138;4;161;110;286;417;350;455;2;373;83;233;89;263;468;276;330;268;336;87;176;386;293;302;502;348;443;295;537;509;227;269;318;418;372;71
Q8IDD3,37.0,34.03684616088867,Random,0,0.1,58,34.0350227355957,-0.00182342529296875,0.00182342529296875,520;31;228;422;541;364;66;94;192;363;451;106;434;392;194;449;280;572;333;341;108;514;123;272;64;29;210;109;89;198;511;157;78;230;214;342;311;196;312;540;226;54;73;573;166;61;47;11;151;344;378;7;553;21;402;527;305;8
Q8IDD3,37.0,34.03684616088867,Random,1,0.1,58,34.036659240722656,-0.000186920166015625,0.000186920166015625,264;108;121;203;58;236;292;555;143;51;193;556;387;541;33;70;427;221;38;517;403;166;339;192;381;462;216;573;433;128;463;396;135;61;9;14;306;149;457;208;320;420;131;86;443;178;260;355;249;547;422;104;117;290;1;222;258;10
Q8IDD3,37.0,34.03684616088867,Random,2,0.1,58,34.06399917602539,0.02715301513671875,0.02715301513671875,113;368;7;303;90;223;543;428;289;388;468;294;247;181;332;559;514;96;36;155;328;120;424;256;23;361;308;171;148;545;107;356;57;327;520;192;525;551;232;269;195;42;218;188;317;175;315;226;342;350;169;85;365;287;104;117;570;493
Q8IDD3,37.0,34.03684616088867,Random,3,0.1,58,34.096153259277344,0.059307098388671875,0.059307098388671875,214;496;453;129;422;560;227;220;276;499;305;357;36;102;254;437;341;210;171;245;361;477;244;222;123;510;335;10;337;178;452;50;164;383;119;544;196;304;249;135;523;307;130;375;282;122;155;427;138;395;441;336;125;137;418;433;255;366
Q8IDD3,37.0,34.03684616088867,Random,4,0.1,58,34.05125045776367,0.014404296875,0.014404296875,127;337;393;430;285;446;84;465;205;250;494;357;426;33;439;295;422;508;221;149;367;241;155;404;303;490;405;292;269;72;290;495;561;97;271;329;165;224;514;223;554;564;236;102;518;537;569;229;347;322;101;529;148;460;488;44;338;284
A0A0K0M737,55.0,45.54404830932617,Top important,0,0.1,27,49.435794830322266,3.8917465209960938,3.8917465209960938,116;255;11;7;188;226;198;107;128;61;183;168;241;98;96;211;144;127;64;259;260;92;58;115;3;8;119
A0A0K0M737,55.0,45.54404830932617,Low important,0,0.1,27,45.54404830932617,0.0,0.0,1;94;146;166;91;194;13;233;236;90;232;32;45;145;156;111;99;187;66;203;22;165;152;150;131;122;189
A0A0K0M737,55.0,45.54404830932617,Random,0,0.1,27,45.543968200683594,-8.0108642578125e-05,8.0108642578125e-05,64;256;262;152;164;160;148;163;192;6;231;222;58;17;105;237;210;77;250;212;30;159;154;120;32;254;108
A0A0K0M737,55.0,45.54404830932617,Random,1,0.1,27,45.54267120361328,-0.001377105712890625,0.001377105712890625,42;243;151;227;160;83;56;140;31;45;1;114;177;137;165;166;236;70;24;168;74;95;172;238;61;39;68
A0A0K0M737,55.0,45.54404830932617,Random,2,0.1,27,45.544071197509766,2.288818359375e-05,2.288818359375e-05,124;160;97;126;95;93;187;90;259;22;27;242;32;252;104;181;46;99;230;238;12;100;247;180;88;55;151
A0A0K0M737,55.0,45.54404830932617,Random,3,0.1,27,45.54398727416992,-6.103515625e-05,6.103515625e-05,200;225;174;235;92;202;42;20;96;36;122;205;144;196;17;245;119;151;251;26;247;240;197;231;78;194;67
A0A0K0M737,55.0,45.54404830932617,Random,4,0.1,27,45.54399108886719,-5.7220458984375e-05,5.7220458984375e-05,164;48;153;235;43;174;243;75;221;47;175;19;134;195;144;14;129;73;96;170;90;215;133;66;21;95;72
S6D3Q2,20.0,36.5711555480957,Top important,0,0.1,74,39.42203903198242,2.8508834838867188,2.8508834838867188,612;675;330;81;421;186;65;206;597;384;573;53;112;715;608;494;302;486;156;427;731;419;477;646;176;212;233;655;13;613;501;497;582;563;671;36;326;126;125;142;620;44;358;37;644;23;548;433;271;525;445;659;97;650;723;230;335;691;586;277;313;105;430;280;170;661;572;307;390;30;571;219;80;207
S6D3Q2,20.0,36.5711555480957,Low important,0,0.1,74,36.5711555480957,0.0,0.0,576;575;183;149;244;651;687;733;47;487;457;377;40;437;652;405;425;354;334;351;12;151;220;201;35;283;610;26;304;728;648;162;301;579;99;519;227;705;228;258;75;569;338;564;359;639;565;611;198;325;369;210;371;285;294;111;287;436;203;448;632;561;2;708;119;566;440;69;510;205;606;131;503;103
S6D3Q2,20.0,36.5711555480957,Random,0,0.1,74,36.57181930541992,0.00066375732421875,0.00066375732421875,333;486;448;684;695;532;541;601;228;473;326;477;332;443;314;664;534;619;117;526;621;275;80;730;540;502;736;73;366;600;338;530;514;50;99;160;313;650;527;153;106;242;310;489;225;30;657;103;34;347;572;457;638;129;417;302;433;611;141;164;308;247;33;373;352;629;569;91;169;571;624;182;411;420
S6D3Q2,20.0,36.5711555480957,Random,1,0.1,74,36.512203216552734,-0.05895233154296875,0.05895233154296875,664;719;170;46;558;332;181;221;560;454;223;443;128;37;704;33;333;712;32;6;123;572;283;484;651;573;323;51;634;494;630;319;160;673;257;538;237;663;684;232;20;103;583;260;89;440;711;485;150;22;381;734;309;647;648;411;61;731;191;12;91;385;383;43;388;416;399;274;347;201;389;591;598;279
S6D3Q2,20.0,36.5711555480957,Random,2,0.1,74,36.569358825683594,-0.001796722412109375,0.001796722412109375,605;358;47;60;609;103;70;223;466;276;355;20;687;558;610;117;104;715;399;737;155;275;343;653;88;726;662;564;39;238;549;5;694;171;673;182;487;172;647;537;592;287;42;283;646;63;526;485;337;321;74;628;158;397;718;90;246;503;322;468;109;249;679;329;396;67;626;45;3;523;705;624;696;645
S6D3Q2,20.0,36.5711555480957,Random,3,0.1,74,36.95211410522461,0.38095855712890625,0.38095855712890625,152;561;69;30;305;266;582;377;668;642;156;562;398;311;635;554;430;196;100;270;370;110;334;621;153;342;374;209;474;154;722;354;716;603;491;526;572;113;614;422;177;549;272;645;380;560;507;296;162;547;590;319;680;190;724;589;115;679;158;259;262;580;39;371;732;634;675;402;409;92;351;678;473;18
S6D3Q2,20.0,36.5711555480957,Random,4,0.1,74,36.936370849609375,0.3652153015136719,0.3652153015136719,261;273;331;348;509;595;328;640;662;406;581;463;95;609;186;610;665;651;724;206;78;418;686;136;313;633;717;163;617;490;229;260;134;66;487;368;43;475;516;218;507;644;698;688;106;16;10;592;89;407;155;426;422;587;421;496;683;511;85;68;257;26;723;11;580;145;553;412;654;569;99;693;681;226
Q59328,70.0,61.1666259765625,Top important,0,0.1,80,64.1430435180664,2.9764175415039062,2.9764175415039062,361;603;552;499;169;329;761;468;352;558;156;718;482;562;547;423;173;599;212;787;13;206;309;111;102;94;783;455;641;307;436;676;403;223;478;490;373;383;34;193;168;48;366;498;522;23;255;682;762;604;233;792;81;17;75;195;400;222;764;474;740;107;56;148;272;372;751;323;795;357;623;509;1;276;542;134;577;538;722;494
Q59328,70.0,61.1666259765625,Low important,0,0.1,80,61.1666259765625,0.0,0.0,10;58;386;59;759;530;194;691;559;614;417;415;155;32;219;256;298;496;21;639;708;231;661;662;90;380;25;707;601;22;96;460;546;158;163;214;609;629;584;510;543;597;533;583;572;19;627;724;770;524;513;93;11;339;67;560;166;772;654;616;124;491;344;438;413;186;544;396;260;445;511;446;149;548;61;525;65;120;182;523
Q59328,70.0,61.1666259765625,Random,0,0.1,80,63.723148345947266,2.5565223693847656,2.5565223693847656,703;309;433;734;153;46;759;179;462;169;539;669;459;222;749;140;361;731;775;477;70;540;621;473;315;204;603;51;116;388;680;698;623;226;714;713;24;156;269;238;45;589;673;571;654;751;77;761;636;337;71;119;653;36;485;15;743;676;782;224;563;155;129;126;244;448;165;692;752;296;162;614;55;265;557;772;59;780;387;425
Q59328,70.0,61.1666259765625,Random,1,0.1,80,60.54891586303711,-0.6177101135253906,0.6177101135253906,565;387;2;769;602;349;277;403;354;751;762;367;321;764;419;527;12;165;485;184;386;707;577;47;126;263;552;515;563;727;438;752;693;287;452;470;775;173;172;488;261;101;618;413;744;568;560;56;304;492;796;356;643;8;652;343;756;599;257;75;500;118;17;540;791;384;151;732;641;240;208;134;615;493;158;687;467;50;783;644
Q59328,70.0,61.1666259765625,Random,2,0.1,80,62.57780456542969,1.4111785888671875,1.4111785888671875,283;109;637;476;132;303;725;533;515;415;543;328;173;450;364;448;130;377;759;110;390;272;361;11;597;643;565;499;87;658;392;616;638;472;404;174;200;135;210;320;94;160;286;694;193;425;318;64;642;256;300;603;239;62;795;199;501;586;520;172;704;782;265;92;216;175;605;29;72;238;311;635;31;153;514;761;653;370;289;624
Q59328,70.0,61.1666259765625,Random,3,0.1,80,61.187408447265625,0.020782470703125,0.020782470703125,54;659;772;233;4;762;245;319;617;601;592;791;3;193;334;509;418;98;487;610;251;760;426;440;650;489;614;116;732;631;307;403;718;542;706;39;549;740;345;467;53;169;154;379;352;265;510;712;632;189;771;279;5;30;789;68;373;59;212;38;393;543;16;359;42;23;37;463;328;369;787;254;79;792;225;67;554;390;62;540
Q59328,70.0,61.1666259765625,Random,4,0.1,80,61.14362335205078,-0.02300262451171875,0.02300262451171875,97;494;295;729;282;277;464;326;111;489;217;716;626;798;520;781;268;118;458;471;600;37;375;346;797;318;512;44;530;760;700;162;730;779;275;81;38;108;596;350;525;68;309;767;783;424;643;208;382;55;146;524;505;215;479;459;588;92;172;545;211;721;665;681;669;792;611;343;462;546;717;7;531;497;595;547;115;474;42;426
P26937,37.0,32.43227005004883,Top important,0,0.1,29,36.35888671875,3.926616668701172,3.926616668701172,252;43;94;111;12;29;70;183;59;265;234;138;219;115;202;134;221;197;179;160;247;9;105;75;28;89;171;40;205
P26937,37.0,32.43227005004883,Low important,0,0.1,29,32.43227005004883,0.0,0.0,100;51;181;90;238;32;128;117;149;198;61;201;133;135;56;17;118;235;272;177;267;109;136;104;13;250;50;185;86
P26937,37.0,32.43227005004883,Random,0,0.1,29,28.327903747558594,-4.104366302490234,4.104366302490234,129;218;92;82;9;157;223;74;13;165;5;178;151;184;69;118;183;144;35;252;11;214;136;67;90;121;264;139;189
P26937,37.0,32.43227005004883,Random,1,0.1,29,32.42556381225586,-0.00670623779296875,0.00670623779296875,101;68;254;106;175;239;107;71;248;245;270;53;282;142;243;131;224;212;155;15;184;214;122;70;77;285;138;267;124
P26937,37.0,32.43227005004883,Random,2,0.1,29,32.43363952636719,0.001369476318359375,0.001369476318359375,84;217;268;78;7;20;13;58;286;191;124;133;265;16;167;118;155;248;212;196;185;199;142;61;281;258;15;130;51
P26937,37.0,32.43227005004883,Random,3,0.1,29,32.43208312988281,-0.000186920166015625,0.000186920166015625,217;154;235;221;13;275;215;147;32;50;191;251;130;231;133;120;281;33;214;194;171;143;284;170;287;109;76;67;78
P26937,37.0,32.43227005004883,Random,4,0.1,29,32.4250602722168,-0.00720977783203125,0.00720977783203125,3;285;63;236;169;47;254;105;28;138;237;208;280;25;93;213;232;115;210;175;183;102;205;137;151;132;179;77;74
Q51723,95.0,88.66749572753906,Top important,0,0.1,48,90.59146118164062,1.9239654541015625,1.9239654541015625,252;116;38;68;86;158;416;80;296;77;246;283;353;433;399;25;129;344;454;124;255;371;385;273;118;317;436;405;457;218;47;106;389;59;230;42;408;81;173;140;451;315;312;177;64;178;295;334
Q51723,95.0,88.66749572753906,Low important,0,0.1,48,88.66749572753906,0.0,0.0,168;291;28;123;232;87;69;72;170;185;449;321;48;202;83;95;396;379;432;222;210;89;377;424;361;431;35;184;63;156;121;188;260;455;418;109;204;412;403;13;75;108;281;388;413;84;41;199
Q51723,95.0,88.66749572753906,Random,0,0.1,48,88.67823791503906,0.0107421875,0.0107421875,26;190;82;29;139;100;65;434;25;311;192;154;111;246;266;149;279;128;325;293;376;37;96;440;242;443;135;166;470;426;468;202;51;59;444;439;435;303;10;24;143;421;276;347;21;433;359;68
Q51723,95.0,88.66749572753906,Random,1,0.1,48,88.69110107421875,0.0236053466796875,0.0236053466796875,435;394;161;225;357;376;164;30;107;63;215;137;339;334;187;181;133;399;64;268;34;69;68;70;409;272;310;440;320;288;122;237;144;454;341;353;253;416;468;203;336;322;128;112;318;308;234;277
Q51723,95.0,88.66749572753906,Random,2,0.1,48,88.65995788574219,-0.007537841796875,0.007537841796875,297;391;105;92;106;326;339;271;365;159;79;44;419;242;337;58;298;348;80;169;61;276;364;435;249;385;369;228;351;155;246;285;176;399;376;30;287;293;373;240;418;350;451;256;183;145;427;151
Q51723,95.0,88.66749572753906,Random,3,0.1,48,88.23640441894531,-0.43109130859375,0.43109130859375,309;356;244;293;413;212;409;31;237;186;35;197;378;138;261;166;405;326;127;38;196;310;358;445;436;317;403;139;300;48;205;88;259;347;135;449;377;379;102;393;29;22;34;325;187;470;397;235
Q51723,95.0,88.66749572753906,Random,4,0.1,48,88.66517639160156,-0.0023193359375,0.0023193359375,218;436;30;269;132;167;144;388;433;146;369;117;187;4;386;391;345;447;165;2;397;92;247;303;105;444;424;364;34;406;453;419;235;258;466;450;214;467;26;344;250;291;95;10;191;370;36;201
Q47898,37.0,51.99937438964844,Top important,0,0.1,34,53.8359375,1.8365631103515625,1.8365631103515625,131;5;178;250;175;141;252;4;82;307;325;223;42;173;122;165;171;205;293;31;278;261;135;20;308;184;72;115;19;233;340;328;332;232
Q47898,37.0,51.99937438964844,Low important,0,0.1,34,51.99937438964844,0.0,0.0,224;179;158;108;238;138;84;246;30;46;267;255;257;201;28;275;188;147;93;55;303;89;113;214;196;211;114;230;124;266;136;133;254;231
Q47898,37.0,51.99937438964844,Random,0,0.1,34,54.57928466796875,2.5799102783203125,2.5799102783203125,176;196;8;339;107;258;113;7;217;157;287;158;242;323;79;85;279;48;175;272;263;326;86;110;80;5;219;307;4;241;109;99;55;170
Q47898,37.0,51.99937438964844,Random,1,0.1,34,51.98658752441406,-0.012786865234375,0.012786865234375,83;115;8;13;218;52;205;55;330;92;168;335;269;264;215;166;239;261;12;318;232;145;336;196;204;294;65;293;45;286;28;203;217;229
Q47898,37.0,51.99937438964844,Random,2,0.1,34,52.28017044067383,0.2807960510253906,0.2807960510253906,116;83;112;124;292;42;92;117;197;300;301;140;16;306;142;177;73;38;10;188;231;263;270;152;339;276;286;277;175;332;160;121;87;337
Q47898,37.0,51.99937438964844,Random,3,0.1,34,52.00874710083008,0.009372711181640625,0.009372711181640625,253;211;322;257;23;51;29;335;339;324;56;42;11;323;164;240;225;266;312;224;115;45;114;36;111;293;320;160;98;242;110;286;112;134
Q47898,37.0,51.99937438964844,Random,4,0.1,34,54.62618637084961,2.626811981201172,2.626811981201172,32;60;21;331;78;340;188;200;5;37;225;131;95;204;214;224;121;120;99;45;187;211;168;178;192;113;248;10;297;171;175;194;250;165
Q5LX16,30.0,40.379905700683594,Top important,0,0.1,31,55.104034423828125,14.724128723144531,14.724128723144531,3;84;122;68;42;92;242;185;263;64;119;108;36;249;137;276;97;264;225;52;43;162;219;254;278;93;232;100;184;195;15
Q5LX16,30.0,40.379905700683594,Low important,0,0.1,31,40.379905700683594,0.0,0.0,34;114;279;86;14;88;257;124;134;26;29;222;251;154;216;129;155;6;116;239;107;143;142;300;147;214;243;192;236;82;190
Q5LX16,30.0,40.379905700683594,Random,0,0.1,31,40.37281799316406,-0.00708770751953125,0.00708770751953125,6;229;130;170;168;293;93;175;169;60;305;184;219;200;211;179;36;87;153;283;249;64;174;70;16;31;251;114;239;8;250
Q5LX16,30.0,40.379905700683594,Random,1,0.1,31,40.37779235839844,-0.00211334228515625,0.00211334228515625,39;235;215;13;272;123;163;130;230;125;269;100;29;127;239;34;291;58;204;256;56;143;191;117;108;181;4;106;102;159;289
Q5LX16,30.0,40.379905700683594,Random,2,0.1,31,40.37944030761719,-0.00046539306640625,0.00046539306640625,20;23;165;246;244;205;30;240;186;227;39;247;142;1;53;289;22;274;216;212;14;176;97;179;146;83;116;13;217;27;256
Q5LX16,30.0,40.379905700683594,Random,3,0.1,31,40.37220764160156,-0.00769805908203125,0.00769805908203125,298;88;292;224;60;76;48;237;70;226;185;38;128;109;197;285;265;220;155;301;216;31;57;46;8;188;228;281;101;95;129
Q5LX16,30.0,40.379905700683594,Random,4,0.1,31,40.36789321899414,-0.012012481689453125,0.012012481689453125,232;74;25;181;242;116;163;192;194;160;281;209;173;136;249;44;101;80;220;102;54;94;190;224;188;177;114;62;41;199;266
Q50566,60.0,60.892696380615234,Top important,0,0.1,57,67.43562316894531,6.542926788330078,6.542926788330078,400;351;417;284;241;264;88;414;331;136;476;397;506;406;97;281;388;488;404;66;116;38;492;73;358;2;170;182;298;486;175;369;94;194;248;242;57;7;361;442;493;554;158;444;300;458;16;76;392;256;260;273;162;237;496;549;21
Q50566,60.0,60.892696380615234,Low important,0,0.1,57,60.892696380615234,0.0,0.0,258;543;290;259;470;362;475;405;107;72;205;292;75;415;254;227;329;538;145;500;508;302;39;407;178;115;266;533;526;87;455;409;532;186;350;283;126;510;525;305;411;367;396;240;196;335;191;353;176;289;374;412;184;239;310;297;153
Q50566,60.0,60.892696380615234,Random,0,0.1,57,60.89251708984375,-0.000179290771484375,0.000179290771484375,409;280;440;67;151;187;428;118;394;269;213;467;290;360;462;320;99;149;382;138;347;169;333;448;292;277;325;49;134;266;96;74;389;309;40;478;384;285;178;328;98;318;471;229;234;123;415;517;315;363;488;56;366;344;195;529;454
Q50566,60.0,60.892696380615234,Random,1,0.1,57,60.89967727661133,0.00698089599609375,0.00698089599609375,495;537;30;541;3;199;559;259;334;428;398;474;544;170;504;26;167;339;358;383;156;326;481;98;120;122;404;494;430;342;133;416;94;186;251;487;43;241;105;379;100;67;78;482;115;300;554;230;116;401;502;53;263;61;490;266;472
Q50566,60.0,60.892696380615234,Random,2,0.1,57,60.89268112182617,-1.52587890625e-05,1.52587890625e-05,451;494;47;7;59;441;343;308;252;366;187;458;78;528;446;207;487;297;434;26;62;386;482;156;539;159;296;71;101;449;179;202;352;556;395;561;474;205;379;129;192;329;499;433;485;418;24;341;124;511;436;550;522;518;394;220;226
Q50566,60.0,60.892696380615234,Random,3,0.1,57,60.902626037597656,0.009929656982421875,0.009929656982421875,76;106;207;297;26;359;89;450;123;71;343;479;506;31;486;171;35;549;63;515;384;345;122;507;559;410;379;96;79;12;128;394;453;78;364;157;492;93;513;151;435;375;414;544;319;352;542;125;309;221;58;551;497;419;528;376;460
Q50566,60.0,60.892696380615234,Random,4,0.1,57,60.89263916015625,-5.7220458984375e-05,5.7220458984375e-05,288;518;215;92;73;99;51;174;59;438;10;226;213;477;306;457;312;69;127;367;334;327;121;443;447;503;309;57;387;366;214;493;541;459;383;100;330;183;28;349;202;147;40;64;90;86;184;261;532;399;499;313;38;316;487;529;360
P22936,37.0,27.298009872436523,Top important,0,0.1,37,33.551422119140625,6.253412246704102,6.253412246704102,148;182;305;175;263;188;118;204;38;290;288;123;308;261;280;332;347;244;28;255;341;285;60;329;98;366;249;365;83;164;339;112;132;95;214;89;63
P22936,37.0,27.298009872436523,Low important,0,0.1,37,27.298009872436523,0.0,0.0,278;171;260;228;216;210;191;198;351;15;61;74;218;106;346;177;88;205;2;349;234;187;231;176;274;69;190;103;139;158;23;235;91;43;42;18;90
P22936,37.0,27.298009872436523,Random,0,0.1,37,27.29715919494629,-0.000850677490234375,0.000850677490234375,330;337;279;316;178;212;197;10;221;250;261;303;36;302;275;108;53;313;79;320;137;243;88;188;352;30;260;37;334;360;268;295;45;297;247;116;208
P22936,37.0,27.298009872436523,Random,1,0.1,37,27.29585838317871,-0.0021514892578125,0.0021514892578125,83;56;354;331;21;79;361;233;304;101;357;291;74;348;179;207;293;199;298;23;341;16;353;19;158;218;312;263;367;164;161;98;46;136;150;228;253
P22936,37.0,27.298009872436523,Random,2,0.1,37,27.297935485839844,-7.43865966796875e-05,7.43865966796875e-05,274;154;16;69;251;35;48;66;262;146;125;179;20;272;78;256;28;259;71;254;358;67;296;65;217;313;329;238;183;214;55;270;281;330;58;85;17
P22936,37.0,27.298009872436523,Random,3,0.1,37,29.02665901184082,1.7286491394042969,1.7286491394042969,182;86;361;219;314;221;4;200;347;133;109;257;80;93;176;186;367;92;190;209;315;174;240;159;271;364;20;325;112;192;82;113;193;148;262;196;268
P22936,37.0,27.298009872436523,Random,4,0.1,37,27.272544860839844,-0.025465011596679688,0.025465011596679688,262;146;195;257;139;307;69;77;180;126;54;308;147;332;123;49;256;203;198;115;288;265;78;162;188;110;240;35;305;15;249;47;91;16;76;199;44
A7LVG6,45.0,43.31790542602539,Top important,0,0.1,43,41.78451156616211,-1.5333938598632812,1.5333938598632812,230;168;14;58;213;372;8;252;246;205;9;394;212;109;54;306;290;143;325;417;120;241;17;97;344;341;408;302;352;385;69;116;30;368;353;351;413;160;162;286;72;233;77
A7LVG6,45.0,43.31790542602539,Low important,0,0.1,43,43.31790542602539,0.0,0.0,133;149;371;264;255;382;249;248;47;263;36;314;68;43;373;130;93;250;316;44;274;331;145;12;179;260;140;141;234;57;326;276;75;164;80;89;333;86;200;90;376;5;83
A7LVG6,45.0,43.31790542602539,Random,0,0.1,43,43.31790542602539,0.0,0.0,313;113;248;143;412;189;402;350;200;317;111;254;294;70;10;178;122;229;274;193;379;369;97;416;43;171;363;56;414;393;179;21;366;4;333;152;307;154;302;62;204;370;268
A7LVG6,45.0,43.31790542602539,Random,1,0.1,43,43.318519592285156,0.000614166259765625,0.000614166259765625,212;390;339;174;242;290;114;95;197;63;83;8;46;259;138;18;252;105;185;291;215;66;169;93;206;355;354;73;282;78;274;57;220;153;285;375;157;419;144;23;398;346;358
A7LVG6,45.0,43.31790542602539,Random,2,0.1,43,43.31793975830078,3.4332275390625e-05,3.4332275390625e-05,265;56;72;407;353;374;399;118;244;137;356;197;38;117;141;202;177;397;284;67;69;212;66;68;7;359;16;129;237;112;29;62;2;81;260;325;248;21;176;229;64;186;332
A7LVG6,45.0,43.31790542602539,Random,3,0.1,43,43.31697082519531,-0.000934600830078125,0.000934600830078125,20;363;260;96;383;249;264;92;340;201;127;359;208;58;278;420;243;364;22;411;289;311;393;406;10;380;180;259;90;200;374;69;100;34;38;319;353;253;222;169;137;18;120
A7LVG6,45.0,43.31790542602539,Random,4,0.1,43,43.31786346435547,-4.1961669921875e-05,4.1961669921875e-05,384;400;269;165;163;175;328;179;78;326;273;242;109;102;67;195;100;129;188;53;381;350;60;158;104;174;20;28;296;84;42;73;44;89;209;304;19;380;17;323;231;199;382
A0A2P5JUT5,30.0,31.52094841003418,Top important,0,0.1,80,37.905548095703125,6.384599685668945,6.384599685668945,748;645;641;502;510;20;766;558;118;669;521;250;632;218;609;545;715;420;276;274;258;257;396;63;383;562;548;57;39;618;102;202;196;260;223;279;307;78;3;191;288;162;247;427;425;335;363;157;109;692;489;484;293;325;246;512;592;82;286;233;24;640;108;62;155;543;273;84;699;418;171;393;127;376;793;87;467;334;505;306
A0A2P5JUT5,30.0,31.52094841003418,Low important,0,0.1,80,31.52094841003418,0.0,0.0,139;360;209;52;45;726;720;375;238;56;93;316;457;212;16;531;611;610;557;346;665;563;263;797;662;50;12;129;549;74;241;72;329;305;2;758;187;244;211;186;49;647;504;152;708;66;135;232;619;743;675;326;349;671;73;454;164;348;761;559;65;395;787;59;528;628;569;159;154;532;413;182;328;680;70;53;523;198;560;361
A0A2P5JUT5,30.0,31.52094841003418,Random,0,0.1,80,31.518230438232422,-0.0027179718017578125,0.0027179718017578125,643;429;234;146;108;205;408;246;651;590;224;449;409;81;778;352;796;559;150;113;28;543;646;406;336;334;225;119;754;673;733;387;524;47;236;508;264;588;191;197;639;674;127;514;749;27;775;158;373;360;114;218;790;313;80;152;447;483;525;654;789;722;467;169;519;55;340;375;450;480;298;115;458;322;178;263;318;371;270;713
A0A2P5JUT5,30.0,31.52094841003418,Random,1,0.1,80,31.51961898803711,-0.0013294219970703125,0.0013294219970703125,686;594;648;638;528;208;458;371;21;734;351;417;308;592;563;26;628;91;149;484;124;64;40;715;258;101;244;241;770;295;377;595;741;765;446;539;436;363;466;275;480;674;126;721;509;129;9;398;635;402;757;646;551;723;144;719;506;193;611;306;416;572;24;333;573;199;566;615;38;284;684;650;160;98;152;96;452;405;63;708
A0A2P5JUT5,30.0,31.52094841003418,Random,2,0.1,80,31.510635375976562,-0.010313034057617188,0.010313034057617188,1;703;651;474;78;26;167;549;366;749;309;209;730;195;298;61;745;174;85;681;462;665;224;692;221;530;3;94;150;440;542;700;734;452;797;401;365;226;396;255;722;92;568;656;55;173;687;612;682;764;608;414;538;176;503;260;135;316;539;632;450;710;346;153;707;672;374;294;157;674;633;705;158;341;340;525;4;381;390;244
A0A2P5JUT5,30.0,31.52094841003418,Random,3,0.1,80,31.462472915649414,-0.058475494384765625,0.058475494384765625,548;408;189;726;77;592;667;466;336;219;693;704;421;12;490;703;180;309;252;511;310;575;295;468;370;398;788;20;621;424;52;378;105;764;276;142;30;34;792;133;200;734;292;325;650;699;35;118;523;402;395;565;558;438;790;337;344;97;510;279;91;639;412;741;411;612;288;37;492;458;663;244;405;129;376;571;643;554;580;463
A0A2P5JUT5,30.0,31.52094841003418,Random,4,0.1,80,31.48160171508789,-0.03934669494628906,0.03934669494628906,565;351;214;31;50;652;205;134;744;297;445;673;773;318;649;624;623;333;613;792;480;752;160;376;412;556;356;643;536;538;709;612;769;258;514;756;88;312;116;145;14;320;418;224;220;310;774;72;20;306;53;706;305;718;74;489;635;143;383;171;560;772;150;603;332;630;168;583;532;21;91;330;497;177;13;368;732;450;126;382
Q8EEB0,25.0,31.68183135986328,Top important,0,0.1,36,38.341278076171875,6.659446716308594,6.659446716308594,142;135;198;55;271;268;129;81;341;123;134;146;177;181;64;272;275;116;319;186;300;45;193;35;298;80;170;310;231;330;232;340;216;14;69;175
Q8EEB0,25.0,31.68183135986328,Low important,0,0.1,36,31.68183135986328,0.0,0.0,40;41;76;190;303;215;314;131;147;332;26;201;172;133;71;143;37;249;13;151;241;220;260;197;278;240;132;196;350;51;140;12;109;322;238;179
Q8EEB0,25.0,31.68183135986328,Random,0,0.1,36,31.498493194580078,-0.18333816528320312,0.18333816528320312,207;270;279;309;196;191;38;272;238;329;232;54;37;189;248;128;150;216;34;271;275;96;98;185;311;109;80;241;324;210;295;165;263;93;347;16
Q8EEB0,25.0,31.68183135986328,Random,1,0.1,36,31.788969039916992,0.10713768005371094,0.10713768005371094,175;329;71;127;129;10;9;119;35;16;149;184;279;39;274;311;19;13;169;266;120;111;348;242;316;121;267;211;77;318;194;29;356;308;134;331
Q8EEB0,25.0,31.68183135986328,Random,2,0.1,36,31.97178840637207,0.28995704650878906,0.28995704650878906,82;217;186;1;117;287;305;356;241;9;250;224;233;273;120;334;157;190;306;76;330;160;165;310;282;25;107;220;180;197;11;55;34;70;284;154
Q8EEB0,25.0,31.68183135986328,Random,3,0.1,36,31.672847747802734,-0.008983612060546875,0.008983612060546875,125;76;243;80;279;47;184;291;181;227;18;12;115;308;130;350;172;186;10;9;205;97;6;273;49;16;99;317;282;120;123;330;321;331;72;263
Q8EEB0,25.0,31.68183135986328,Random,4,0.1,36,31.785293579101562,0.10346221923828125,0.10346221923828125,129;40;351;285;3;354;194;261;32;28;41;92;234;242;247;21;230;11;164;128;184;171;329;14;224;207;44;122;35;166;120;136;12;117;119;96
H9NJ52,38.5,41.79796600341797,Top important,0,0.1,54,46.95069122314453,5.1527252197265625,5.1527252197265625,535;138;308;130;196;424;192;249;366;39;301;360;236;304;531;446;79;173;67;29;275;188;515;276;199;111;483;274;339;404;283;220;242;290;499;316;436;227;18;330;373;530;356;50;62;145;317;497;23;119;406;350;256;327
H9NJ52,38.5,41.79796600341797,Low important,0,0.1,54,41.79796600341797,0.0,0.0,152;504;172;2;195;90;474;310;329;441;45;229;303;33;133;491;54;422;237;438;323;300;158;176;247;520;465;519;398;525;193;473;477;118;101;394;235;167;298;201;174;42;503;171;55;533;506;98;425;154;238;361;509;88
H9NJ52,38.5,41.79796600341797,Random,0,0.1,54,41.7160530090332,-0.08191299438476562,0.08191299438476562,186;83;97;196;422;464;376;16;344;370;391;288;160;440;143;201;462;342;463;117;20;486;163;44;234;333;46;416;505;81;202;170;171;139;439;495;264;257;176;267;470;147;491;168;24;159;432;91;325;180;103;383;378;366
H9NJ52,38.5,41.79796600341797,Random,1,0.1,54,41.7820930480957,-0.015872955322265625,0.015872955322265625,397;78;35;356;233;205;390;275;175;333;354;460;74;18;29;389;160;269;430;5;183;341;392;289;433;538;143;257;119;525;144;140;446;412;528;310;101;97;506;167;524;2;192;14;55;502;471;104;345;534;295;504;203;426
H9NJ52,38.5,41.79796600341797,Random,2,0.1,54,43.74550247192383,1.9475364685058594,1.9475364685058594,482;146;390;497;166;131;291;396;180;242;132;450;355;178;52;75;95;1;527;435;138;467;102;506;207;255;226;78;529;535;444;327;524;265;217;203;352;191;350;296;297;33;287;410;356;216;205;183;488;391;101;235;479;346
H9NJ52,38.5,41.79796600341797,Random,3,0.1,54,41.81137466430664,0.013408660888671875,0.013408660888671875,130;66;340;210;457;522;45;241;48;159;361;277;337;167;256;9;139;358;508;106;483;465;327;43;223;363;12;58;359;134;495;70;266;433;15;184;332;334;153;93;192;178;299;171;442;79;113;279;143;432;520;412;222;18
H9NJ52,38.5,41.79796600341797,Random,4,0.1,54,41.77313995361328,-0.0248260498046875,0.0248260498046875,224;202;506;32;13;399;219;190;463;317;514;358;241;283;4;362;312;412;414;76;71;353;141;234;504;116;98;481;325;381;378;57;188;372;198;466;297;135;129;137;290;181;7;465;166;223;128;69;235;159;23;467;424;458
Q59329,30.0,38.35783386230469,Top important,0,0.1,36,40.50944519042969,2.151611328125,2.151611328125,324;222;263;51;291;266;276;33;125;347;312;216;301;337;93;229;114;273;126;285;243;256;212;292;67;78;315;329;54;131;26;290;135;21;282;58
Q59329,30.0,38.35783386230469,Low important,0,0.1,36,38.35783386230469,0.0,0.0,55;117;226;108;36;219;220;136;59;275;116;348;224;132;9;48;342;11;133;270;102;345;221;47;16;228;10;32;184;87;261;14;49;35;188;190
Q59329,30.0,38.35783386230469,Random,0,0.1,36,38.357967376708984,0.000133514404296875,0.000133514404296875,201;87;259;334;23;346;193;39;271;64;82;226;132;270;210;158;243;24;234;262;261;109;96;65;25;7;289;277;157;322;116;66;151;94;76;281
Q59329,30.0,38.35783386230469,Random,1,0.1,36,38.356117248535156,-0.00171661376953125,0.00171661376953125,122;66;18;205;284;351;182;301;30;126;246;46;7;22;61;259;339;172;313;142;68;24;37;307;195;344;48;274;148;163;283;23;52;5;296;10
Q59329,30.0,38.35783386230469,Random,2,0.1,36,38.34257888793945,-0.015254974365234375,0.015254974365234375,208;170;156;237;286;227;49;196;137;213;283;58;228;183;173;24;351;331;123;91;190;95;153;203;260;101;209;341;199;276;245;94;140;272;353;1
Q59329,30.0,38.35783386230469,Random,3,0.1,36,38.388648986816406,0.03081512451171875,0.03081512451171875,77;202;133;16;228;342;45;206;233;310;125;338;192;306;166;8;234;168;218;86;190;193;252;269;3;274;40;196;257;93;247;331;296;20;350;237
Q59329,30.0,38.35783386230469,Random,4,0.1,36,38.504005432128906,0.14617156982421875,0.14617156982421875,313;230;311;314;152;263;162;145;97;41;112;237;138;302;233;77;226;264;288;38;84;56;11;234;15;300;111;270;255;126;35;202;203;78;103;36
Q969A8,37.0,31.973148345947266,Top important,0,0.1,47,33.6321907043457,1.6590423583984375,1.6590423583984375,366;317;449;101;244;132;252;143;438;382;343;27;67;465;34;86;184;16;354;379;47;79;76;419;263;344;54;282;45;459;183;108;271;333;85;283;304;211;118;187;412;53;468;367;408;103;104
Q969A8,37.0,31.973148345947266,Low important,0,0.1,47,31.973148345947266,0.0,0.0,431;246;319;71;169;23;113;310;206;322;235;21;134;170;138;18;311;219;157;65;360;135;120;260;182;346;401;257;227;264;276;251;167;208;265;295;223;163;278;93;287;224;452;83;393;69;84
Q969A8,37.0,31.973148345947266,Random,0,0.1,47,32.00535202026367,0.03220367431640625,0.03220367431640625,390;298;47;162;201;183;53;409;301;240;351;403;102;243;74;161;422;443;35;189;316;32;315;17;387;209;207;449;160;158;70;312;425;399;48;241;55;39;347;334;83;172;229;279;376;278;421
Q969A8,37.0,31.973148345947266,Random,1,0.1,47,31.97793960571289,0.004791259765625,0.004791259765625,378;387;229;440;13;73;69;401;78;166;126;304;459;326;151;124;247;335;205;327;114;382;50;363;294;410;252;91;259;251;109;14;211;130;55;347;105;364;365;374;379;182;409;301;67;165;58
Q969A8,37.0,31.973148345947266,Random,2,0.1,47,31.973169326782227,2.09808349609375e-05,2.09808349609375e-05,207;217;205;450;294;8;376;325;85;455;391;254;353;235;105;437;79;263;2;157;390;377;428;248;201;467;395;408;321;274;374;336;387;186;116;153;423;287;231;20;22;420;24;271;238;329;202
Q969A8,37.0,31.973148345947266,Random,3,0.1,47,31.994035720825195,0.020887374877929688,0.020887374877929688,197;55;244;199;143;260;323;62;387;156;414;444;343;69;390;302;421;185;466;257;190;15;122;465;325;219;102;307;272;282;380;12;269;337;464;60;440;385;424;372;212;467;419;225;298;115;152
Q969A8,37.0,31.973148345947266,Random,4,0.1,47,31.973058700561523,-8.96453857421875e-05,8.96453857421875e-05,87;177;401;383;273;121;75;419;97;364;10;303;308;430;397;112;61;374;231;78;163;43;234;28;107;140;468;122;335;346;319;355;118;450;329;302;452;340;176;38;33;386;223;84;410;292;92
I3QNT0,37.0,36.98406982421875,Top important,0,0.1,17,40.47481155395508,3.490741729736328,3.490741729736328,72;67;49;157;20;84;39;154;140;30;13;110;123;90;38;139;135
I3QNT0,37.0,36.98406982421875,Low important,0,0.1,17,36.98406982421875,0.0,0.0,65;56;105;100;17;44;116;5;138;46;55;25;114;150;58;93;125
I3QNT0,37.0,36.98406982421875,Random,0,0.1,17,37.0072021484375,0.02313232421875,0.02313232421875,20;53;15;42;90;71;26;78;40;44;94;108;129;35;33;46;30
I3QNT0,37.0,36.98406982421875,Random,1,0.1,17,36.981842041015625,-0.002227783203125,0.002227783203125,1;154;126;132;47;46;91;3;131;79;87;6;66;29;18;73;34
I3QNT0,37.0,36.98406982421875,Random,2,0.1,17,36.979835510253906,-0.00423431396484375,0.00423431396484375,161;160;54;19;31;87;59;18;124;51;140;12;97;74;64;67;150
I3QNT0,37.0,36.98406982421875,Random,3,0.1,17,36.994834899902344,0.01076507568359375,0.01076507568359375,131;151;82;40;154;119;84;53;109;85;102;13;139;63;127;17;155
I3QNT0,37.0,36.98406982421875,Random,4,0.1,17,36.983028411865234,-0.001041412353515625,0.001041412353515625,134;30;46;74;40;55;130;57;156;16;13;2;97;10;17;115;42
Q2UPZ7,50.0,33.68265151977539,Top important,0,0.1,50,36.09634780883789,2.4136962890625,2.4136962890625,46;100;166;202;77;385;76;177;310;209;298;288;331;402;123;492;147;391;469;60;466;248;185;143;376;227;418;306;6;284;121;420;59;330;406;323;211;265;441;350;486;241;203;303;255;318;65;231;419;124
Q2UPZ7,50.0,33.68265151977539,Low important,0,0.1,50,33.68265151977539,0.0,0.0,329;200;25;63;490;159;308;184;81;372;359;7;272;102;54;5;22;300;243;13;485;290;271;456;494;305;459;467;128;247;95;348;153;317;436;281;497;465;51;24;411;269;250;268;96;325;234;460;73;277
Q2UPZ7,50.0,33.68265151977539,Random,0,0.1,50,33.68260955810547,-4.1961669921875e-05,4.1961669921875e-05,254;281;474;75;208;454;52;371;312;248;327;126;203;439;296;58;128;351;114;372;468;221;56;44;168;28;464;336;359;477;242;339;381;472;68;215;365;357;378;240;443;124;38;370;97;50;496;311;396;451
Q2UPZ7,50.0,33.68265151977539,Random,1,0.1,50,34.01225280761719,0.3296012878417969,0.3296012878417969,207;443;211;202;367;88;169;116;456;326;29;407;87;37;465;290;234;163;65;99;276;102;340;111;82;439;422;472;35;79;193;351;396;287;115;365;28;323;9;93;147;160;298;152;420;172;302;212;144;273
Q2UPZ7,50.0,33.68265151977539,Random,2,0.1,50,33.403709411621094,-0.2789421081542969,0.2789421081542969,191;66;196;190;163;229;426;8;100;59;489;136;29;372;459;438;297;164;276;45;6;385;403;252;180;84;485;474;470;381;141;324;105;462;177;475;349;370;379;332;243;320;247;309;30;293;118;267;121;104
Q2UPZ7,50.0,33.68265151977539,Random,3,0.1,50,33.68018341064453,-0.002468109130859375,0.002468109130859375,33;302;128;342;420;29;354;147;127;130;348;336;347;51;458;257;134;315;233;344;119;451;470;280;108;203;489;65;62;400;419;422;171;453;455;402;328;121;444;43;367;249;454;225;365;146;316;372;186;240
Q2UPZ7,50.0,33.68265151977539,Random,4,0.1,50,33.69638442993164,0.01373291015625,0.01373291015625,292;495;493;461;225;187;436;77;19;71;340;42;176;117;412;274;254;57;238;185;33;208;142;393;280;459;248;377;409;159;266;217;25;26;309;322;18;244;87;285;358;101;251;20;332;270;265;301;443;78
D7BAR0,42.0,37.42460250854492,Top important,0,0.1,56,40.61357116699219,3.1889686584472656,3.1889686584472656,366;45;555;537;532;48;56;279;13;6;237;538;422;533;207;123;477;272;478;554;516;269;351;289;439;427;219;255;63;361;211;398;283;459;372;15;507;501;490;247;32;498;225;406;451;243;189;229;339;21;371;452;305;254;71;512
D7BAR0,42.0,37.42460250854492,Low important,0,0.1,56,37.42460250854492,0.0,0.0,220;515;407;467;297;346;549;303;307;270;197;53;244;4;149;89;86;104;231;179;392;285;140;304;216;98;108;401;410;334;294;109;271;191;273;298;536;264;142;91;416;316;93;103;192;139;336;299;506;337;134;274;405;462;489;204
D7BAR0,42.0,37.42460250854492,Random,0,0.1,56,37.33835983276367,-0.08624267578125,0.08624267578125,290;451;45;298;103;57;158;407;555;506;317;456;548;288;199;275;458;293;167;549;87;120;304;72;257;370;282;544;80;18;287;524;125;428;510;1;333;166;196;129;511;147;189;309;240;412;182;493;398;123;395;550;272;229;178;283
D7BAR0,42.0,37.42460250854492,Random,1,0.1,56,37.42638397216797,0.001781463623046875,0.001781463623046875,144;316;350;439;435;116;310;478;260;494;490;31;89;239;261;190;23;428;105;102;550;280;159;479;271;70;65;437;553;537;154;48;101;463;7;180;401;369;86;100;359;160;324;493;360;552;32;408;39;538;294;228;168;121;117;178
D7BAR0,42.0,37.42460250854492,Random,2,0.1,56,37.42457580566406,-2.6702880859375e-05,2.6702880859375e-05,20;37;541;307;72;518;521;169;455;473;211;8;179;478;381;528;328;304;65;495;170;86;2;404;395;312;350;370;380;144;344;484;403;347;474;453;247;252;5;191;523;321;139;87;167;152;151;490;422;47;445;460;289;497;552;103
D7BAR0,42.0,37.42460250854492,Random,3,0.1,56,37.43471908569336,0.0101165771484375,0.0101165771484375,342;421;307;135;12;16;204;111;267;35;271;229;97;236;261;206;126;140;554;449;411;268;354;390;403;185;203;201;234;495;72;295;61;532;341;38;394;50;250;110;350;496;364;355;434;430;516;148;398;535;543;469;461;272;226;241
D7BAR0,42.0,37.42460250854492,Random,4,0.1,56,39.403587341308594,1.9789848327636719,1.9789848327636719,554;327;194;175;351;543;133;503;25;143;139;517;18;275;92;123;480;311;193;350;26;319;55;129;63;422;23;224;325;98;163;483;119;534;513;454;332;302;527;73;285;127;93;16;234;4;159;49;109;212;366;243;337;17;415;91
O74634,30.0,32.21775817871094,Top important,0,0.1,58,37.694549560546875,5.4767913818359375,5.4767913818359375,414;344;417;577;462;423;392;497;544;36;206;463;156;399;269;130;37;216;118;139;279;44;50;512;312;503;11;6;311;523;540;288;196;499;128;291;88;530;34;245;229;27;145;394;475;474;393;315;389;518;284;561;76;282;264;78;469;15
O74634,30.0,32.21775817871094,Low important,0,0.1,58,32.21775817871094,0.0,0.0,204;304;28;325;109;487;273;21;261;87;535;244;368;149;338;231;281;75;249;302;283;348;167;252;97;120;362;573;60;187;61;524;470;452;243;105;111;405;342;119;102;276;294;491;520;43;467;511;352;251;303;175;254;228;147;144;525;31
O74634,30.0,32.21775817871094,Random,0,0.1,58,32.23011779785156,0.012359619140625,0.012359619140625,407;478;377;551;338;68;404;78;220;537;526;30;135;58;7;122;96;529;555;401;264;207;258;379;108;245;112;218;36;342;565;50;169;521;252;311;287;199;272;286;339;45;470;115;129;105;454;326;73;336;12;21;461;391;53;435;369;574
O74634,30.0,32.21775817871094,Random,1,0.1,58,32.12429428100586,-0.09346389770507812,0.09346389770507812,219;91;423;80;258;25;220;434;179;566;503;92;321;524;504;83;38;527;318;445;407;316;406;391;255;190;342;412;534;530;441;570;296;73;163;413;23;561;93;34;557;106;125;323;404;402;437;487;48;33;216;68;234;103;113;368;436;172
O74634,30.0,32.21775817871094,Random,2,0.1,58,32.21928787231445,0.001529693603515625,0.001529693603515625,16;191;131;155;461;479;202;558;283;299;511;467;532;351;560;465;538;340;156;551;399;67;316;264;460;272;301;510;34;451;14;142;315;527;227;158;238;146;69;199;547;419;278;90;122;100;141;454;239;300;409;452;139;6;39;523;176;448
O74634,30.0,32.21775817871094,Random,3,0.1,58,32.19285202026367,-0.024906158447265625,0.024906158447265625,274;293;91;229;363;68;38;398;34;233;513;32;54;407;197;195;168;430;178;424;489;196;212;343;246;322;546;464;56;542;519;477;484;47;480;156;278;46;575;478;385;280;132;323;213;490;142;554;501;503;292;524;544;153;163;562;440;297
O74634,30.0,32.21775817871094,Random,4,0.1,58,32.21775436401367,-3.814697265625e-06,3.814697265625e-06,101;283;375;104;509;482;477;40;539;426;557;119;162;137;394;515;254;252;543;381;291;256;225;5;323;385;440;473;480;170;388;465;27;161;547;45;457;565;257;573;237;92;111;59;476;107;407;205;454;429;167;100;116;368;281;568;569;215
A5A4M8,70.0,59.835350036621094,Top important,0,0.1,80,62.23353576660156,2.3981857299804688,2.3981857299804688,75;21;226;231;676;244;170;195;792;662;344;304;579;721;411;212;379;486;705;58;227;139;367;779;1;200;35;390;366;303;661;508;725;150;729;448;485;554;321;527;393;191;406;509;770;495;235;176;207;340;204;685;325;722;221;385;734;356;339;337;761;84;382;782;456;56;33;637;665;469;104;55;460;416;512;156;194;39;626;408
A5A4M8,70.0,59.835350036621094,Low important,0,0.1,80,59.835350036621094,0.0,0.0,198;300;609;773;358;772;555;674;130;553;128;559;522;295;454;444;72;345;354;371;49;683;263;203;652;178;628;667;410;556;552;442;498;673;206;691;357;599;230;308;787;289;47;262;205;590;131;80;352;124;110;132;309;298;611;523;44;8;624;242;117;251;338;190;395;318;296;521;122;348;238;264;237;478;268;591;678;560;634;181
A5A4M8,70.0,59.835350036621094,Random,0,0.1,80,64.03535461425781,4.200004577636719,4.200004577636719,591;193;280;760;581;247;645;39;266;256;357;594;479;535;585;669;146;499;79;334;114;134;484;703;35;656;476;444;3;320;416;187;229;676;755;302;451;417;70;373;175;668;731;159;4;21;370;632;494;231;712;300;635;524;46;139;232;257;125;213;706;207;367;11;576;381;658;91;223;436;630;233;540;75;344;763;95;144;288;443
A5A4M8,70.0,59.835350036621094,Random,1,0.1,80,59.835121154785156,-0.0002288818359375,0.0002288818359375,595;245;549;362;363;61;370;7;716;143;263;625;641;233;219;773;447;310;701;393;377;612;648;125;113;469;356;681;108;514;176;748;26;163;307;235;571;535;357;673;443;72;775;272;633;796;79;760;383;669;65;45;39;548;168;744;335;345;164;256;717;103;481;278;139;112;198;322;798;787;660;25;129;341;288;539;567;740;221;494
A5A4M8,70.0,59.835350036621094,Random,2,0.1,80,59.83798599243164,0.002635955810546875,0.002635955810546875,135;99;588;113;406;757;125;408;539;418;705;783;196;635;236;255;55;754;381;273;628;367;463;662;501;164;420;251;352;246;415;471;252;355;456;695;703;589;131;277;224;305;766;446;546;351;359;432;777;101;568;286;634;293;722;516;615;654;536;232;414;555;550;239;67;518;491;41;747;661;641;431;636;503;162;592;578;632;220;793
A5A4M8,70.0,59.835350036621094,Random,3,0.1,80,59.86003875732422,0.024688720703125,0.024688720703125,134;329;253;172;127;707;387;603;493;687;429;34;376;455;689;352;163;579;381;442;517;129;380;597;656;722;299;106;4;7;58;673;521;445;192;408;161;135;751;522;216;211;749;198;630;85;138;302;113;79;214;415;491;587;782;210;260;716;732;144;793;738;584;338;307;613;341;405;114;719;717;465;792;293;122;534;155;542;430;108
A5A4M8,70.0,59.835350036621094,Random,4,0.1,80,59.790550231933594,-0.0447998046875,0.0447998046875,201;302;476;169;419;89;134;793;65;710;611;48;659;58;113;164;33;194;238;390;67;610;27;344;244;767;317;100;537;110;425;758;645;318;559;487;261;274;185;631;734;497;278;128;435;217;717;636;518;266;384;87;520;279;637;227;410;731;661;621;71;154;670;50;612;776;307;616;545;443;578;41;363;145;542;243;452;273;457;430
A0JC04,51.5,32.872947692871094,Top important,0,0.1,26,37.36724090576172,4.494293212890625,4.494293212890625,200;80;132;105;241;209;99;182;46;6;128;37;43;160;86;165;135;76;87;92;223;249;185;167;48;195
A0JC04,51.5,32.872947692871094,Low important,0,0.1,26,32.872947692871094,0.0,0.0,199;68;36;142;101;103;78;236;186;116;131;79;130;232;95;193;11;229;38;154;153;118;225;246;189;93
A0JC04,51.5,32.872947692871094,Random,0,0.1,26,32.87308883666992,0.000141143798828125,0.000141143798828125,107;21;53;28;6;82;122;89;123;172;36;147;138;137;184;125;225;185;23;206;233;251;254;34;213;163
A0JC04,51.5,32.872947692871094,Random,1,0.1,26,32.872947692871094,0.0,0.0,190;232;83;52;233;59;158;166;27;85;10;173;12;119;8;133;201;44;102;78;126;24;32;16;70;93
A0JC04,51.5,32.872947692871094,Random,2,0.1,26,32.8604736328125,-0.01247406005859375,0.01247406005859375,105;17;155;6;25;178;78;120;201;169;160;127;212;113;187;158;191;31;44;250;135;122;194;7;150;220
A0JC04,51.5,32.872947692871094,Random,3,0.1,26,32.873085021972656,0.0001373291015625,0.0001373291015625,33;117;133;5;74;138;151;9;18;210;127;6;104;217;164;82;100;110;115;245;142;26;153;146;19;199
A0JC04,51.5,32.872947692871094,Random,4,0.1,26,32.83735656738281,-0.03559112548828125,0.03559112548828125,137;210;194;209;41;72;118;95;167;98;172;20;249;201;215;240;50;45;239;206;222;152;105;195;163;237
Q4JQJ3,20.0,30.283283233642578,Top important,0,0.1,14,33.489646911621094,3.2063636779785156,3.2063636779785156,116;65;82;101;76;75;121;127;57;68;83;92;35;17
Q4JQJ3,20.0,30.283283233642578,Low important,0,0.1,14,30.283283233642578,0.0,0.0,47;20;120;108;112;98;64;80;110;107;105;2;109;81
Q4JQJ3,20.0,30.283283233642578,Random,0,0.1,14,30.283281326293945,-1.9073486328125e-06,1.9073486328125e-06,34;81;118;48;114;86;106;67;77;61;98;62;85;74
Q4JQJ3,20.0,30.283283233642578,Random,1,0.1,14,27.34038543701172,-2.9428977966308594,2.9428977966308594,3;134;77;84;23;62;13;2;68;122;59;42;36;116
Q4JQJ3,20.0,30.283283233642578,Random,2,0.1,14,30.283283233642578,0.0,0.0,24;44;7;22;98;85;47;25;102;17;49;133;122;123
Q4JQJ3,20.0,30.283283233642578,Random,3,0.1,14,30.283090591430664,-0.0001926422119140625,0.0001926422119140625,56;68;102;25;74;133;107;45;51;66;16;11;60;48
Q4JQJ3,20.0,30.283283233642578,Random,4,0.1,14,30.283620834350586,0.0003376007080078125,0.0003376007080078125,62;104;83;55;134;9;80;84;34;69;38;93;28;101
Q84GK1,60.0,60.541542053222656,Top important,0,0.1,22,59.34895706176758,-1.1925849914550781,1.1925849914550781,131;215;177;158;214;54;76;63;13;181;188;3;208;86;114;162;41;16;189;17;102;126
Q84GK1,60.0,60.541542053222656,Low important,0,0.1,22,60.541542053222656,0.0,0.0,184;90;212;155;12;172;50;135;80;107;182;122;161;43;150;92;160;175;204;91;93;78
Q84GK1,60.0,60.541542053222656,Random,0,0.1,22,60.54154968261719,7.62939453125e-06,7.62939453125e-06,31;52;94;193;81;47;53;199;147;195;34;154;132;38;69;23;114;211;170;213;71;160
Q84GK1,60.0,60.541542053222656,Random,1,0.1,22,60.54154968261719,7.62939453125e-06,7.62939453125e-06,163;159;36;168;31;166;100;145;122;51;23;21;190;142;75;69;112;49;144;140;151;115
Q84GK1,60.0,60.541542053222656,Random,2,0.1,22,60.54182815551758,0.000286102294921875,0.000286102294921875,87;9;55;44;19;67;54;150;185;126;128;124;159;129;191;138;140;201;63;194;22;84
Q84GK1,60.0,60.541542053222656,Random,3,0.1,22,60.54154968261719,7.62939453125e-06,7.62939453125e-06,26;70;115;3;202;112;111;106;4;169;84;20;143;122;133;191;210;33;179;102;194;87
Q84GK1,60.0,60.541542053222656,Random,4,0.1,22,60.541542053222656,0.0,0.0,134;23;50;93;204;203;152;42;62;130;87;190;150;112;163;123;172;167;192;98;74;96
A0A0K2GVV7,40.0,40.5280647277832,Top important,0,0.1,42,47.75062942504883,7.222564697265625,7.222564697265625,381;333;132;389;205;183;292;259;244;258;48;329;316;72;174;196;354;150;83;398;344;253;186;13;12;98;166;392;123;248;78;268;233;305;350;108;211;388;279;310;71;372
A0A0K2GVV7,40.0,40.5280647277832,Low important,0,0.1,42,40.5280647277832,0.0,0.0,218;187;402;5;378;128;164;35;407;366;8;231;371;23;194;265;228;405;386;314;107;336;291;357;275;199;246;294;207;33;146;261;321;97;158;284;167;159;64;286;363;264
A0A0K2GVV7,40.0,40.5280647277832,Random,0,0.1,42,40.538719177246094,0.010654449462890625,0.010654449462890625,161;134;191;348;71;363;82;325;412;388;149;169;327;129;113;213;53;1;171;8;124;193;205;312;369;202;162;15;413;353;251;356;80;105;203;25;60;276;69;343;310;288
A0A0K2GVV7,40.0,40.5280647277832,Random,1,0.1,42,40.509979248046875,-0.018085479736328125,0.018085479736328125,348;96;23;259;368;15;367;385;337;58;189;140;256;156;110;225;68;404;3;335;111;349;268;257;400;394;372;298;212;358;69;56;89;32;287;179;198;152;312;206;246;220
A0A0K2GVV7,40.0,40.5280647277832,Random,2,0.1,42,40.52431869506836,-0.00374603271484375,0.00374603271484375,338;400;318;53;324;56;80;153;367;299;52;309;181;404;346;91;20;147;320;118;174;245;162;305;138;298;145;380;180;37;384;3;254;279;221;271;358;130;51;185;90;9
A0A0K2GVV7,40.0,40.5280647277832,Random,3,0.1,42,40.44110870361328,-0.08695602416992188,0.08695602416992188,64;181;158;265;412;152;248;120;292;76;253;206;144;215;110;357;209;12;34;168;73;368;340;304;140;65;128;184;141;105;72;27;48;136;346;139;23;24;54;69;166;300
A0A0K2GVV7,40.0,40.5280647277832,Random,4,0.1,42,40.35700988769531,-0.17105484008789062,0.17105484008789062,348;75;187;240;178;283;321;389;395;103;107;9;35;352;39;21;376;55;319;233;274;316;51;167;313;48;393;299;100;221;330;362;139;344;134;382;94;329;265;200;121;34
Q6PY95,30.0,32.43386459350586,Top important,0,0.1,80,35.889930725097656,3.456066131591797,3.456066131591797,683;652;262;386;775;596;380;181;102;65;168;427;12;538;149;96;280;397;255;385;401;712;708;731;53;635;412;482;432;724;753;30;67;338;705;716;194;563;35;445;528;374;201;347;685;601;34;544;411;46;743;297;709;619;75;29;306;695;393;631;344;26;699;520;134;672;152;253;491;543;329;331;363;793;640;328;403;530;459;448
Q6PY95,30.0,32.43386459350586,Low important,0,0.1,80,32.43386459350586,0.0,0.0,298;357;589;611;182;598;650;91;119;550;246;103;651;633;41;71;157;154;701;309;655;545;84;333;426;285;603;161;340;504;314;662;549;209;569;312;537;22;160;199;396;587;325;703;502;336;337;68;768;399;638;778;645;123;215;346;678;693;766;251;465;204;523;791;183;533;58;85;332;759;572;429;345;609;610;723;224;519;682;792
Q6PY95,30.0,32.43386459350586,Random,0,0.1,80,32.43970489501953,0.005840301513671875,0.005840301513671875,645;204;533;112;193;749;524;249;691;74;688;289;754;368;639;476;184;532;299;404;114;221;380;340;778;253;747;379;8;456;147;1;393;587;115;434;756;441;171;627;102;600;591;556;134;279;766;200;269;792;465;311;75;474;23;538;12;776;433;552;425;327;616;336;53;662;370;685;7;224;777;245;757;711;293;113;323;498;344;181
Q6PY95,30.0,32.43386459350586,Random,1,0.1,80,32.4430046081543,0.0091400146484375,0.0091400146484375,493;430;309;42;575;401;186;237;234;511;770;750;318;645;747;518;507;63;282;473;563;256;526;215;154;122;441;611;408;738;697;332;783;83;349;297;207;594;109;414;501;663;699;457;263;582;34;576;301;412;41;584;217;179;175;722;548;730;640;680;146;540;554;499;378;163;445;596;178;227;485;690;415;751;698;616;609;82;716;782
Q6PY95,30.0,32.43386459350586,Random,2,0.1,80,32.433631896972656,-0.000232696533203125,0.000232696533203125,633;551;135;67;93;521;301;569;409;437;289;739;231;151;38;18;656;222;593;45;605;174;159;486;766;54;36;540;530;109;307;421;382;11;405;342;266;152;204;170;677;628;399;724;256;648;627;589;438;448;194;357;793;428;571;370;594;435;412;245;798;723;757;761;95;477;751;234;72;464;291;50;623;3;542;492;352;141;365;609
Q6PY95,30.0,32.43386459350586,Random,3,0.1,80,32.343650817871094,-0.09021377563476562,0.09021377563476562,50;231;565;643;740;724;424;72;499;631;678;371;91;546;41;100;326;361;693;521;408;312;707;118;524;161;675;251;274;540;684;493;153;212;225;664;559;190;654;262;767;410;483;797;319;183;774;276;484;771;290;367;133;375;676;588;580;613;482;386;426;98;490;80;578;211;519;532;575;529;791;156;346;617;398;783;798;682;745;785
Q6PY95,30.0,32.43386459350586,Random,4,0.1,80,32.35807418823242,-0.0757904052734375,0.0757904052734375,183;185;235;795;432;129;271;195;202;328;669;705;459;246;456;325;124;586;468;506;304;611;490;641;293;67;197;536;381;703;355;386;1;16;277;417;612;725;782;657;296;333;114;476;553;301;258;561;314;188;757;71;360;639;634;715;219;428;19;113;318;189;44;673;196;17;366;306;74;209;776;68;471;562;326;38;466;458;3;564
P95928,80.0,77.549072265625,Top important,0,0.1,79,81.7716064453125,4.2225341796875,4.2225341796875,194;694;404;460;23;720;3;74;182;753;52;643;736;473;775;518;741;537;644;612;724;361;535;748;127;544;578;98;350;233;134;447;50;21;308;221;733;370;457;604;304;45;146;749;240;412;658;584;291;785;421;630;751;102;690;358;689;277;772;91;174;716;663;374;348;572;514;338;523;366;533;438;611;682;773;66;287;207;531
P95928,80.0,77.549072265625,Low important,0,0.1,79,77.549072265625,0.0,0.0,696;200;365;293;614;271;138;670;527;246;114;411;139;456;638;349;321;244;356;29;116;640;187;429;431;499;510;172;542;631;551;378;701;62;75;688;284;354;391;93;107;759;232;334;488;267;101;58;336;715;100;191;723;493;120;38;12;602;458;160;290;132;476;117;230;554;63;158;352;178;235;413;491;629;298;141;219;299;192
P95928,80.0,77.549072265625,Random,0,0.1,79,77.54615020751953,-0.00292205810546875,0.00292205810546875,164;526;124;423;354;300;220;147;350;42;602;450;163;630;152;488;586;215;301;357;335;556;505;507;280;287;567;47;704;470;754;712;395;557;195;168;260;197;314;626;319;397;210;711;97;659;603;269;546;719;306;598;129;525;736;543;601;752;541;342;373;130;256;438;120;656;93;544;17;322;365;294;233;594;753;59;166;600;721
P95928,80.0,77.549072265625,Random,1,0.1,79,77.54676055908203,-0.00231170654296875,0.00231170654296875,109;267;247;382;53;192;21;401;602;617;502;434;11;136;309;716;20;133;680;732;52;468;504;528;751;90;324;543;669;470;225;150;600;55;10;544;329;299;718;517;607;288;767;378;321;605;445;377;729;446;336;24;545;650;50;730;768;514;142;108;591;500;107;411;231;295;319;279;134;85;211;627;426;473;335;747;163;291;681
P95928,80.0,77.549072265625,Random,2,0.1,79,77.4741439819336,-0.07492828369140625,0.07492828369140625,71;347;267;117;613;126;521;628;674;744;473;234;697;492;605;67;352;403;423;360;582;210;708;354;5;580;319;13;34;379;18;484;485;680;31;260;650;217;245;629;232;356;539;376;541;258;289;528;298;380;28;334;339;418;685;100;654;357;303;373;487;246;112;243;681;182;374;346;740;702;254;472;433;189;222;550;216;743;30
P95928,80.0,77.549072265625,Random,3,0.1,79,77.57608032226562,0.027008056640625,0.027008056640625,597;211;154;324;572;99;519;249;53;285;205;305;686;670;326;721;64;637;180;415;689;664;373;91;316;9;278;376;70;168;33;308;309;500;347;560;749;571;366;300;189;684;186;198;294;170;723;304;430;748;644;395;420;443;159;234;451;655;419;697;640;512;191;47;306;230;372;772;50;447;340;201;338;90;93;457;333;111;720
P95928,80.0,77.549072265625,Random,4,0.1,79,77.10794067382812,-0.441131591796875,0.441131591796875,415;382;70;121;560;571;363;615;779;611;682;204;410;247;670;9;249;282;554;723;223;456;406;576;497;660;404;260;616;375;305;258;661;633;49;667;729;113;443;273;75;371;622;473;269;673;555;649;117;476;537;696;602;501;372;235;159;612;677;59;509;703;774;762;374;409;342;496;263;521;718;301;460;217;28;127;678;643;546
