Filename,Avg_pLDDT,Rating
A0A545BBR2.pdb,0.99,Excellent (极好)
Q4AE87.pdb,0.99,Excellent (极好)
Q0KEY8.pdb,0.99,Excellent (极好)
Q7WY77.pdb,0.98,Excellent (极好)
Q9A1H8.pdb,0.98,Excellent (极好)
P00943.pdb,0.98,Excellent (极好)
P77834.pdb,0.98,Excellent (极好)
A0A1E1FFN6.pdb,0.98,Excellent (极好)
A5F5Y7.pdb,0.98,Excellent (极好)
C0LSK9.pdb,0.98,Excellent (极好)
Q0K080.pdb,0.98,Excellent (极好)
Q8NRR8.pdb,0.98,Excellent (极好)
Q92Y75.pdb,0.98,Excellent (极好)
Q5FTU6.pdb,0.98,Excellent (极好)
P75876.pdb,0.98,Excellent (极好)
P00939.pdb,0.98,Excellent (极好)
Q07412.pdb,0.98,Excellent (极好)
P73335.pdb,0.98,Excellent (极好)
P12282.pdb,0.98,Excellent (极好)
Q5JIA9.pdb,0.98,Excellent (极好)
O35000.pdb,0.98,Excellent (极好)
Q608T2.pdb,0.98,Excellent (极好)
A0A150QXP6.pdb,0.98,Excellent (极好)
Q8DRB3.pdb,0.98,Excellent (极好)
Q2FYG6.pdb,0.98,Excellent (极好)
Q9YG89.pdb,0.98,Excellent (极好)
P00942.pdb,0.98,Excellent (极好)
P9WG43.pdb,0.98,Excellent (极好)
P60174.pdb,0.98,Excellent (极好)
P44862.pdb,0.98,Excellent (极好)
Q66CJ2.pdb,0.98,Excellent (极好)
E1V4Y1.pdb,0.98,Excellent (极好)
D4GYH5.pdb,0.98,Excellent (极好)
J9Q529.pdb,0.98,Excellent (极好)
P23883.pdb,0.98,Excellent (极好)
Q8NMB0.pdb,0.98,Excellent (极好)
P12653.pdb,0.98,Excellent (极好)
I3E3X0.pdb,0.98,Excellent (极好)
Q8KY51.pdb,0.98,Excellent (极好)
A0QY48.pdb,0.98,Excellent (极好)
Q07296.pdb,0.98,Excellent (极好)
A0A0E3JXD9.pdb,0.98,Excellent (极好)
Q9AGZ4.pdb,0.98,Excellent (极好)
P36186.pdb,0.98,Excellent (极好)
p37564.pdb,0.98,Excellent (极好)
B1XMM6.pdb,0.98,Excellent (极好)
Q5LI17.pdb,0.98,Excellent (极好)
P12047.pdb,0.98,Excellent (极好)
P71018.pdb,0.98,Excellent (极好)
Q9HH76.pdb,0.98,Excellent (极好)
Q6KZI8.pdb,0.98,Excellent (极好)
Q9HQQ9.pdb,0.98,Excellent (极好)
Q48296.pdb,0.98,Excellent (极好)
P95001.pdb,0.98,Excellent (极好)
Q31QF3.pdb,0.98,Excellent (极好)
A2BLE9.pdb,0.98,Excellent (极好)
A0A127F985.pdb,0.98,Excellent (极好)
B0NAQ4.pdb,0.98,Excellent (极好)
A0QYR0.pdb,0.98,Excellent (极好)
Q01655.pdb,0.98,Excellent (极好)
Q9Y8Y1.pdb,0.98,Excellent (极好)
P0C6E0.pdb,0.98,Excellent (极好)
Q2HQR7.pdb,0.98,Excellent (极好)
B8YAC8.pdb,0.98,Excellent (极好)
O02611.pdb,0.98,Excellent (极好)
Q48949.pdb,0.98,Excellent (极好)
Q8EZA6.pdb,0.98,Excellent (极好)
P04789.pdb,0.98,Excellent (极好)
I3DTP3.pdb,0.98,Excellent (极好)
A0A0K2E5X6.pdb,0.98,Excellent (极好)
P80092.pdb,0.98,Excellent (极好)
Q3IG38.pdb,0.98,Excellent (极好)
Q6QHI7.pdb,0.98,Excellent (极好)
A0A2X2Y2S3.pdb,0.98,Excellent (极好)
A0A2Z4MEX9.pdb,0.98,Excellent (极好)
N0DT23.pdb,0.98,Excellent (极好)
C4LTT0.pdb,0.98,Excellent (极好)
Q7NAQ4.pdb,0.98,Excellent (极好)
C5AQP6.pdb,0.98,Excellent (极好)
A4IP64.pdb,0.98,Excellent (极好)
B6RB00.pdb,0.98,Excellent (极好)
Q97YM2.pdb,0.98,Excellent (极好)
P9WNW9.pdb,0.98,Excellent (极好)
Q84F26.pdb,0.98,Excellent (极好)
Q0TPD4.pdb,0.98,Excellent (极好)
C4M2I2.pdb,0.98,Excellent (极好)
P54495.pdb,0.98,Excellent (极好)
P44430.pdb,0.98,Excellent (极好)
C7FDI4.pdb,0.98,Excellent (极好)
Q16MV7.pdb,0.98,Excellent (极好)
Q6L2R8.pdb,0.98,Excellent (极好)
Q54HH2.pdb,0.98,Excellent (极好)
Q9RBF6.pdb,0.98,Excellent (极好)
A5N930.pdb,0.98,Excellent (极好)
A0A5Q8BPF5.pdb,0.98,Excellent (极好)
P13956.pdb,0.98,Excellent (极好)
Q2PGG3.pdb,0.98,Excellent (极好)
A7EQQ8.pdb,0.98,Excellent (极好)
P48499.pdb,0.98,Excellent (极好)
Q8EQR8.pdb,0.98,Excellent (极好)
A5IL00.pdb,0.98,Excellent (极好)
Q9RZM4.pdb,0.98,Excellent (极好)
Q88AH6.pdb,0.98,Excellent (极好)
H9B8T5.pdb,0.98,Excellent (极好)
P42963.pdb,0.98,Excellent (极好)
P24186.pdb,0.98,Excellent (极好)
G2IKV5.pdb,0.98,Excellent (极好)
C7NMH3.pdb,0.98,Excellent (极好)
P54471.pdb,0.98,Excellent (极好)
A5U5Q2.pdb,0.98,Excellent (极好)
P52270.pdb,0.98,Excellent (极好)
P50455.pdb,0.97,Excellent (极好)
A0A3E2N0G4.pdb,0.97,Excellent (极好)
S4VCH4.pdb,0.97,Excellent (极好)
A0A0H4SN47.pdb,0.97,Excellent (极好)
B6RB02.pdb,0.97,Excellent (极好)
O28597.pdb,0.97,Excellent (极好)
A0A4Q0VE60.pdb,0.97,Excellent (极好)
Q88JR7.pdb,0.97,Excellent (极好)
B8RCD3.pdb,0.97,Excellent (极好)
P77945.pdb,0.97,Excellent (极好)
Q5R082.pdb,0.97,Excellent (极好)
A0NIJ1.pdb,0.97,Excellent (极好)
Q9K3S8.pdb,0.97,Excellent (极好)
P94556.pdb,0.97,Excellent (极好)
Q9KJG6.pdb,0.97,Excellent (极好)
Q4X1A4.pdb,0.97,Excellent (极好)
A0A0J9X1M8.pdb,0.97,Excellent (极好)
Q9UWP2.pdb,0.97,Excellent (极好)
B6RB01.pdb,0.97,Excellent (极好)
F2RM17.pdb,0.97,Excellent (极好)
D2Z027.pdb,0.97,Excellent (极好)
Q88PD0.pdb,0.97,Excellent (极好)
A5F1V0.pdb,0.97,Excellent (极好)
D2Z026.pdb,0.97,Excellent (极好)
O30538.pdb,0.97,Excellent (极好)
O73939.pdb,0.97,Excellent (极好)
Q6GHH5.pdb,0.97,Excellent (极好)
A2BJU2.pdb,0.97,Excellent (极好)
D4GR05.pdb,0.97,Excellent (极好)
Q2FV22.pdb,0.97,Excellent (极好)
Q2HQS1.pdb,0.97,Excellent (极好)
Q8KQK1.pdb,0.97,Excellent (极好)
Q9HLQ2.pdb,0.97,Excellent (极好)
P00352.pdb,0.97,Excellent (极好)
A0A1B1L2T7.pdb,0.97,Excellent (极好)
Q4AAK4.pdb,0.97,Excellent (极好)
Q9FAB1.pdb,0.97,Excellent (极好)
Q7BPX6.pdb,0.97,Excellent (极好)
D0UD38.pdb,0.97,Excellent (极好)
P39135.pdb,0.97,Excellent (极好)
Q28SA7.pdb,0.97,Excellent (极好)
P39464.pdb,0.97,Excellent (极好)
Q9L4P8.pdb,0.97,Excellent (极好)
A0SHR2.pdb,0.97,Excellent (极好)
Q2HQR8.pdb,0.97,Excellent (极好)
Q9YE01.pdb,0.97,Excellent (极好)
E3WF08.pdb,0.97,Excellent (极好)
A7PQW3.pdb,0.97,Excellent (极好)
C4IEM5.pdb,0.97,Excellent (极好)
Q84X96.pdb,0.97,Excellent (极好)
O29057.pdb,0.97,Excellent (极好)
F8GNE5.pdb,0.97,Excellent (极好)
C4MB67.pdb,0.97,Excellent (极好)
Q9RXX6.pdb,0.97,Excellent (极好)
Q9X1X7.pdb,0.97,Excellent (极好)
Q8T0W7.pdb,0.97,Excellent (极好)
Q5SIM4.pdb,0.97,Excellent (极好)
Q2HQS4.pdb,0.97,Excellent (极好)
Q53EH2.pdb,0.97,Excellent (极好)
Q8KG69.pdb,0.97,Excellent (极好)
Q57757.pdb,0.97,Excellent (极好)
A0A0R1RJ30.pdb,0.97,Excellent (极好)
Q9YBS3.pdb,0.97,Excellent (极好)
Q97XA5.pdb,0.97,Excellent (极好)
Q7XSN8.pdb,0.97,Excellent (极好)
Q9A1B7.pdb,0.97,Excellent (极好)
E0XN39.pdb,0.97,Excellent (极好)
A3MV85.pdb,0.97,Excellent (极好)
P0ACV2.pdb,0.97,Excellent (极好)
Q9HZK1.pdb,0.97,Excellent (极好)
A0A1C8M582.pdb,0.97,Excellent (极好)
P53228.pdb,0.97,Excellent (极好)
P0AGL7.pdb,0.97,Excellent (极好)
V9SCJ1.pdb,0.97,Excellent (极好)
Q9UXF5.pdb,0.97,Excellent (极好)
Q8TZJ1.pdb,0.97,Excellent (极好)
A0A191T893.pdb,0.97,Excellent (极好)
A5HKK6.pdb,0.97,Excellent (极好)
Q5FT75.pdb,0.97,Excellent (极好)
Q9WZ31.pdb,0.97,Excellent (极好)
Q9S1M6.pdb,0.97,Excellent (极好)
O31668.pdb,0.97,Excellent (极好)
P66032.pdb,0.97,Excellent (极好)
C1I208.pdb,0.97,Excellent (极好)
Q2HQR5.pdb,0.97,Excellent (极好)
D2Z030.pdb,0.97,Excellent (极好)
B8QU18.pdb,0.97,Excellent (极好)
A0A191T887.pdb,0.97,Excellent (极好)
B3TM67.pdb,0.97,Excellent (极好)
A0A087INM7.pdb,0.97,Excellent (极好)
J7G4R4.pdb,0.97,Excellent (极好)
A4YG49.pdb,0.97,Excellent (极好)
Q84X95.pdb,0.97,Excellent (极好)
Q25BW5.pdb,0.97,Excellent (极好)
Q0P8U5.pdb,0.97,Excellent (极好)
Q9PPX6.pdb,0.97,Excellent (极好)
Q8NT99.pdb,0.97,Excellent (极好)
Q831B2.pdb,0.97,Excellent (极好)
P23522.pdb,0.97,Excellent (极好)
F5Z5S7.pdb,0.97,Excellent (极好)
H1ZV38.pdb,0.97,Excellent (极好)
Q58829.pdb,0.97,Excellent (极好)
Q9UI42.pdb,0.97,Excellent (极好)
Q72ID4.pdb,0.97,Excellent (极好)
A5HUN0.pdb,0.97,Excellent (极好)
Q980T5.pdb,0.97,Excellent (极好)
A3MSR0.pdb,0.97,Excellent (极好)
A0A1Y2HEJ3.pdb,0.97,Excellent (极好)
Q8W405.pdb,0.97,Excellent (极好)
I3DTP7.pdb,0.97,Excellent (极好)
Q3MUP2.pdb,0.97,Excellent (极好)
Q5FTR3.pdb,0.97,Excellent (极好)
P50317.pdb,0.97,Excellent (极好)
Q2HQR6.pdb,0.97,Excellent (极好)
P50384.pdb,0.97,Excellent (极好)
I3DVX6.pdb,0.97,Excellent (极好)
Q8DPI4.pdb,0.97,Excellent (极好)
Q0CFW4.pdb,0.97,Excellent (极好)
Q9F5K6.pdb,0.97,Excellent (极好)
C0BWQ2.pdb,0.97,Excellent (极好)
Q842E2.pdb,0.97,Excellent (极好)
O32054.pdb,0.97,Excellent (极好)
P9WQ75.pdb,0.97,Excellent (极好)
P0ACV0.pdb,0.97,Excellent (极好)
B6ECN9.pdb,0.97,Excellent (极好)
Q974L0.pdb,0.97,Excellent (极好)
P73906.pdb,0.97,Excellent (极好)
Q5HG25.pdb,0.97,Excellent (极好)
Q02RL6.pdb,0.97,Excellent (极好)
K7NB71.pdb,0.97,Excellent (极好)
P16897.pdb,0.97,Excellent (极好)
Q2HQR3.pdb,0.97,Excellent (极好)
B1KDE7.pdb,0.97,Excellent (极好)
Q84FR6.pdb,0.97,Excellent (极好)
Q6EM45.pdb,0.97,Excellent (极好)
G3LGQ3.pdb,0.97,Excellent (极好)
Q6EM42.pdb,0.97,Excellent (极好)
A0SZU9.pdb,0.97,Excellent (极好)
Q03BU2.pdb,0.97,Excellent (极好)
P21395.pdb,0.97,Excellent (极好)
Q7MAW0.pdb,0.97,Excellent (极好)
D4GV57.pdb,0.97,Excellent (极好)
Q07993.pdb,0.97,Excellent (极好)
P0A7J0.pdb,0.97,Excellent (极好)
Q9JHW9.pdb,0.97,Excellent (极好)
P0A6S7.pdb,0.97,Excellent (极好)
E7FUC9.pdb,0.97,Excellent (极好)
I3DX19.pdb,0.97,Excellent (极好)
Q79EM7.pdb,0.97,Excellent (极好)
Q84G06.pdb,0.97,Excellent (极好)
O66753.pdb,0.97,Excellent (极好)
P0A0A5.pdb,0.97,Excellent (极好)
H9BQR7.pdb,0.97,Excellent (极好)
Q5EFR9.pdb,0.97,Excellent (极好)
A8YBP8.pdb,0.97,Excellent (极好)
Q5SKR5.pdb,0.97,Excellent (极好)
B4U9T7.pdb,0.97,Excellent (极好)
Q7TNT2.pdb,0.97,Excellent (极好)
G8UQI0.pdb,0.97,Excellent (极好)
A0A3M7JTD4.pdb,0.97,Excellent (极好)
Q97VW1.pdb,0.97,Excellent (极好)
L8B2H6.pdb,0.97,Excellent (极好)
A5U6Y7.pdb,0.97,Excellent (极好)
Q9UWR6.pdb,0.97,Excellent (极好)
Q2HQR9.pdb,0.97,Excellent (极好)
G4RPF4.pdb,0.97,Excellent (极好)
Q922J9.pdb,0.97,Excellent (极好)
Q8ZPI3.pdb,0.97,Excellent (极好)
P07639.pdb,0.97,Excellent (极好)
F2X2F9.pdb,0.97,Excellent (极好)
Q4A6S8.pdb,0.97,Excellent (极好)
L8BT48.pdb,0.97,Excellent (极好)
P29848.pdb,0.97,Excellent (极好)
A0A0I9QGZ2.pdb,0.97,Excellent (极好)
Q81ZH5.pdb,0.97,Excellent (极好)
O00095.pdb,0.97,Excellent (极好)
Q81PT0.pdb,0.97,Excellent (极好)
Q9LE33.pdb,0.97,Excellent (极好)
A0A2P1G7E2.pdb,0.97,Excellent (极好)
Q9X5T6.pdb,0.97,Excellent (极好)
F0QW25.pdb,0.97,Excellent (极好)
Q2HQR4.pdb,0.97,Excellent (极好)
K7QTY9.pdb,0.97,Excellent (极好)
Q9NXJ5.pdb,0.97,Excellent (极好)
Q9NB30.pdb,0.97,Excellent (极好)
Q8VWZ1.pdb,0.97,Excellent (极好)
Q97WI2.pdb,0.97,Excellent (极好)
Q2HNY9.pdb,0.97,Excellent (极好)
A0A087IPJ7.pdb,0.97,Excellent (极好)
G4T0C7.pdb,0.97,Excellent (极好)
D3EIG6.pdb,0.97,Excellent (极好)
G3INC5.pdb,0.97,Excellent (极好)
P97030.pdb,0.97,Excellent (极好)
A0A1S5WII4.pdb,0.97,Excellent (极好)
E6TUA8.pdb,0.97,Excellent (极好)
Q8A711.pdb,0.97,Excellent (极好)
O82827.pdb,0.97,Excellent (极好)
A0A0G2YFI9.pdb,0.97,Excellent (极好)
A0A0H2XGF2.pdb,0.97,Excellent (极好)
Q8REE6.pdb,0.97,Excellent (极好)
P00330.pdb,0.97,Excellent (极好)
Q9YFT9.pdb,0.97,Excellent (极好)
Q6KAV2.pdb,0.97,Excellent (极好)
Q5NU42.pdb,0.97,Excellent (极好)
Q9CA90.pdb,0.97,Excellent (极好)
Q9LRR9.pdb,0.97,Excellent (极好)
Q6ARU5.pdb,0.97,Excellent (极好)
Q9XCL6.pdb,0.97,Excellent (极好)
Q13VI0.pdb,0.97,Excellent (极好)
Q88M11.pdb,0.97,Excellent (极好)
Q846U5.pdb,0.97,Excellent (极好)
Q9UY84.pdb,0.97,Excellent (极好)
G1C2I2.pdb,0.97,Excellent (极好)
B1B533.pdb,0.97,Excellent (极好)
P55984.pdb,0.97,Excellent (极好)
F6IQ86.pdb,0.97,Excellent (极好)
F7YXD6.pdb,0.97,Excellent (极好)
Q5P5I4.pdb,0.97,Excellent (极好)
E9NR87.pdb,0.97,Excellent (极好)
Q9I4W3.pdb,0.97,Excellent (极好)
A0A482F152.pdb,0.97,Excellent (极好)
Q7M0R2.pdb,0.97,Excellent (极好)
Q16MV5.pdb,0.97,Excellent (极好)
Q2FZP6.pdb,0.97,Excellent (极好)
Q8RBI5.pdb,0.97,Excellent (极好)
O27726.pdb,0.97,Excellent (极好)
Q7LXP6.pdb,0.97,Excellent (极好)
P37251.pdb,0.97,Excellent (极好)
D9MWM7.pdb,0.97,Excellent (极好)
V4GH04.pdb,0.97,Excellent (极好)
Q7WT44.pdb,0.97,Excellent (极好)
P46273.pdb,0.97,Excellent (极好)
Q53389.pdb,0.97,Excellent (极好)
Q9KZL6.pdb,0.97,Excellent (极好)
H6LBS1.pdb,0.97,Excellent (极好)
B3XZI5.pdb,0.97,Excellent (极好)
Q877I0.pdb,0.97,Excellent (极好)
Q9HXE9.pdb,0.97,Excellent (极好)
A0A178WMD4.pdb,0.97,Excellent (极好)
C0STY1.pdb,0.97,Excellent (极好)
S6AGL5.pdb,0.97,Excellent (极好)
Q9HIA4.pdb,0.97,Excellent (极好)
M1T754.pdb,0.97,Excellent (极好)
P10442.pdb,0.97,Excellent (极好)
P45395.pdb,0.97,Excellent (极好)
O30640.pdb,0.97,Excellent (极好)
Q6GEY3.pdb,0.97,Excellent (极好)
Q9P6I7.pdb,0.97,Excellent (极好)
A1RX09.pdb,0.97,Excellent (极好)
A0A0H2Z9F1.pdb,0.97,Excellent (极好)
G3LUK8.pdb,0.97,Excellent (极好)
Q9D110.pdb,0.97,Excellent (极好)
Q15125.pdb,0.97,Excellent (极好)
Q9H5J4.pdb,0.97,Excellent (极好)
P60495.pdb,0.97,Excellent (极好)
A6MN06.pdb,0.97,Excellent (极好)
A0A0H2ZHZ0.pdb,0.97,Excellent (极好)
Q8J0K8.pdb,0.97,Excellent (极好)
C6KEM4.pdb,0.97,Excellent (极好)
Q7LXU6.pdb,0.97,Excellent (极好)
A0A023I760.pdb,0.97,Excellent (极好)
D3JV05.pdb,0.97,Excellent (极好)
L0N6Q8.pdb,0.97,Excellent (极好)
Q0PC50.pdb,0.97,Excellent (极好)
D2QDA5.pdb,0.97,Excellent (极好)
A0A1U8QU02.pdb,0.97,Excellent (极好)
Q8MPF2.pdb,0.97,Excellent (极好)
A0SPA8.pdb,0.97,Excellent (极好)
A0A386YJ14.pdb,0.97,Excellent (极好)
Q9HTJ1.pdb,0.97,Excellent (极好)
Q10657.pdb,0.97,Excellent (极好)
P9WHS9.pdb,0.97,Excellent (极好)
P0DOW0.pdb,0.97,Excellent (极好)
Q8L1Z5.pdb,0.97,Excellent (极好)
C5I9X1.pdb,0.97,Excellent (极好)
F1MTF4.pdb,0.97,Excellent (极好)
O60760.pdb,0.97,Excellent (极好)
Q9BLD2.pdb,0.97,Excellent (极好)
A0A1B1KJ01.pdb,0.97,Excellent (极好)
Q2HQS0.pdb,0.97,Excellent (极好)
A0R3C8.pdb,0.97,Excellent (极好)
O82832.pdb,0.97,Excellent (极好)
B1HX72.pdb,0.97,Excellent (极好)
P30125.pdb,0.97,Excellent (极好)
P45261.pdb,0.97,Excellent (极好)
P50921.pdb,0.97,Excellent (极好)
P9WPX9.pdb,0.97,Excellent (极好)
A6UWA0.pdb,0.97,Excellent (极好)
D5HN83.pdb,0.97,Excellent (极好)
U5ILS4.pdb,0.97,Excellent (极好)
Q980S1.pdb,0.97,Excellent (极好)
O35186.pdb,0.97,Excellent (极好)
Q9X1N5.pdb,0.97,Excellent (极好)
C8WJW0.pdb,0.97,Excellent (极好)
A4HPM6.pdb,0.97,Excellent (极好)
A0A090IMH4.pdb,0.97,Excellent (极好)
P39644.pdb,0.97,Excellent (极好)
Q9XGY7.pdb,0.97,Excellent (极好)
P95128.pdb,0.96,Excellent (极好)
Q9UJM8.pdb,0.96,Excellent (极好)
B5IEU6.pdb,0.96,Excellent (极好)
P83654.pdb,0.96,Excellent (极好)
O07683.pdb,0.96,Excellent (极好)
P62593.pdb,0.96,Excellent (极好)
O31611.pdb,0.96,Excellent (极好)
Q6SJ61.pdb,0.96,Excellent (极好)
F8WRK9.pdb,0.96,Excellent (极好)
Q84B23.pdb,0.96,Excellent (极好)
Q1HA49.pdb,0.96,Excellent (极好)
Q9HXT9.pdb,0.96,Excellent (极好)
Q9I387.pdb,0.96,Excellent (极好)
Q27683.pdb,0.96,Excellent (极好)
O58433.pdb,0.96,Excellent (极好)
A4ZGQ8.pdb,0.96,Excellent (极好)
P73726.pdb,0.96,Excellent (极好)
A0A2Z6G0Q7.pdb,0.96,Excellent (极好)
F0NEW7.pdb,0.96,Excellent (极好)
L7R9X8.pdb,0.96,Excellent (极好)
Q5I7E1.pdb,0.96,Excellent (极好)
P29730.pdb,0.96,Excellent (极好)
O31662.pdb,0.96,Excellent (极好)
C4LU94.pdb,0.96,Excellent (极好)
A0A0K1E2F9.pdb,0.96,Excellent (极好)
A0A2Z6BLR4.pdb,0.96,Excellent (极好)
T1WUT6.pdb,0.96,Excellent (极好)
Q5ZU17.pdb,0.96,Excellent (极好)
P53199.pdb,0.96,Excellent (极好)
Q16831.pdb,0.96,Excellent (极好)
P60932.pdb,0.96,Excellent (极好)
Q8GME2.pdb,0.96,Excellent (极好)
P20718.pdb,0.96,Excellent (极好)
Q9LJH5.pdb,0.96,Excellent (极好)
A0A023RBJ1.pdb,0.96,Excellent (极好)
P21693.pdb,0.96,Excellent (极好)
A4YGN2.pdb,0.96,Excellent (极好)
G9BY57.pdb,0.96,Excellent (极好)
G0GBL0.pdb,0.96,Excellent (极好)
C9E261.pdb,0.96,Excellent (极好)
P76038.pdb,0.96,Excellent (极好)
P9WPY7.pdb,0.96,Excellent (极好)
A0A224ALZ8.pdb,0.96,Excellent (极好)
A0A060INS8.pdb,0.96,Excellent (极好)
A5LH21.pdb,0.96,Excellent (极好)
Q8ZXM4.pdb,0.96,Excellent (极好)
E1APH5.pdb,0.96,Excellent (极好)
E2JA31.pdb,0.96,Excellent (极好)
P0AE01.pdb,0.96,Excellent (极好)
D4GS06.pdb,0.96,Excellent (极好)
Q6F3I3.pdb,0.96,Excellent (极好)
O95336.pdb,0.96,Excellent (极好)
Q93WY5.pdb,0.96,Excellent (极好)
C1KGU6.pdb,0.96,Excellent (极好)
Q3ACV3.pdb,0.96,Excellent (极好)
Q9S795.pdb,0.96,Excellent (极好)
D4PEB3.pdb,0.96,Excellent (极好)
B6FYX7.pdb,0.96,Excellent (极好)
Q57849.pdb,0.96,Excellent (极好)
A0A1B1WA14.pdb,0.96,Excellent (极好)
A4XIG7.pdb,0.96,Excellent (极好)
A3MWK6.pdb,0.96,Excellent (极好)
T1WW77.pdb,0.96,Excellent (极好)
C3Y9Y8.pdb,0.96,Excellent (极好)
A0A142UTH4.pdb,0.96,Excellent (极好)
P70500.pdb,0.96,Excellent (极好)
W8DVW0.pdb,0.96,Excellent (极好)
Q49HI4.pdb,0.96,Excellent (极好)
P78609.pdb,0.96,Excellent (极好)
D4GYE6.pdb,0.96,Excellent (极好)
H2KXA2.pdb,0.96,Excellent (极好)
Q1D380.pdb,0.96,Excellent (极好)
A8YBS4.pdb,0.96,Excellent (极好)
V9SFA1.pdb,0.96,Excellent (极好)
P45470.pdb,0.96,Excellent (极好)
Q81CX4.pdb,0.96,Excellent (极好)
C4LXC4.pdb,0.96,Excellent (极好)
F4K687.pdb,0.96,Excellent (极好)
Q8TSX5.pdb,0.96,Excellent (极好)
D9ZKR7.pdb,0.96,Excellent (极好)
A0A0U1ZF25.pdb,0.96,Excellent (极好)
Q86AD9.pdb,0.96,Excellent (极好)
O29841.pdb,0.96,Excellent (极好)
O87871.pdb,0.96,Excellent (极好)
O86151.pdb,0.96,Excellent (极好)
Q56S49.pdb,0.96,Excellent (极好)
Q9DCT1.pdb,0.96,Excellent (极好)
Q58653.pdb,0.96,Excellent (极好)
P25526.pdb,0.96,Excellent (极好)
Q8NKS0.pdb,0.96,Excellent (极好)
Q76FS0.pdb,0.96,Excellent (极好)
P39633.pdb,0.96,Excellent (极好)
K9UV87.pdb,0.96,Excellent (极好)
Q8VIJ7.pdb,0.96,Excellent (极好)
Q0GMU2.pdb,0.96,Excellent (极好)
A0A1S2B2X3.pdb,0.96,Excellent (极好)
Q9K864.pdb,0.96,Excellent (极好)
Q3IYF1.pdb,0.96,Excellent (极好)
Q76FR7.pdb,0.96,Excellent (极好)
P52391.pdb,0.96,Excellent (极好)
Q58085.pdb,0.96,Excellent (极好)
Q8ZVK6.pdb,0.96,Excellent (极好)
Q717I9.pdb,0.96,Excellent (极好)
D5KX75.pdb,0.96,Excellent (极好)
Q7ZAH1.pdb,0.96,Excellent (极好)
I6QMK7.pdb,0.96,Excellent (极好)
Q9FPM9.pdb,0.96,Excellent (极好)
Q9Z5D6.pdb,0.96,Excellent (极好)
Q8TC12.pdb,0.96,Excellent (极好)
G0HQ31.pdb,0.96,Excellent (极好)
A0A0E4B3N6.pdb,0.96,Excellent (极好)
P06197.pdb,0.96,Excellent (极好)
H5SPS2.pdb,0.96,Excellent (极好)
Q9LLR9.pdb,0.96,Excellent (极好)
Q9HTD7.pdb,0.96,Excellent (极好)
Q47Q21.pdb,0.96,Excellent (极好)
E4W4G9.pdb,0.96,Excellent (极好)
Q6L2I5.pdb,0.96,Excellent (极好)
O51096.pdb,0.96,Excellent (极好)
Q88P48.pdb,0.96,Excellent (极好)
P80190.pdb,0.96,Excellent (极好)
Q7WUI7.pdb,0.96,Excellent (极好)
Q9F131.pdb,0.96,Excellent (极好)
Q6WNR0.pdb,0.96,Excellent (极好)
P07128.pdb,0.96,Excellent (极好)
Q9H479.pdb,0.96,Excellent (极好)
Q2UVF3.pdb,0.96,Excellent (极好)
A0A1D8PQ07.pdb,0.96,Excellent (极好)
Q51732.pdb,0.96,Excellent (极好)
H2VFG5.pdb,0.96,Excellent (极好)
P19881.pdb,0.96,Excellent (极好)
B8YIE0.pdb,0.96,Excellent (极好)
O15918.pdb,0.96,Excellent (极好)
A0A0F7MX47.pdb,0.96,Excellent (极好)
O32106.pdb,0.96,Excellent (极好)
P0A1E3.pdb,0.96,Excellent (极好)
Q9K498.pdb,0.96,Excellent (极好)
Q8T8D9.pdb,0.96,Excellent (极好)
E0D583.pdb,0.96,Excellent (极好)
A0A1V0M5M0.pdb,0.96,Excellent (极好)
Q6VVX0.pdb,0.96,Excellent (极好)
P9WG37.pdb,0.96,Excellent (极好)
I3EBM6.pdb,0.96,Excellent (极好)
G5DDC2.pdb,0.96,Excellent (极好)
Q72K29.pdb,0.96,Excellent (极好)
B8ZJH0.pdb,0.96,Excellent (极好)
Q55075.pdb,0.96,Excellent (极好)
A8YZR7.pdb,0.96,Excellent (极好)
Q8ZY28.pdb,0.96,Excellent (极好)
B8DZK4.pdb,0.96,Excellent (极好)
Q0QWG4.pdb,0.96,Excellent (极好)
P16250.pdb,0.96,Excellent (极好)
P9WG59.pdb,0.96,Excellent (极好)
A0A3S7PMC4.pdb,0.96,Excellent (极好)
Q6T1F6.pdb,0.96,Excellent (极好)
Q0IJR6.pdb,0.96,Excellent (极好)
P38998.pdb,0.96,Excellent (极好)
A0A1E1GL87.pdb,0.96,Excellent (极好)
F4ZE01.pdb,0.96,Excellent (极好)
M1R969.pdb,0.96,Excellent (极好)
F9VPB8.pdb,0.96,Excellent (极好)
C5J3R8.pdb,0.96,Excellent (极好)
A0A0E3GVY6.pdb,0.96,Excellent (极好)
P62620.pdb,0.96,Excellent (极好)
Q72MQ6.pdb,0.96,Excellent (极好)
A8WAC9.pdb,0.96,Excellent (极好)
P75966.pdb,0.96,Excellent (极好)
Q980M3.pdb,0.96,Excellent (极好)
H8WG11.pdb,0.96,Excellent (极好)
K4LMW2.pdb,0.96,Excellent (极好)
D0MF61.pdb,0.96,Excellent (极好)
Q8L0X3.pdb,0.96,Excellent (极好)
F0S764.pdb,0.96,Excellent (极好)
P73832.pdb,0.96,Excellent (极好)
Q8RK01.pdb,0.96,Excellent (极好)
P19254.pdb,0.96,Excellent (极好)
Q0QWG7.pdb,0.96,Excellent (极好)
Q59280.pdb,0.96,Excellent (极好)
O43704.pdb,0.96,Excellent (极好)
Q564A6.pdb,0.96,Excellent (极好)
Q8NMD2.pdb,0.96,Excellent (极好)
B8R7Q2.pdb,0.96,Excellent (极好)
Q2YIQ6.pdb,0.96,Excellent (极好)
C0P9J6.pdb,0.96,Excellent (极好)
Q7U4Z9.pdb,0.96,Excellent (极好)
A0A494WD27.pdb,0.96,Excellent (极好)
Q0QFQ6.pdb,0.96,Excellent (极好)
Q8RL88.pdb,0.96,Excellent (极好)
Q8NK65.pdb,0.96,Excellent (极好)
Q75WF2.pdb,0.96,Excellent (极好)
Q59288.pdb,0.96,Excellent (极好)
C3MC80.pdb,0.96,Excellent (极好)
Q5DIE3.pdb,0.96,Excellent (极好)
Q2KIG3.pdb,0.96,Excellent (极好)
W0A856.pdb,0.96,Excellent (极好)
O04385.pdb,0.96,Excellent (极好)
Q9HIA3.pdb,0.96,Excellent (极好)
B2BBY6.pdb,0.96,Excellent (极好)
M9XGK2.pdb,0.96,Excellent (极好)
P9WNG3.pdb,0.96,Excellent (极好)
A0A061J5A1.pdb,0.96,Excellent (极好)
A6P663.pdb,0.96,Excellent (极好)
B1N2N4.pdb,0.96,Excellent (极好)
Q24JJ8.pdb,0.96,Excellent (极好)
Q980N1.pdb,0.96,Excellent (极好)
B6D5I7.pdb,0.96,Excellent (极好)
A2BD60.pdb,0.96,Excellent (极好)
Q59263.pdb,0.96,Excellent (极好)
Q9YGB4.pdb,0.96,Excellent (极好)
O74705.pdb,0.96,Excellent (极好)
W0KM71.pdb,0.96,Excellent (极好)
P35045.pdb,0.96,Excellent (极好)
Q50566.pdb,0.96,Excellent (极好)
Q9RHV9.pdb,0.96,Excellent (极好)
D7BAR0.pdb,0.96,Excellent (极好)
P0AA43.pdb,0.96,Excellent (极好)
O29853.pdb,0.96,Excellent (极好)
Q06749.pdb,0.96,Excellent (极好)
P9WN67.pdb,0.96,Excellent (极好)
G4V4S8.pdb,0.96,Excellent (极好)
Q9BXR0.pdb,0.96,Excellent (极好)
O59543.pdb,0.96,Excellent (极好)
Q0ZS46.pdb,0.96,Excellent (极好)
Q4K657.pdb,0.96,Excellent (极好)
V9SDP6.pdb,0.96,Excellent (极好)
P05042.pdb,0.96,Excellent (极好)
A0A1P8L1E1.pdb,0.96,Excellent (极好)
Q9SDL7.pdb,0.96,Excellent (极好)
O07883.pdb,0.96,Excellent (极好)
Q08388.pdb,0.96,Excellent (极好)
Q9NR45.pdb,0.96,Excellent (极好)
A0A0H3NB84.pdb,0.96,Excellent (极好)
Q7JNQ9.pdb,0.96,Excellent (极好)
I3V5V6.pdb,0.96,Excellent (极好)
Q76EQ0.pdb,0.96,Excellent (极好)
A0A0E3T3B5.pdb,0.96,Excellent (极好)
C6FX34.pdb,0.96,Excellent (极好)
O73951.pdb,0.96,Excellent (极好)
Q2WGB4.pdb,0.96,Excellent (极好)
O55060.pdb,0.96,Excellent (极好)
P00940.pdb,0.96,Excellent (极好)
Q4K7S1.pdb,0.96,Excellent (极好)
D2DSG2.pdb,0.96,Excellent (极好)
Q46800.pdb,0.96,Excellent (极好)
P0A4Q0.pdb,0.96,Excellent (极好)
P62058.pdb,0.96,Excellent (极好)
B6EIU7.pdb,0.96,Excellent (极好)
Q6KHA5.pdb,0.96,Excellent (极好)
O06961.pdb,0.96,Excellent (极好)
A0A173MZJ8.pdb,0.96,Excellent (极好)
A0A0H2XI76.pdb,0.96,Excellent (极好)
P37028.pdb,0.96,Excellent (极好)
A0A0U5A554.pdb,0.96,Excellent (极好)
P29051.pdb,0.96,Excellent (极好)
P28776.pdb,0.96,Excellent (极好)
B5BLW5.pdb,0.96,Excellent (极好)
P08311.pdb,0.96,Excellent (极好)
O69002.pdb,0.96,Excellent (极好)
Q9CKB0.pdb,0.96,Excellent (极好)
Q1DDS6.pdb,0.96,Excellent (极好)
E5F146.pdb,0.96,Excellent (极好)
A0A1J1DVP9.pdb,0.96,Excellent (极好)
A1XP58.pdb,0.96,Excellent (极好)
C0LIF8.pdb,0.96,Excellent (极好)
E1C2H6.pdb,0.96,Excellent (极好)
A7LFP7.pdb,0.96,Excellent (极好)
Q9STS1.pdb,0.96,Excellent (极好)
Q0ZS20.pdb,0.96,Excellent (极好)
Q54764.pdb,0.96,Excellent (极好)
A0A1Q2T258.pdb,0.96,Excellent (极好)
A3DIL8.pdb,0.96,Excellent (极好)
F6MZ55.pdb,0.96,Excellent (极好)
Q83XK5.pdb,0.96,Excellent (极好)
B1B1U3.pdb,0.96,Excellent (极好)
B9K7M5.pdb,0.96,Excellent (极好)
J9H7D1.pdb,0.96,Excellent (极好)
Q9LEL6.pdb,0.96,Excellent (极好)
Q9KUN0.pdb,0.96,Excellent (极好)
P45040.pdb,0.96,Excellent (极好)
D4ZTT4.pdb,0.96,Excellent (极好)
P9WPQ7.pdb,0.96,Excellent (极好)
A0A0H2YSJ7.pdb,0.96,Excellent (极好)
Q93WU2.pdb,0.96,Excellent (极好)
Q9KWY4.pdb,0.96,Excellent (极好)
K5BDL0.pdb,0.96,Excellent (极好)
D2IH11.pdb,0.96,Excellent (极好)
Q05957.pdb,0.96,Excellent (极好)
A0A0F7X030.pdb,0.96,Excellent (极好)
Q86MW7.pdb,0.96,Excellent (极好)
Q58293.pdb,0.96,Excellent (极好)
A0A6B7HD48.pdb,0.96,Excellent (极好)
Q6PRC7.pdb,0.96,Excellent (极好)
E6N788.pdb,0.96,Excellent (极好)
Q9I676.pdb,0.96,Excellent (极好)
P52904.pdb,0.96,Excellent (极好)
S5MPT0.pdb,0.96,Excellent (极好)
Q6VVW9.pdb,0.96,Excellent (极好)
O59413.pdb,0.96,Excellent (极好)
Q6TTR0.pdb,0.96,Excellent (极好)
P50311.pdb,0.96,Excellent (极好)
Q8R0V5.pdb,0.96,Excellent (极好)
B0ZB56.pdb,0.96,Excellent (极好)
Q64R94.pdb,0.96,Excellent (极好)
D4A4P4.pdb,0.96,Excellent (极好)
Q6XVW8.pdb,0.96,Excellent (极好)
A0A0E3T552.pdb,0.96,Excellent (极好)
Q96V44.pdb,0.96,Excellent (极好)
B9U443.pdb,0.96,Excellent (极好)
Q5GS56.pdb,0.96,Excellent (极好)
P14697.pdb,0.96,Excellent (极好)
P0AC78.pdb,0.96,Excellent (极好)
Q88IJ7.pdb,0.96,Excellent (极好)
P25741.pdb,0.96,Excellent (极好)
A6UP94.pdb,0.96,Excellent (极好)
A0A0H3AMA6.pdb,0.96,Excellent (极好)
P09955.pdb,0.96,Excellent (极好)
A0A0H2UN41.pdb,0.96,Excellent (极好)
Q96YR7.pdb,0.96,Excellent (极好)
Q2GK24.pdb,0.96,Excellent (极好)
P9WK95.pdb,0.96,Excellent (极好)
P9WG39.pdb,0.96,Excellent (极好)
B0JFD4.pdb,0.96,Excellent (极好)
Q6ZD89.pdb,0.96,Excellent (极好)
Q0QWG5.pdb,0.96,Excellent (极好)
O93785.pdb,0.96,Excellent (极好)
Q8RG11.pdb,0.96,Excellent (极好)
Q99UN8.pdb,0.96,Excellent (极好)
Q2HNZ1.pdb,0.96,Excellent (极好)
I3E949.pdb,0.96,Excellent (极好)
P0AD62.pdb,0.96,Excellent (极好)
B9W7C4.pdb,0.96,Excellent (极好)
P61431.pdb,0.96,Excellent (极好)
Q8RMG1.pdb,0.96,Excellent (极好)
D7PGW0.pdb,0.96,Excellent (极好)
Q7CP78.pdb,0.96,Excellent (极好)
J9PHM5.pdb,0.96,Excellent (极好)
D7VBA0.pdb,0.96,Excellent (极好)
Q49SP3.pdb,0.96,Excellent (极好)
Q9UZR7.pdb,0.96,Excellent (极好)
Q81UL8.pdb,0.96,Excellent (极好)
B2J1M1.pdb,0.96,Excellent (极好)
P06611.pdb,0.96,Excellent (极好)
A0A0F7R1D9.pdb,0.96,Excellent (极好)
Q63639.pdb,0.96,Excellent (极好)
H9BZ70.pdb,0.96,Excellent (极好)
A0A1W6GW18.pdb,0.96,Excellent (极好)
A0A0K8P6T7.pdb,0.96,Excellent (极好)
Q9AEP4.pdb,0.96,Excellent (极好)
P40937.pdb,0.96,Excellent (极好)
Q93Y47.pdb,0.96,Excellent (极好)
A0A0U2D6P6.pdb,0.96,Excellent (极好)
D2PPM8.pdb,0.96,Excellent (极好)
Q8U036.pdb,0.96,Excellent (极好)
A0A0A1DZ36.pdb,0.96,Excellent (极好)
D3KY99.pdb,0.96,Excellent (极好)
Q5AVP8.pdb,0.96,Excellent (极好)
Q2HQS3.pdb,0.96,Excellent (极好)
P25774.pdb,0.96,Excellent (极好)
Q97XS9.pdb,0.96,Excellent (极好)
Q9F918.pdb,0.96,Excellent (极好)
G4Y5W9.pdb,0.96,Excellent (极好)
A5HJW4.pdb,0.96,Excellent (极好)
A7AZH2.pdb,0.96,Excellent (极好)
O14295.pdb,0.96,Excellent (极好)
O31667.pdb,0.96,Excellent (极好)
B8LFE4.pdb,0.96,Excellent (极好)
Q95030.pdb,0.96,Excellent (极好)
Q6DNI8.pdb,0.96,Excellent (极好)
A0A088BCU2.pdb,0.96,Excellent (极好)
B2V8E3.pdb,0.96,Excellent (极好)
Q86ZV0.pdb,0.96,Excellent (极好)
Q4QJQ0.pdb,0.96,Excellent (极好)
A0A1U7EWW7.pdb,0.96,Excellent (极好)
O60911.pdb,0.96,Excellent (极好)
Q9LCC6.pdb,0.96,Excellent (极好)
A0A346FH09.pdb,0.96,Excellent (极好)
F7ZG00.pdb,0.96,Excellent (极好)
G3CRD1.pdb,0.96,Excellent (极好)
Q97VU2.pdb,0.96,Excellent (极好)
O13811.pdb,0.96,Excellent (极好)
Q31QK9.pdb,0.96,Excellent (极好)
P03962.pdb,0.96,Excellent (极好)
J9WJN8.pdb,0.96,Excellent (极好)
P37724.pdb,0.96,Excellent (极好)
A0A120MXM3.pdb,0.96,Excellent (极好)
Q5UPJ7.pdb,0.96,Excellent (极好)
A5F5P5.pdb,0.96,Excellent (极好)
Q9RB42.pdb,0.96,Excellent (极好)
P76395.pdb,0.96,Excellent (极好)
Q96C11.pdb,0.96,Excellent (极好)
Q1M0X9.pdb,0.96,Excellent (极好)
D4P095.pdb,0.96,Excellent (极好)
P27773.pdb,0.96,Excellent (极好)
A0A494WKI6.pdb,0.96,Excellent (极好)
O30124.pdb,0.96,Excellent (极好)
P04805.pdb,0.96,Excellent (极好)
P42765.pdb,0.96,Excellent (极好)
A0A098B5G4.pdb,0.96,Excellent (极好)
A1YZ23.pdb,0.96,Excellent (极好)
C0ZPN9.pdb,0.96,Excellent (极好)
G9JKF3.pdb,0.96,Excellent (极好)
P14489.pdb,0.96,Excellent (极好)
C4LUA1.pdb,0.96,Excellent (极好)
A0A0H2ZB32.pdb,0.96,Excellent (极好)
K1QH67.pdb,0.96,Excellent (极好)
A8CF76.pdb,0.96,Excellent (极好)
Q59104.pdb,0.96,Excellent (极好)
Q9YGA9.pdb,0.96,Excellent (极好)
A0A077HCY1.pdb,0.96,Excellent (极好)
Q9UWY6.pdb,0.96,Excellent (极好)
A0A0C4JZB0.pdb,0.96,Excellent (极好)
Q8J2N2.pdb,0.96,Excellent (极好)
Q5JGC2.pdb,0.96,Excellent (极好)
P0CI73.pdb,0.96,Excellent (极好)
A0A1W6R2C1.pdb,0.96,Excellent (极好)
Q8KZM5.pdb,0.96,Excellent (极好)
Q06803.pdb,0.96,Excellent (极好)
Q9HWR4.pdb,0.96,Excellent (极好)
B0SN40.pdb,0.96,Excellent (极好)
Q93968.pdb,0.96,Excellent (极好)
C6KL35.pdb,0.96,Excellent (极好)
Q0QWG6.pdb,0.96,Excellent (极好)
A0A0C5VFC0.pdb,0.96,Excellent (极好)
C4M7U9.pdb,0.96,Excellent (极好)
P68747.pdb,0.96,Excellent (极好)
Q65EY9.pdb,0.96,Excellent (极好)
B8FP42.pdb,0.96,Excellent (极好)
A0A1L1Z440.pdb,0.96,Excellent (极好)
Q5YFS2.pdb,0.96,Excellent (极好)
P05093.pdb,0.96,Excellent (极好)
P9WND1.pdb,0.96,Excellent (极好)
Q84HF5.pdb,0.96,Excellent (极好)
P05364.pdb,0.96,Excellent (极好)
A0A1B1PGG4.pdb,0.96,Excellent (极好)
Q9WWW6.pdb,0.96,Excellent (极好)
P0A6L0.pdb,0.96,Excellent (极好)
P40817.pdb,0.96,Excellent (极好)
Q21929.pdb,0.96,Excellent (极好)
D0UD39.pdb,0.96,Excellent (极好)
Q72K04.pdb,0.96,Excellent (极好)
Q29497.pdb,0.96,Excellent (极好)
P23254.pdb,0.96,Excellent (极好)
P51017.pdb,0.96,Excellent (极好)
Q2L887.pdb,0.96,Excellent (极好)
Q93YB2.pdb,0.96,Excellent (极好)
E2G4I9.pdb,0.96,Excellent (极好)
A0A3G9E319.pdb,0.96,Excellent (极好)
P00780.pdb,0.96,Excellent (极好)
A0A1S1GKD7.pdb,0.96,Excellent (极好)
Q92MJ1.pdb,0.96,Excellent (极好)
Q6L7J5.pdb,0.96,Excellent (极好)
V5ZEQ2.pdb,0.96,Excellent (极好)
Q9LEH3.pdb,0.96,Excellent (极好)
Q9FDD4.pdb,0.96,Excellent (极好)
A0A286Q5D2.pdb,0.96,Excellent (极好)
A0A0U5FNC1.pdb,0.96,Excellent (极好)
Q6RK08.pdb,0.96,Excellent (极好)
B2UQR6.pdb,0.96,Excellent (极好)
Q6E7F1.pdb,0.96,Excellent (极好)
Q6KH76.pdb,0.96,Excellent (极好)
Q8YY76.pdb,0.96,Excellent (极好)
Q846Q0.pdb,0.96,Excellent (极好)
Q8KZ94.pdb,0.96,Excellent (极好)
P39849.pdb,0.96,Excellent (极好)
I3DZ65.pdb,0.96,Excellent (极好)
A0A0F7MYK0.pdb,0.96,Excellent (极好)
P06609.pdb,0.96,Excellent (极好)
P10144.pdb,0.96,Excellent (极好)
Q96IY4.pdb,0.96,Excellent (极好)
Q46N53.pdb,0.96,Excellent (极好)
Q0QWG3.pdb,0.96,Excellent (极好)
B9VWB2.pdb,0.96,Excellent (极好)
D4GXZ3.pdb,0.96,Excellent (极好)
G2IMC6.pdb,0.96,Excellent (极好)
A4WRA3.pdb,0.96,Excellent (极好)
Q4J6M3.pdb,0.96,Excellent (极好)
Q9LEL5.pdb,0.96,Excellent (极好)
Q72EF0.pdb,0.96,Excellent (极好)
Q9VIP7.pdb,0.96,Excellent (极好)
A0A0C5GVW3.pdb,0.96,Excellent (极好)
Q9ER35.pdb,0.96,Excellent (极好)
P19938.pdb,0.96,Excellent (极好)
Q3C1A6.pdb,0.96,Excellent (极好)
Q00924.pdb,0.96,Excellent (极好)
K1QEW8.pdb,0.95,Excellent (极好)
Q3HWU8.pdb,0.95,Excellent (极好)
Q76FS1.pdb,0.95,Excellent (极好)
Q9X4Q8.pdb,0.95,Excellent (极好)
D3VWB5.pdb,0.95,Excellent (极好)
Q8GMY0.pdb,0.95,Excellent (极好)
I6Y2G3.pdb,0.95,Excellent (极好)
Q4VRW8.pdb,0.95,Excellent (极好)
Q58806.pdb,0.95,Excellent (极好)
A4VMZ0.pdb,0.95,Excellent (极好)
G2IMF2.pdb,0.95,Excellent (极好)
A2IBG2.pdb,0.95,Excellent (极好)
Q5A3V6.pdb,0.95,Excellent (极好)
Q8DUW0.pdb,0.95,Excellent (极好)
P84612.pdb,0.95,Excellent (极好)
Q5JFZ8.pdb,0.95,Excellent (极好)
B3VTK1.pdb,0.95,Excellent (极好)
D3KY98.pdb,0.95,Excellent (极好)
Q9KKP2.pdb,0.95,Excellent (极好)
Q9Z7D3.pdb,0.95,Excellent (极好)
P0A3C5.pdb,0.95,Excellent (极好)
Q21GC8.pdb,0.95,Excellent (极好)
O00338.pdb,0.95,Excellent (极好)
Q81BW8.pdb,0.95,Excellent (极好)
K7XQ68.pdb,0.95,Excellent (极好)
B5L017.pdb,0.95,Excellent (极好)
Q18AQ1.pdb,0.95,Excellent (极好)
Q1XGK8.pdb,0.95,Excellent (极好)
Q6E213.pdb,0.95,Excellent (极好)
I6Y0R5.pdb,0.95,Excellent (极好)
A0A0A0WA73.pdb,0.95,Excellent (极好)
P30863.pdb,0.95,Excellent (极好)
Q9LSV0.pdb,0.95,Excellent (极好)
Q003Y3.pdb,0.95,Excellent (极好)
E7D7J5.pdb,0.95,Excellent (极好)
P0A9M0.pdb,0.95,Excellent (极好)
O58212.pdb,0.95,Excellent (极好)
C1INF0.pdb,0.95,Excellent (极好)
A0A290N3S7.pdb,0.95,Excellent (极好)
E9BIX7.pdb,0.95,Excellent (极好)
Q91X52.pdb,0.95,Excellent (极好)
O28025.pdb,0.95,Excellent (极好)
A0A0K0M737.pdb,0.95,Excellent (极好)
Q9FPN2.pdb,0.95,Excellent (极好)
B9WZX2.pdb,0.95,Excellent (极好)
Q1ET73.pdb,0.95,Excellent (极好)
U3TDQ6.pdb,0.95,Excellent (极好)
A0A3G3BK08.pdb,0.95,Excellent (极好)
P06621.pdb,0.95,Excellent (极好)
Q59931.pdb,0.95,Excellent (极好)
P18644.pdb,0.95,Excellent (极好)
Q8W4T9.pdb,0.95,Excellent (极好)
Q6EM46.pdb,0.95,Excellent (极好)
P95461.pdb,0.95,Excellent (极好)
I6ZUH3.pdb,0.95,Excellent (极好)
Q8KZT4.pdb,0.95,Excellent (极好)
G2QJR6.pdb,0.95,Excellent (极好)
Q4U1I4.pdb,0.95,Excellent (极好)
P9WIC6.pdb,0.95,Excellent (极好)
Q9I8C5.pdb,0.95,Excellent (极好)
U3RD44.pdb,0.95,Excellent (极好)
A0A1W6GW06.pdb,0.95,Excellent (极好)
Q8XMQ3.pdb,0.95,Excellent (极好)
A0A0H2X5U3.pdb,0.95,Excellent (极好)
B2RK02.pdb,0.95,Excellent (极好)
Q5PXS3.pdb,0.95,Excellent (极好)
Q5LS57.pdb,0.95,Excellent (极好)
E6Y8N8.pdb,0.95,Excellent (极好)
C4M0W5.pdb,0.95,Excellent (极好)
P54577.pdb,0.95,Excellent (极好)
A0A0R7QWN6.pdb,0.95,Excellent (极好)
Q8Z078.pdb,0.95,Excellent (极好)
P07980.pdb,0.95,Excellent (极好)
Q60AN4.pdb,0.95,Excellent (极好)
P25553.pdb,0.95,Excellent (极好)
E7FL15.pdb,0.95,Excellent (极好)
D1CCW1.pdb,0.95,Excellent (极好)
P32322.pdb,0.95,Excellent (极好)
Q767R1.pdb,0.95,Excellent (极好)
B4X9S4.pdb,0.95,Excellent (极好)
E4Q2A4.pdb,0.95,Excellent (极好)
Q9X017.pdb,0.95,Excellent (极好)
Q74IV4.pdb,0.95,Excellent (极好)
Q9SD85.pdb,0.95,Excellent (极好)
Q9FZ62.pdb,0.95,Excellent (极好)
Q1PCB1.pdb,0.95,Excellent (极好)
E5LLI1.pdb,0.95,Excellent (极好)
A4PF00.pdb,0.95,Excellent (极好)
P71914.pdb,0.95,Excellent (极好)
Q43576.pdb,0.95,Excellent (极好)
P78417.pdb,0.95,Excellent (极好)
B7XBZ9.pdb,0.95,Excellent (极好)
Q6T857.pdb,0.95,Excellent (极好)
Q39760.pdb,0.95,Excellent (极好)
A8WEG5.pdb,0.95,Excellent (极好)
Q9AR04.pdb,0.95,Excellent (极好)
U5NDT8.pdb,0.95,Excellent (极好)
Q6BCM1.pdb,0.95,Excellent (极好)
B5MF68.pdb,0.95,Excellent (极好)
P61615.pdb,0.95,Excellent (极好)
Q6Q3H2.pdb,0.95,Excellent (极好)
B0EXJ8.pdb,0.95,Excellent (极好)
F6HLL8.pdb,0.95,Excellent (极好)
P55882.pdb,0.95,Excellent (极好)
U3T1K4.pdb,0.95,Excellent (极好)
Q9HIW6.pdb,0.95,Excellent (极好)
P21954.pdb,0.95,Excellent (极好)
M0LMI3.pdb,0.95,Excellent (极好)
W5R5D2.pdb,0.95,Excellent (极好)
C6Y1N7.pdb,0.95,Excellent (极好)
C7FLN0.pdb,0.95,Excellent (极好)
P0AF18.pdb,0.95,Excellent (极好)
O15635.pdb,0.95,Excellent (极好)
D3W9H7.pdb,0.95,Excellent (极好)
Q9R6Y4.pdb,0.95,Excellent (极好)
Q5VJM8.pdb,0.95,Excellent (极好)
D4GST8.pdb,0.95,Excellent (极好)
Q97XP4.pdb,0.95,Excellent (极好)
Q08169.pdb,0.95,Excellent (极好)
Q9S5E2.pdb,0.95,Excellent (极好)
A0A410UCT3.pdb,0.95,Excellent (极好)
Q7X2D3.pdb,0.95,Excellent (极好)
Q8KDN1.pdb,0.95,Excellent (极好)
K9RZL7.pdb,0.95,Excellent (极好)
O86042.pdb,0.95,Excellent (极好)
Q93XJ2.pdb,0.95,Excellent (极好)
Q5FB34.pdb,0.95,Excellent (极好)
A0A0H3NGZ8.pdb,0.95,Excellent (极好)
Q8S9C6.pdb,0.95,Excellent (极好)
H6WCP4.pdb,0.95,Excellent (极好)
G4VUY7.pdb,0.95,Excellent (极好)
A0A2H4Z8F4.pdb,0.95,Excellent (极好)
P19410.pdb,0.95,Excellent (极好)
Q93L51.pdb,0.95,Excellent (极好)
Q4J6Z8.pdb,0.95,Excellent (极好)
Q2YPV0.pdb,0.95,Excellent (极好)
L7T8Y9.pdb,0.95,Excellent (极好)
Q9BY41.pdb,0.95,Excellent (极好)
P9WJL3.pdb,0.95,Excellent (极好)
Q83V33.pdb,0.95,Excellent (极好)
A8NU13.pdb,0.95,Excellent (极好)
P12547.pdb,0.95,Excellent (极好)
I1W007.pdb,0.95,Excellent (极好)
Q9AR67.pdb,0.95,Excellent (极好)
Q25C15.pdb,0.95,Excellent (极好)
Q5NT46.pdb,0.95,Excellent (极好)
Q8NKN9.pdb,0.95,Excellent (极好)
Q5DD64.pdb,0.95,Excellent (极好)
Q9SR37.pdb,0.95,Excellent (极好)
M1T9X3.pdb,0.95,Excellent (极好)
Q9YC65.pdb,0.95,Excellent (极好)
Q7B9Y8.pdb,0.95,Excellent (极好)
Q84NG3.pdb,0.95,Excellent (极好)
A0A5J6CZH4.pdb,0.95,Excellent (极好)
A0A171.pdb,0.95,Excellent (极好)
Q8E990.pdb,0.95,Excellent (极好)
Q9UR08.pdb,0.95,Excellent (极好)
P00491.pdb,0.95,Excellent (极好)
A0A346PXS9.pdb,0.95,Excellent (极好)
H1XW48.pdb,0.95,Excellent (极好)
A0A0C4XY83.pdb,0.95,Excellent (极好)
Q6QNI4.pdb,0.95,Excellent (极好)
Q82YW6.pdb,0.95,Excellent (极好)
Q2WFW5.pdb,0.95,Excellent (极好)
H9TUK6.pdb,0.95,Excellent (极好)
Q4Q6K7.pdb,0.95,Excellent (极好)
E5GAF4.pdb,0.95,Excellent (极好)
B8H1Z0.pdb,0.95,Excellent (极好)
A0A0H2ZQ64.pdb,0.95,Excellent (极好)
Q8TEA1.pdb,0.95,Excellent (极好)
A0A060KZ16.pdb,0.95,Excellent (极好)
Q8W3Y5.pdb,0.95,Excellent (极好)
P80884.pdb,0.95,Excellent (极好)
P77366.pdb,0.95,Excellent (极好)
T1KF23.pdb,0.95,Excellent (极好)
A4F2N8.pdb,0.95,Excellent (极好)
A0A4D6BT21.pdb,0.95,Excellent (极好)
Q92484.pdb,0.95,Excellent (极好)
A0A0S2E8T0.pdb,0.95,Excellent (极好)
A8CF77.pdb,0.95,Excellent (极好)
Q76FR9.pdb,0.95,Excellent (极好)
Q99497.pdb,0.95,Excellent (极好)
Q5YXQ1.pdb,0.95,Excellent (极好)
V9N2L5.pdb,0.95,Excellent (极好)
G9FKH7.pdb,0.95,Excellent (极好)
P73903.pdb,0.95,Excellent (极好)
Q9ATW1.pdb,0.95,Excellent (极好)
Q6VT21.pdb,0.95,Excellent (极好)
Q8U248.pdb,0.95,Excellent (极好)
B3A042.pdb,0.95,Excellent (极好)
A4GE69.pdb,0.95,Excellent (极好)
Q9R014.pdb,0.95,Excellent (极好)
P0A6L4.pdb,0.95,Excellent (极好)
A0A125T1T4.pdb,0.95,Excellent (极好)
A0A1E1GL61.pdb,0.95,Excellent (极好)
C4KKZ9.pdb,0.95,Excellent (极好)
Q1ENB6.pdb,0.95,Excellent (极好)
Q4DF18.pdb,0.95,Excellent (极好)
Q9WYX9.pdb,0.95,Excellent (极好)
Q9X265.pdb,0.95,Excellent (极好)
P35669.pdb,0.95,Excellent (极好)
P0A6L2.pdb,0.95,Excellent (极好)
P9WN65.pdb,0.95,Excellent (极好)
P45563.pdb,0.95,Excellent (极好)
U5XYA0.pdb,0.95,Excellent (极好)
D1M8Z4.pdb,0.95,Excellent (极好)
D3GGN3.pdb,0.95,Excellent (极好)
Q9UGM6.pdb,0.95,Excellent (极好)
Q76FR8.pdb,0.95,Excellent (极好)
Q2KNL6.pdb,0.95,Excellent (极好)
Q5NGA7.pdb,0.95,Excellent (极好)
P80315.pdb,0.95,Excellent (极好)
P0A9S5.pdb,0.95,Excellent (极好)
A6Y9U9.pdb,0.95,Excellent (极好)
H9TZS7.pdb,0.95,Excellent (极好)
D8M176.pdb,0.95,Excellent (极好)
A0A2L2R220.pdb,0.95,Excellent (极好)
Q8PYZ8.pdb,0.95,Excellent (极好)
Q1PS23.pdb,0.95,Excellent (极好)
P10746.pdb,0.95,Excellent (极好)
S5SPJ1.pdb,0.95,Excellent (极好)
A9X7L0.pdb,0.95,Excellent (极好)
B9DIJ2.pdb,0.95,Excellent (极好)
C6L7V9.pdb,0.95,Excellent (极好)
A9CEQ8.pdb,0.95,Excellent (极好)
A1IG83.pdb,0.95,Excellent (极好)
O66990.pdb,0.95,Excellent (极好)
D4GWR6.pdb,0.95,Excellent (极好)
A0QX60.pdb,0.95,Excellent (极好)
G4U3G8.pdb,0.95,Excellent (极好)
E7DJY5.pdb,0.95,Excellent (极好)
P35250.pdb,0.95,Excellent (极好)
L7NCQ3.pdb,0.95,Excellent (极好)
M4VRJ6.pdb,0.95,Excellent (极好)
Q49156.pdb,0.95,Excellent (极好)
Q9F0Q6.pdb,0.95,Excellent (极好)
Q39761.pdb,0.95,Excellent (极好)
Q9UKR0.pdb,0.95,Excellent (极好)
Q51508.pdb,0.95,Excellent (极好)
O86428.pdb,0.95,Excellent (极好)
Q9WYD1.pdb,0.95,Excellent (极好)
A0A1I9LPQ6.pdb,0.95,Excellent (极好)
A0A251UZF1.pdb,0.95,Excellent (极好)
A0A1W6GW32.pdb,0.95,Excellent (极好)
A0R043.pdb,0.95,Excellent (极好)
Q6IYF2.pdb,0.95,Excellent (极好)
Q5JGP4.pdb,0.95,Excellent (极好)
P18405.pdb,0.95,Excellent (极好)
Q838N5.pdb,0.95,Excellent (极好)
Q52YL8.pdb,0.95,Excellent (极好)
A0A0U5F702.pdb,0.95,Excellent (极好)
B2Z447.pdb,0.95,Excellent (极好)
Q988C9.pdb,0.95,Excellent (极好)
Q96HD9.pdb,0.95,Excellent (极好)
D1A9G5.pdb,0.95,Excellent (极好)
A5U4I2.pdb,0.95,Excellent (极好)
B2BSK0.pdb,0.95,Excellent (极好)
Q47PU3.pdb,0.95,Excellent (极好)
P16152.pdb,0.95,Excellent (极好)
Q52087.pdb,0.95,Excellent (极好)
Q5UL14.pdb,0.95,Excellent (极好)
D0VWQ0.pdb,0.95,Excellent (极好)
Q9WU19.pdb,0.95,Excellent (极好)
O06543.pdb,0.95,Excellent (极好)
P09841.pdb,0.95,Excellent (极好)
P24205.pdb,0.95,Excellent (极好)
Q9HK44.pdb,0.95,Excellent (极好)
P11444.pdb,0.95,Excellent (极好)
P47195.pdb,0.95,Excellent (极好)
A0A099D4T8.pdb,0.95,Excellent (极好)
Q5FSJ2.pdb,0.95,Excellent (极好)
O60259.pdb,0.95,Excellent (极好)
Q0PZI4.pdb,0.95,Excellent (极好)
Q5GTD5.pdb,0.95,Excellent (极好)
Q3V6C9.pdb,0.95,Excellent (极好)
D9D7K9.pdb,0.95,Excellent (极好)
C6VWU2.pdb,0.95,Excellent (极好)
Q548K3.pdb,0.95,Excellent (极好)
P58687.pdb,0.95,Excellent (极好)
C5YGL7.pdb,0.95,Excellent (极好)
Q9YGB3.pdb,0.95,Excellent (极好)
L7QHV5.pdb,0.95,Excellent (极好)
Q91XV4.pdb,0.95,Excellent (极好)
Q6GK01.pdb,0.95,Excellent (极好)
Q9KPK8.pdb,0.95,Excellent (极好)
A9CH39.pdb,0.95,Excellent (极好)
E6U5H4.pdb,0.95,Excellent (极好)
D4P8C6.pdb,0.95,Excellent (极好)
A0A3S7PMB5.pdb,0.95,Excellent (极好)
P21632.pdb,0.95,Excellent (极好)
Q2U7D3.pdb,0.95,Excellent (极好)
P9WIQ3.pdb,0.95,Excellent (极好)
P52847.pdb,0.95,Excellent (极好)
P56601.pdb,0.95,Excellent (极好)
Q4K977.pdb,0.95,Excellent (极好)
K9S0X0.pdb,0.95,Excellent (极好)
Q27686.pdb,0.95,Excellent (极好)
T1SEV0.pdb,0.95,Excellent (极好)
P13319.pdb,0.95,Excellent (极好)
Q1MLL4.pdb,0.95,Excellent (极好)
P36999.pdb,0.95,Excellent (极好)
P0A8N5.pdb,0.95,Excellent (极好)
A0A0H2WZY4.pdb,0.95,Excellent (极好)
Q65NY1.pdb,0.95,Excellent (极好)
C6VW66.pdb,0.95,Excellent (极好)
Q9WYX6.pdb,0.95,Excellent (极好)
Q9YE81.pdb,0.95,Excellent (极好)
Q9ZJ98.pdb,0.95,Excellent (极好)
I6XPK9.pdb,0.95,Excellent (极好)
Q8GSN1.pdb,0.95,Excellent (极好)
P0A9N4.pdb,0.95,Excellent (极好)
Q00441.pdb,0.95,Excellent (极好)
Q00055.pdb,0.95,Excellent (极好)
Q8GWW7.pdb,0.95,Excellent (极好)
Q0VHD6.pdb,0.95,Excellent (极好)
E3W769.pdb,0.95,Excellent (极好)
Q5GJ59.pdb,0.95,Excellent (极好)
O87605.pdb,0.95,Excellent (极好)
Q8WZD7.pdb,0.95,Excellent (极好)
A2V7M5.pdb,0.95,Excellent (极好)
Q55891.pdb,0.95,Excellent (极好)
P0A870.pdb,0.95,Excellent (极好)
B0B552.pdb,0.95,Excellent (极好)
P0A7E5.pdb,0.95,Excellent (极好)
Q86D78.pdb,0.95,Excellent (极好)
O31465.pdb,0.95,Excellent (极好)
A0A075XAG5.pdb,0.95,Excellent (极好)
A0A0H3FZT7.pdb,0.95,Excellent (极好)
Q920P0.pdb,0.95,Excellent (极好)
Q9I767.pdb,0.95,Excellent (极好)
Q8NMA4.pdb,0.95,Excellent (极好)
Q76LT2.pdb,0.95,Excellent (极好)
Q24K62.pdb,0.95,Excellent (极好)
P0A858.pdb,0.95,Excellent (极好)
D3RVD4.pdb,0.95,Excellent (极好)
Q97ZD0.pdb,0.95,Excellent (极好)
Q7WZT5.pdb,0.95,Excellent (极好)
A0A4V7TJX0.pdb,0.95,Excellent (极好)
Q4WL89.pdb,0.95,Excellent (极好)
A0A1Y0E209.pdb,0.95,Excellent (极好)
A7SDW8.pdb,0.95,Excellent (极好)
Q54137.pdb,0.95,Excellent (极好)
Q000T0.pdb,0.95,Excellent (极好)
P20971.pdb,0.95,Excellent (极好)
P17050.pdb,0.95,Excellent (极好)
Q6J210.pdb,0.95,Excellent (极好)
Q99JR6.pdb,0.95,Excellent (极好)
Q89E97.pdb,0.95,Excellent (极好)
Q754M0.pdb,0.95,Excellent (极好)
O76290.pdb,0.95,Excellent (极好)
B6RGT1.pdb,0.95,Excellent (极好)
Q0E9S8.pdb,0.95,Excellent (极好)
Q920N9.pdb,0.95,Excellent (极好)
Q2G160.pdb,0.95,Excellent (极好)
Q7LZQ2.pdb,0.95,Excellent (极好)
C0QRB5.pdb,0.95,Excellent (极好)
Q88JP1.pdb,0.95,Excellent (极好)
Q9AVK9.pdb,0.95,Excellent (极好)
C6XY24.pdb,0.95,Excellent (极好)
Q9GZT4.pdb,0.95,Excellent (极好)
A0A0U5AKI6.pdb,0.95,Excellent (极好)
Q4VRW9.pdb,0.95,Excellent (极好)
L7T720.pdb,0.95,Excellent (极好)
P0AA37.pdb,0.95,Excellent (极好)
O83774.pdb,0.95,Excellent (极好)
Q8PYS1.pdb,0.95,Excellent (极好)
P72156.pdb,0.95,Excellent (极好)
P27305.pdb,0.95,Excellent (极好)
A0A3G4RHV5.pdb,0.95,Excellent (极好)
Q8ILT0.pdb,0.95,Excellent (极好)
P74569.pdb,0.95,Excellent (极好)
G9F9V4.pdb,0.95,Excellent (极好)
Q70G56.pdb,0.95,Excellent (极好)
C6Y0D8.pdb,0.95,Excellent (极好)
F6MZ56.pdb,0.95,Excellent (极好)
D4GWT7.pdb,0.95,Excellent (极好)
I3DTN4.pdb,0.95,Excellent (极好)
A0A1S6YJF3.pdb,0.95,Excellent (极好)
F6N111.pdb,0.95,Excellent (极好)
C6WFL3.pdb,0.95,Excellent (极好)
Q7S1X0.pdb,0.95,Excellent (极好)
P25783.pdb,0.95,Excellent (极好)
P53909.pdb,0.95,Excellent (极好)
A0A545BBS8.pdb,0.95,Excellent (极好)
B5MGR3.pdb,0.95,Excellent (极好)
Q4VRW5.pdb,0.95,Excellent (极好)
A0A1B1W6Z7.pdb,0.95,Excellent (极好)
Q27796.pdb,0.95,Excellent (极好)
Q05115.pdb,0.95,Excellent (极好)
Q9X0G9.pdb,0.95,Excellent (极好)
C8KIP3.pdb,0.95,Excellent (极好)
Q88EK5.pdb,0.95,Excellent (极好)
Q6B7T0.pdb,0.95,Excellent (极好)
Q84IF9.pdb,0.95,Excellent (极好)
T1WVG5.pdb,0.95,Excellent (极好)
P84142.pdb,0.95,Excellent (极好)
P34439.pdb,0.95,Excellent (极好)
Q9HA64.pdb,0.95,Excellent (极好)
Q9HX69.pdb,0.95,Excellent (极好)
P23391.pdb,0.95,Excellent (极好)
Q0VPF7.pdb,0.95,Excellent (极好)
Q9Y7P0.pdb,0.95,Excellent (极好)
O65782.pdb,0.95,Excellent (极好)
A4VLZ3.pdb,0.95,Excellent (极好)
Q8RVP6.pdb,0.95,Excellent (极好)
P22144.pdb,0.95,Excellent (极好)
Q9ZER2.pdb,0.95,Excellent (极好)
E3W9C4.pdb,0.95,Excellent (极好)
K7WCI9.pdb,0.95,Excellent (极好)
Q84FL5.pdb,0.95,Excellent (极好)
G3H935.pdb,0.95,Excellent (极好)
O74036.pdb,0.95,Excellent (极好)
O59952.pdb,0.95,Excellent (极好)
P9WHT3.pdb,0.95,Excellent (极好)
Q9HTQ0.pdb,0.95,Excellent (极好)
Q58936.pdb,0.95,Excellent (极好)
D7GXF9.pdb,0.95,Excellent (极好)
H6LGM6.pdb,0.95,Excellent (极好)
P35914.pdb,0.95,Excellent (极好)
Q8U0A8.pdb,0.95,Excellent (极好)
U5PUZ1.pdb,0.95,Excellent (极好)
O24496.pdb,0.95,Excellent (极好)
P49888.pdb,0.95,Excellent (极好)
Q5EWY2.pdb,0.95,Excellent (极好)
Q3S3F7.pdb,0.95,Excellent (极好)
B0RP51.pdb,0.95,Excellent (极好)
G7SFQ8.pdb,0.95,Excellent (极好)
A1IHE6.pdb,0.95,Excellent (极好)
F2L0W0.pdb,0.95,Excellent (极好)
P05091.pdb,0.95,Excellent (极好)
P33221.pdb,0.95,Excellent (极好)
B0B0H7.pdb,0.95,Excellent (极好)
E0RU15.pdb,0.95,Excellent (极好)
D2RIQ3.pdb,0.95,Excellent (极好)
P43127.pdb,0.95,Excellent (极好)
G4T023.pdb,0.95,Excellent (极好)
P26616.pdb,0.95,Excellent (极好)
A0A0E2M090.pdb,0.95,Excellent (极好)
D2IWA7.pdb,0.95,Excellent (极好)
P50740.pdb,0.95,Excellent (极好)
U6NJF1.pdb,0.95,Excellent (极好)
A9AYF3.pdb,0.95,Excellent (极好)
A0A075B5G4.pdb,0.95,Excellent (极好)
O07637.pdb,0.95,Excellent (极好)
P75782.pdb,0.95,Excellent (极好)
O30245.pdb,0.95,Excellent (极好)
Q9WYQ4.pdb,0.95,Excellent (极好)
E2RWY6.pdb,0.95,Excellent (极好)
B6F2H1.pdb,0.95,Excellent (极好)
A4K8Z1.pdb,0.95,Excellent (极好)
K9S1J6.pdb,0.95,Excellent (极好)
O26153.pdb,0.95,Excellent (极好)
Q8R4X1.pdb,0.95,Excellent (极好)
Q84GK1.pdb,0.95,Excellent (极好)
Q9NX46.pdb,0.95,Excellent (极好)
D3U1A5.pdb,0.95,Excellent (极好)
L7QI79.pdb,0.95,Excellent (极好)
A0A386IRJ1.pdb,0.95,Excellent (极好)
A0A0C7ADU5.pdb,0.95,Excellent (极好)
A3NS93.pdb,0.95,Excellent (极好)
Q5FAK7.pdb,0.95,Excellent (极好)
A3RIY0.pdb,0.95,Excellent (极好)
H2C8H2.pdb,0.95,Excellent (极好)
Q731I1.pdb,0.95,Excellent (极好)
A4ZYP8.pdb,0.95,Excellent (极好)
A0A2I9.pdb,0.95,Excellent (极好)
A7YBW7.pdb,0.95,Excellent (极好)
O35010.pdb,0.95,Excellent (极好)
B2G3S1.pdb,0.95,Excellent (极好)
P0CS13.pdb,0.95,Excellent (极好)
Q9ZU38.pdb,0.95,Excellent (极好)
O73944.pdb,0.95,Excellent (极好)
A3KCL7.pdb,0.95,Excellent (极好)
D5AHU8.pdb,0.95,Excellent (极好)
Q8SR66.pdb,0.95,Excellent (极好)
Q84QK0.pdb,0.95,Excellent (极好)
A0A0N9GZK8.pdb,0.95,Excellent (极好)
B6F260.pdb,0.95,Excellent (极好)
O54051.pdb,0.95,Excellent (极好)
Q5SJ85.pdb,0.95,Excellent (极好)
A0A286LNP2.pdb,0.95,Excellent (极好)
Q96KN2.pdb,0.95,Excellent (极好)
Q9N119.pdb,0.95,Excellent (极好)
H9JW43.pdb,0.95,Excellent (极好)
P32359.pdb,0.95,Excellent (极好)
A0A120MXM2.pdb,0.95,Excellent (极好)
Q9V2R8.pdb,0.95,Excellent (极好)
A4IQU1.pdb,0.95,Excellent (极好)
P0AAI5.pdb,0.95,Excellent (极好)
F4NCC2.pdb,0.95,Excellent (极好)
P85973.pdb,0.95,Excellent (极好)
P9WIB9.pdb,0.95,Excellent (极好)
O27957.pdb,0.95,Excellent (极好)
Q8YZ99.pdb,0.95,Excellent (极好)
B0FGA9.pdb,0.95,Excellent (极好)
B3TPQ6.pdb,0.95,Excellent (极好)
K7ZLA5.pdb,0.95,Excellent (极好)
P00349.pdb,0.95,Excellent (极好)
A5F5Y4.pdb,0.95,Excellent (极好)
Q0QLB3.pdb,0.95,Excellent (极好)
P0A722.pdb,0.95,Excellent (极好)
Q6TQT1.pdb,0.95,Excellent (极好)
Q9ZAE9.pdb,0.95,Excellent (极好)
P9WNY5.pdb,0.95,Excellent (极好)
R4UMR3.pdb,0.95,Excellent (极好)
Q06121.pdb,0.95,Excellent (极好)
Q59401.pdb,0.95,Excellent (极好)
A0A077JN67.pdb,0.95,Excellent (极好)
C0STY0.pdb,0.95,Excellent (极好)
Q988H5.pdb,0.95,Excellent (极好)
Q9FWR4.pdb,0.95,Excellent (极好)
P32960.pdb,0.95,Excellent (极好)
Q50756.pdb,0.95,Excellent (极好)
O75828.pdb,0.95,Excellent (极好)
Q7PCC4.pdb,0.95,Excellent (极好)
Q96XN9.pdb,0.95,Excellent (极好)
Q0JFI2.pdb,0.95,Excellent (极好)
C5BUF0.pdb,0.95,Excellent (极好)
A9QXB5.pdb,0.95,Excellent (极好)
W8E0Y0.pdb,0.95,Excellent (极好)
Q48436.pdb,0.95,Excellent (极好)
P84496.pdb,0.95,Excellent (极好)
Q977U6.pdb,0.95,Excellent (极好)
P9WPW9.pdb,0.95,Excellent (极好)
P51981.pdb,0.95,Excellent (极好)
A0A0D3MA54.pdb,0.95,Excellent (极好)
F2YCN5.pdb,0.95,Excellent (极好)
P18394.pdb,0.95,Excellent (极好)
P9WH11.pdb,0.95,Excellent (极好)
J9WN12.pdb,0.95,Excellent (极好)
Q9M563.pdb,0.95,Excellent (极好)
Q8NK64.pdb,0.95,Excellent (极好)
E3W861.pdb,0.95,Excellent (极好)
K0A689.pdb,0.95,Excellent (极好)
Q02971.pdb,0.95,Excellent (极好)
G9D322.pdb,0.95,Excellent (极好)
Q9K169.pdb,0.95,Excellent (极好)
A0A4D6J6W7.pdb,0.95,Excellent (极好)
A9WCM4.pdb,0.95,Excellent (极好)
C1DTU5.pdb,0.95,Excellent (极好)
P06988.pdb,0.95,Excellent (极好)
O58308.pdb,0.95,Excellent (极好)
Q9L6V3.pdb,0.95,Excellent (极好)
Q6VCW3.pdb,0.95,Excellent (极好)
P24228.pdb,0.95,Excellent (极好)
F0HXE4.pdb,0.95,Excellent (极好)
A0A140N932.pdb,0.95,Excellent (极好)
A0A0H5S3P5.pdb,0.95,Excellent (极好)
Q1HEQ0.pdb,0.95,Excellent (极好)
P42084.pdb,0.95,Excellent (极好)
Q51742.pdb,0.95,Excellent (极好)
P10370.pdb,0.95,Excellent (极好)
Q9HLX1.pdb,0.95,Excellent (极好)
Q9HCS2.pdb,0.95,Excellent (极好)
P0A016.pdb,0.95,Excellent (极好)
A0QU81.pdb,0.95,Excellent (极好)
H9TUK5.pdb,0.95,Excellent (极好)
Q6P587.pdb,0.95,Excellent (极好)
Q9XG54.pdb,0.95,Excellent (极好)
Q29U70.pdb,0.95,Excellent (极好)
Q08GL0.pdb,0.95,Excellent (极好)
A5JVZ2.pdb,0.95,Excellent (极好)
L0CR34.pdb,0.95,Excellent (极好)
Q97U35.pdb,0.95,Excellent (极好)
C4S833.pdb,0.95,Excellent (极好)
A0A120MXL9.pdb,0.95,Excellent (极好)
G0Y288.pdb,0.95,Excellent (极好)
A0LST6.pdb,0.95,Excellent (极好)
Q58010.pdb,0.95,Excellent (极好)
Q0ZS21.pdb,0.95,Excellent (极好)
Q81DR3.pdb,0.95,Excellent (极好)
Q9AVK0.pdb,0.95,Excellent (极好)
Q4PNI0.pdb,0.95,Excellent (极好)
O59485.pdb,0.95,Excellent (极好)
Q0WT03.pdb,0.95,Excellent (极好)
Q9FPF0.pdb,0.95,Excellent (极好)
Q8G545.pdb,0.95,Excellent (极好)
Q9AJS8.pdb,0.95,Excellent (极好)
Q8BGL3.pdb,0.95,Excellent (极好)
F9UM18.pdb,0.95,Excellent (极好)
G2R8B5.pdb,0.95,Excellent (极好)
O51564.pdb,0.95,Excellent (极好)
Q97W08.pdb,0.95,Excellent (极好)
Q4U3F7.pdb,0.95,Excellent (极好)
P00947.pdb,0.95,Excellent (极好)
B6V876.pdb,0.95,Excellent (极好)
Q1KLW0.pdb,0.95,Excellent (极好)
Q9FQE8.pdb,0.95,Excellent (极好)
Q5FQJ0.pdb,0.95,Excellent (极好)
S6BFC0.pdb,0.95,Excellent (极好)
U3TH11.pdb,0.95,Excellent (极好)
Q93EN4.pdb,0.95,Excellent (极好)
S5U834.pdb,0.95,Excellent (极好)
Q9AQH6.pdb,0.95,Excellent (极好)
P45798.pdb,0.95,Excellent (极好)
P11172.pdb,0.95,Excellent (极好)
E4NI20.pdb,0.95,Excellent (极好)
A0R6D9.pdb,0.95,Excellent (极好)
P07314.pdb,0.95,Excellent (极好)
Q9U493.pdb,0.95,Excellent (极好)
B7XBZ7.pdb,0.95,Excellent (极好)
Q7Z4W1.pdb,0.95,Excellent (极好)
M1R338.pdb,0.95,Excellent (极好)
A0A076JRL8.pdb,0.95,Excellent (极好)
L7T8H2.pdb,0.95,Excellent (极好)
Q0PC20.pdb,0.95,Excellent (极好)
A4ISB9.pdb,0.95,Excellent (极好)
Q6TGN2.pdb,0.95,Excellent (极好)
P16311.pdb,0.95,Excellent (极好)
O26004.pdb,0.95,Excellent (极好)
P30615.pdb,0.95,Excellent (极好)
P27051.pdb,0.95,Excellent (极好)
Q59601.pdb,0.95,Excellent (极好)
U6NHS3.pdb,0.95,Excellent (极好)
P9WQP7.pdb,0.95,Excellent (极好)
T1WDH2.pdb,0.95,Excellent (极好)
A9WC36.pdb,0.95,Excellent (极好)
Q96UI5.pdb,0.95,Excellent (极好)
Q86PM2.pdb,0.95,Excellent (极好)
E8T502.pdb,0.95,Excellent (极好)
B6YSF3.pdb,0.95,Excellent (极好)
F2X5L9.pdb,0.95,Excellent (极好)
G9D320.pdb,0.95,Excellent (极好)
Q9ZBU1.pdb,0.95,Excellent (极好)
A0A125T1T5.pdb,0.95,Excellent (极好)
O26232.pdb,0.95,Excellent (极好)
P83218.pdb,0.95,Excellent (极好)
C9DRU9.pdb,0.95,Excellent (极好)
P09622.pdb,0.95,Excellent (极好)
Q1XGD4.pdb,0.95,Excellent (极好)
Q9X2I8.pdb,0.95,Excellent (极好)
Q2HPP6.pdb,0.95,Excellent (极好)
G2QH51.pdb,0.95,Excellent (极好)
B7XBZ8.pdb,0.95,Excellent (极好)
P07288.pdb,0.95,Excellent (极好)
Q65MI2.pdb,0.95,Excellent (极好)
B7J8J0.pdb,0.95,Excellent (极好)
A4FQE5.pdb,0.95,Excellent (极好)
C7B608.pdb,0.95,Excellent (极好)
Q7N6U8.pdb,0.95,Excellent (极好)
P37773.pdb,0.95,Excellent (极好)
Q9SSX0.pdb,0.95,Excellent (极好)
Q304Q4.pdb,0.95,Excellent (极好)
A1TH50.pdb,0.95,Excellent (极好)
P00777.pdb,0.95,Excellent (极好)
A1RUM9.pdb,0.95,Excellent (极好)
O22617.pdb,0.95,Excellent (极好)
Q2PGY1.pdb,0.95,Excellent (极好)
Q6KZB1.pdb,0.95,Excellent (极好)
M0RC77.pdb,0.95,Excellent (极好)
J9WNR5.pdb,0.95,Excellent (极好)
A0A097QQT4.pdb,0.95,Excellent (极好)
Q304Q5.pdb,0.95,Excellent (极好)
P0C0X1.pdb,0.95,Excellent (极好)
Q7WT42.pdb,0.95,Excellent (极好)
A5F5Y3.pdb,0.95,Excellent (极好)
P99159.pdb,0.95,Excellent (极好)
P0A0A8.pdb,0.95,Excellent (极好)
X4YXV3.pdb,0.95,Excellent (极好)
C1K3M8.pdb,0.95,Excellent (极好)
Q9L4G1.pdb,0.95,Excellent (极好)
B0ZB55.pdb,0.95,Excellent (极好)
B8H6N5.pdb,0.94,Excellent (极好)
S6CFJ1.pdb,0.94,Excellent (极好)
Q9H6Z9.pdb,0.94,Excellent (极好)
Q597B8.pdb,0.94,Excellent (极好)
Q8U2A4.pdb,0.94,Excellent (极好)
A0A0C6E754.pdb,0.94,Excellent (极好)
O28778.pdb,0.94,Excellent (极好)
A0KL98.pdb,0.94,Excellent (极好)
Q63880.pdb,0.94,Excellent (极好)
O30298.pdb,0.94,Excellent (极好)
Q96XE7.pdb,0.94,Excellent (极好)
P35505.pdb,0.94,Excellent (极好)
D5LRR6.pdb,0.94,Excellent (极好)
T1WW82.pdb,0.94,Excellent (极好)
Q8JIP7.pdb,0.94,Excellent (极好)
C5IFU0.pdb,0.94,Excellent (极好)
P10959.pdb,0.94,Excellent (极好)
Q4ZFU2.pdb,0.94,Excellent (极好)
C6L862.pdb,0.94,Excellent (极好)
Q70Y21.pdb,0.94,Excellent (极好)
Q50EK4.pdb,0.94,Excellent (极好)
O93623.pdb,0.94,Excellent (极好)
P50991.pdb,0.94,Excellent (极好)
A0A0S1NK17.pdb,0.94,Excellent (极好)
Q02928.pdb,0.94,Excellent (极好)
P51182.pdb,0.94,Excellent (极好)
P0A6M8.pdb,0.94,Excellent (极好)
Q59618.pdb,0.94,Excellent (极好)
Q9X6Z2.pdb,0.94,Excellent (极好)
P10584.pdb,0.94,Excellent (极好)
I1L6I6.pdb,0.94,Excellent (极好)
O74641.pdb,0.94,Excellent (极好)
Q9AJD6.pdb,0.94,Excellent (极好)
P12256.pdb,0.94,Excellent (极好)
Q9C525.pdb,0.94,Excellent (极好)
U3TI46.pdb,0.94,Excellent (极好)
A0A0A0PVL7.pdb,0.94,Excellent (极好)
B3WD16.pdb,0.94,Excellent (极好)
Q6J1M5.pdb,0.94,Excellent (极好)
Q92876.pdb,0.94,Excellent (极好)
P9WQ13.pdb,0.94,Excellent (极好)
C1E5X2.pdb,0.94,Excellent (极好)
P38179.pdb,0.94,Excellent (极好)
Q6PW77.pdb,0.94,Excellent (极好)
A9H275.pdb,0.94,Excellent (极好)
O34788.pdb,0.94,Excellent (极好)
Q92R47.pdb,0.94,Excellent (极好)
A4K8Z2.pdb,0.94,Excellent (极好)
P17169.pdb,0.94,Excellent (极好)
Q9FPN4.pdb,0.94,Excellent (极好)
A0A075Q354.pdb,0.94,Excellent (极好)
A0JC77.pdb,0.94,Excellent (极好)
Q05488.pdb,0.94,Excellent (极好)
D3ZUA0.pdb,0.94,Excellent (极好)
Q4QNS8.pdb,0.94,Excellent (极好)
H2DH16.pdb,0.94,Excellent (极好)
Q8LPL7.pdb,0.94,Excellent (极好)
D2K8K6.pdb,0.94,Excellent (极好)
Q29073.pdb,0.94,Excellent (极好)
Q8KN11.pdb,0.94,Excellent (极好)
Q8NJJ9.pdb,0.94,Excellent (极好)
O50083.pdb,0.94,Excellent (极好)
Q0KKA6.pdb,0.94,Excellent (极好)
Q9BU02.pdb,0.94,Excellent (极好)
P35503.pdb,0.94,Excellent (极好)
Q8TUC8.pdb,0.94,Excellent (极好)
P94804.pdb,0.94,Excellent (极好)
D8WN00.pdb,0.94,Excellent (极好)
Q8ZLM7.pdb,0.94,Excellent (极好)
Q4K418.pdb,0.94,Excellent (极好)
P53184.pdb,0.94,Excellent (极好)
G5DGA8.pdb,0.94,Excellent (极好)
Q9FPN3.pdb,0.94,Excellent (极好)
Q8DK72.pdb,0.94,Excellent (极好)
P40495.pdb,0.94,Excellent (极好)
D0UZK7.pdb,0.94,Excellent (极好)
T1WWB9.pdb,0.94,Excellent (极好)
P0CT88.pdb,0.94,Excellent (极好)
Q57900.pdb,0.94,Excellent (极好)
A0A059WLZ7.pdb,0.94,Excellent (极好)
P08686.pdb,0.94,Excellent (极好)
Q6S3D7.pdb,0.94,Excellent (极好)
Q9PU23.pdb,0.94,Excellent (极好)
Q50EK6.pdb,0.94,Excellent (极好)
Q6R7M4.pdb,0.94,Excellent (极好)
Q9VA70.pdb,0.94,Excellent (极好)
Q5D8X4.pdb,0.94,Excellent (极好)
M1R367.pdb,0.94,Excellent (极好)
O58453.pdb,0.94,Excellent (极好)
Q6PH75.pdb,0.94,Excellent (极好)
A0A0H3FYM1.pdb,0.94,Excellent (极好)
D1C7Y4.pdb,0.94,Excellent (极好)
O58237.pdb,0.94,Excellent (极好)
P77425.pdb,0.94,Excellent (极好)
Q4J6C9.pdb,0.94,Excellent (极好)
A0A3T0YV67.pdb,0.94,Excellent (极好)
P07943.pdb,0.94,Excellent (极好)
Q15759.pdb,0.94,Excellent (极好)
O28341.pdb,0.94,Excellent (极好)
Q9Y8D9.pdb,0.94,Excellent (极好)
S4TYX4.pdb,0.94,Excellent (极好)
O28294.pdb,0.94,Excellent (极好)
Q8IE47.pdb,0.94,Excellent (极好)
B1N1A2.pdb,0.94,Excellent (极好)
A0A0H3K7Y1.pdb,0.94,Excellent (极好)
L0D9B6.pdb,0.94,Excellent (极好)
O07177.pdb,0.94,Excellent (极好)
Q8CJQ1.pdb,0.94,Excellent (极好)
M9VR53.pdb,0.94,Excellent (极好)
I3RFR5.pdb,0.94,Excellent (极好)
O24529.pdb,0.94,Excellent (极好)
Q89E96.pdb,0.94,Excellent (极好)
Q2RJ94.pdb,0.94,Excellent (极好)
Q7XR61.pdb,0.94,Excellent (极好)
Q9ZAP8.pdb,0.94,Excellent (极好)
Q27758.pdb,0.94,Excellent (极好)
Q9M1W4.pdb,0.94,Excellent (极好)
P30711.pdb,0.94,Excellent (极好)
P51094.pdb,0.94,Excellent (极好)
P0CU53.pdb,0.94,Excellent (极好)
B1KD89.pdb,0.94,Excellent (极好)
Q00535.pdb,0.94,Excellent (极好)
Q4W6L6.pdb,0.94,Excellent (极好)
O54204.pdb,0.94,Excellent (极好)
Q20CL1.pdb,0.94,Excellent (极好)
P93243.pdb,0.94,Excellent (极好)
Q8IE38.pdb,0.94,Excellent (极好)
B8IF02.pdb,0.94,Excellent (极好)
Q48935.pdb,0.94,Excellent (极好)
P98187.pdb,0.94,Excellent (极好)
P24158.pdb,0.94,Excellent (极好)
Q58346.pdb,0.94,Excellent (极好)
Q88RQ5.pdb,0.94,Excellent (极好)
B6VFQ8.pdb,0.94,Excellent (极好)
A5U2B7.pdb,0.94,Excellent (极好)
A0A5A4PXL6.pdb,0.94,Excellent (极好)
Q8U2E4.pdb,0.94,Excellent (极好)
B5ABD8.pdb,0.94,Excellent (极好)
Q0VZ68.pdb,0.94,Excellent (极好)
Q8KN40.pdb,0.94,Excellent (极好)
P40288.pdb,0.94,Excellent (极好)
P39406.pdb,0.94,Excellent (极好)
Q08ET4.pdb,0.94,Excellent (极好)
Q5JIE9.pdb,0.94,Excellent (极好)
P53215.pdb,0.94,Excellent (极好)
Q8YXV3.pdb,0.94,Excellent (极好)
D8L2Y2.pdb,0.94,Excellent (极好)
P52208.pdb,0.94,Excellent (极好)
A0A0A1H8I4.pdb,0.94,Excellent (极好)
Q13087.pdb,0.94,Excellent (极好)
O86436.pdb,0.94,Excellent (极好)
K9NKC3.pdb,0.94,Excellent (极好)
P39077.pdb,0.94,Excellent (极好)
L0N5C4.pdb,0.94,Excellent (极好)
A2QIR3.pdb,0.94,Excellent (极好)
Q12629.pdb,0.94,Excellent (极好)
B9ZZZ6.pdb,0.94,Excellent (极好)
Q8KRD4.pdb,0.94,Excellent (极好)
H9BQR9.pdb,0.94,Excellent (极好)
Q8U3U9.pdb,0.94,Excellent (极好)
G4VV62.pdb,0.94,Excellent (极好)
Q97L63.pdb,0.94,Excellent (极好)
A6BM07.pdb,0.94,Excellent (极好)
Q95M12.pdb,0.94,Excellent (极好)
P17988.pdb,0.94,Excellent (极好)
P0AB85.pdb,0.94,Excellent (极好)
P20132.pdb,0.94,Excellent (极好)
D3IWE5.pdb,0.94,Excellent (极好)
P40999.pdb,0.94,Excellent (极好)
Q9ZGH6.pdb,0.94,Excellent (极好)
Q5JFV8.pdb,0.94,Excellent (极好)
Q07010.pdb,0.94,Excellent (极好)
Q88BB5.pdb,0.94,Excellent (极好)
A0A0M4J2R3.pdb,0.94,Excellent (极好)
B4XEK5.pdb,0.94,Excellent (极好)
O49235.pdb,0.94,Excellent (极好)
P16083.pdb,0.94,Excellent (极好)
A4IJM8.pdb,0.94,Excellent (极好)
Q8ISJ5.pdb,0.94,Excellent (极好)
P48637.pdb,0.94,Excellent (极好)
Q9Z4N5.pdb,0.94,Excellent (极好)
P9WIQ1.pdb,0.94,Excellent (极好)
Q8RHX2.pdb,0.94,Excellent (极好)
F6L7F5.pdb,0.94,Excellent (极好)
Q9C4M5.pdb,0.94,Excellent (极好)
Q81R22.pdb,0.94,Excellent (极好)
Q4QEB3.pdb,0.94,Excellent (极好)
M1F2U2.pdb,0.94,Excellent (极好)
A1XBT9.pdb,0.94,Excellent (极好)
A0A0E4CER9.pdb,0.94,Excellent (极好)
P08263.pdb,0.94,Excellent (极好)
E5DD06.pdb,0.94,Excellent (极好)
Q9RBS3.pdb,0.94,Excellent (极好)
Q6TQT0.pdb,0.94,Excellent (极好)
Q26304.pdb,0.94,Excellent (极好)
V5LER1.pdb,0.94,Excellent (极好)
Q1AG35.pdb,0.94,Excellent (极好)
F1KBQ3.pdb,0.94,Excellent (极好)
Q9A1Y0.pdb,0.94,Excellent (极好)
Q29476.pdb,0.94,Excellent (极好)
Q6WAU1.pdb,0.94,Excellent (极好)
F6IXY6.pdb,0.94,Excellent (极好)
P06961.pdb,0.94,Excellent (极好)
P93033.pdb,0.94,Excellent (极好)
Q8RB32.pdb,0.94,Excellent (极好)
F4IV16.pdb,0.94,Excellent (极好)
Q7CIZ7.pdb,0.94,Excellent (极好)
Q4KIM5.pdb,0.94,Excellent (极好)
Q4JB88.pdb,0.94,Excellent (极好)
Q2RK58.pdb,0.94,Excellent (极好)
A0A0H2ZF87.pdb,0.94,Excellent (极好)
Q6R7Z5.pdb,0.94,Excellent (极好)
A1S0B1.pdb,0.94,Excellent (极好)
A0A3G5E8S8.pdb,0.94,Excellent (极好)
A3GHR6.pdb,0.94,Excellent (极好)
Q84DC4.pdb,0.94,Excellent (极好)
D2CFQ9.pdb,0.94,Excellent (极好)
F0S6Y3.pdb,0.94,Excellent (极好)
Q9I6K2.pdb,0.94,Excellent (极好)
O05510.pdb,0.94,Excellent (极好)
Q83WH5.pdb,0.94,Excellent (极好)
E7FHL9.pdb,0.94,Excellent (极好)
P39079.pdb,0.94,Excellent (极好)
P06133.pdb,0.94,Excellent (极好)
H2IFE7.pdb,0.94,Excellent (极好)
H6LBB0.pdb,0.94,Excellent (极好)
Q9HIC2.pdb,0.94,Excellent (极好)
Q9BUM1.pdb,0.94,Excellent (极好)
O51648.pdb,0.94,Excellent (极好)
Q580R7.pdb,0.94,Excellent (极好)
P04995.pdb,0.94,Excellent (极好)
Q9UHK6.pdb,0.94,Excellent (极好)
P80324.pdb,0.94,Excellent (极好)
Q9ZWQ9.pdb,0.94,Excellent (极好)
F1SWA0.pdb,0.94,Excellent (极好)
Q21NF7.pdb,0.94,Excellent (极好)
Q8THU2.pdb,0.94,Excellent (极好)
A0A455KZK8.pdb,0.94,Excellent (极好)
Q8U4Q3.pdb,0.94,Excellent (极好)
Q9HWM8.pdb,0.94,Excellent (极好)
Q56775.pdb,0.94,Excellent (极好)
Q9I530.pdb,0.94,Excellent (极好)
Q1HGL1.pdb,0.94,Excellent (极好)
A8YCJ7.pdb,0.94,Excellent (极好)
P49425.pdb,0.94,Excellent (极好)
Q82P90.pdb,0.94,Excellent (极好)
Q9DDU5.pdb,0.94,Excellent (极好)
A4UU22.pdb,0.94,Excellent (极好)
Q9TQS6.pdb,0.94,Excellent (极好)
M1QEG4.pdb,0.94,Excellent (极好)
P29237.pdb,0.94,Excellent (极好)
Q6PNM8.pdb,0.94,Excellent (极好)
Q52032.pdb,0.94,Excellent (极好)
B1GT63.pdb,0.94,Excellent (极好)
F9VPG1.pdb,0.94,Excellent (极好)
Q9I3T5.pdb,0.94,Excellent (极好)
Q20CL2.pdb,0.94,Excellent (极好)
M1R344.pdb,0.94,Excellent (极好)
T1NXM4.pdb,0.94,Excellent (极好)
C5J3R6.pdb,0.94,Excellent (极好)
P51649.pdb,0.94,Excellent (极好)
A4F1Q6.pdb,0.94,Excellent (极好)
P56707.pdb,0.94,Excellent (极好)
A5HIG4.pdb,0.94,Excellent (极好)
Q47914.pdb,0.94,Excellent (极好)
P48515.pdb,0.94,Excellent (极好)
A7YBX4.pdb,0.94,Excellent (极好)
Q4VRW7.pdb,0.94,Excellent (极好)
I6Y4D2.pdb,0.94,Excellent (极好)
Q72JC9.pdb,0.94,Excellent (极好)
A3MUZ0.pdb,0.94,Excellent (极好)
Q0E4W0.pdb,0.94,Excellent (极好)
G3FFC9.pdb,0.94,Excellent (极好)
P07237.pdb,0.94,Excellent (极好)
Q4VRW4.pdb,0.94,Excellent (极好)
Q5AUX2.pdb,0.94,Excellent (极好)
Q2I2N4.pdb,0.94,Excellent (极好)
H6V8U4.pdb,0.94,Excellent (极好)
F5BFC8.pdb,0.94,Excellent (极好)
Q9RUY4.pdb,0.94,Excellent (极好)
G0Y286.pdb,0.94,Excellent (极好)
B2BSJ6.pdb,0.94,Excellent (极好)
A0A0F7EVN0.pdb,0.94,Excellent (极好)
P63411.pdb,0.94,Excellent (极好)
P58603.pdb,0.94,Excellent (极好)
A7HNY8.pdb,0.94,Excellent (极好)
Q00G41.pdb,0.94,Excellent (极好)
A9CJ26.pdb,0.94,Excellent (极好)
J7LH11.pdb,0.94,Excellent (极好)
O08367.pdb,0.94,Excellent (极好)
A0A346XR64.pdb,0.94,Excellent (极好)
A1KZ88.pdb,0.94,Excellent (极好)
Q9XGT8.pdb,0.94,Excellent (极好)
A0A2I7M6F6.pdb,0.94,Excellent (极好)
Q9M8S8.pdb,0.94,Excellent (极好)
A3MUJ4.pdb,0.94,Excellent (极好)
Q07DT9.pdb,0.94,Excellent (极好)
P28861.pdb,0.94,Excellent (极好)
Q20CL5.pdb,0.94,Excellent (极好)
P16116.pdb,0.94,Excellent (极好)
Q8XB60.pdb,0.94,Excellent (极好)
P80318.pdb,0.94,Excellent (极好)
Q9WY14.pdb,0.94,Excellent (极好)
P41407.pdb,0.94,Excellent (极好)
Q8X270.pdb,0.94,Excellent (极好)
J7II91.pdb,0.94,Excellent (极好)
F8G0M3.pdb,0.94,Excellent (极好)
Q43771.pdb,0.94,Excellent (极好)
D4P4Y7.pdb,0.94,Excellent (极好)
Q04212.pdb,0.94,Excellent (极好)
P76217.pdb,0.94,Excellent (极好)
Q2YS20.pdb,0.94,Excellent (极好)
Q9NL96.pdb,0.94,Excellent (极好)
Q58991.pdb,0.94,Excellent (极好)
Q8L7J2.pdb,0.94,Excellent (极好)
A4YGN0.pdb,0.94,Excellent (极好)
A3E7Z7.pdb,0.94,Excellent (极好)
P93031.pdb,0.94,Excellent (极好)
P9WJJ7.pdb,0.94,Excellent (极好)
Q57981.pdb,0.94,Excellent (极好)
C0LZJ6.pdb,0.94,Excellent (极好)
Q9I6J9.pdb,0.94,Excellent (极好)
P28838.pdb,0.94,Excellent (极好)
Q8U2I1.pdb,0.94,Excellent (极好)
A0A2U8JGA6.pdb,0.94,Excellent (极好)
O84919.pdb,0.94,Excellent (极好)
W5RWH8.pdb,0.94,Excellent (极好)
A0A0F6QU36.pdb,0.94,Excellent (极好)
Q8GTJ0.pdb,0.94,Excellent (极好)
T1WWB5.pdb,0.94,Excellent (极好)
A0A0C6ENR6.pdb,0.94,Excellent (极好)
A6MF03.pdb,0.94,Excellent (极好)
P52209.pdb,0.94,Excellent (极好)
A0QVM9.pdb,0.94,Excellent (极好)
S4T8N6.pdb,0.94,Excellent (极好)
F6JRN6.pdb,0.94,Excellent (极好)
P26902.pdb,0.94,Excellent (极好)
Q06AK7.pdb,0.94,Excellent (极好)
R7AVK7.pdb,0.94,Excellent (极好)
P95748.pdb,0.94,Excellent (极好)
P77488.pdb,0.94,Excellent (极好)
B5BLP0.pdb,0.94,Excellent (极好)
Q6Q3H3.pdb,0.94,Excellent (极好)
D9TH31.pdb,0.94,Excellent (极好)
F8RPR8.pdb,0.94,Excellent (极好)
P9WHQ9.pdb,0.94,Excellent (极好)
Q9HUA0.pdb,0.94,Excellent (极好)
P22309.pdb,0.94,Excellent (极好)
Q47RJ6.pdb,0.94,Excellent (极好)
E7FI87.pdb,0.94,Excellent (极好)
Q6EB26.pdb,0.94,Excellent (极好)
B4EKH5.pdb,0.94,Excellent (极好)
Q948T6.pdb,0.94,Excellent (极好)
Q70GK8.pdb,0.94,Excellent (极好)
Q8LSC2.pdb,0.94,Excellent (极好)
E9LVH8.pdb,0.94,Excellent (极好)
C3VEV9.pdb,0.94,Excellent (极好)
P39138.pdb,0.94,Excellent (极好)
W8QF82.pdb,0.94,Excellent (极好)
Q9YD18.pdb,0.94,Excellent (极好)
Q5EXK1.pdb,0.94,Excellent (极好)
E4MYY0.pdb,0.94,Excellent (极好)
Q97VM8.pdb,0.94,Excellent (极好)
B5SYI8.pdb,0.94,Excellent (极好)
Q15738.pdb,0.94,Excellent (极好)
D5GRP3.pdb,0.94,Excellent (极好)
Q2XSC4.pdb,0.94,Excellent (极好)
Q7YRG5.pdb,0.94,Excellent (极好)
O54288.pdb,0.94,Excellent (极好)
Q5U924.pdb,0.94,Excellent (极好)
D3GDK4.pdb,0.94,Excellent (极好)
Q8LIL0.pdb,0.94,Excellent (极好)
Q9XGT9.pdb,0.94,Excellent (极好)
Q3IFA2.pdb,0.94,Excellent (极好)
Q4U1I5.pdb,0.94,Excellent (极好)
Q3HL75.pdb,0.94,Excellent (极好)
P54166.pdb,0.94,Excellent (极好)
A3KEZ1.pdb,0.94,Excellent (极好)
A0S5Z5.pdb,0.94,Excellent (极好)
Q96T66.pdb,0.94,Excellent (极好)
B8ZV93.pdb,0.94,Excellent (极好)
A8J2S9.pdb,0.94,Excellent (极好)
A0A0A1E7P5.pdb,0.94,Excellent (极好)
Q8NRQ7.pdb,0.94,Excellent (极好)
P38489.pdb,0.94,Excellent (极好)
Q67YC0.pdb,0.94,Excellent (极好)
C5BJ89.pdb,0.94,Excellent (极好)
Q5SIY4.pdb,0.94,Excellent (极好)
O08355.pdb,0.94,Excellent (极好)
Q0P8J7.pdb,0.94,Excellent (极好)
Q12051.pdb,0.94,Excellent (极好)
H9N839.pdb,0.94,Excellent (极好)
P80522.pdb,0.94,Excellent (极好)
C8WGQ3.pdb,0.94,Excellent (极好)
Q59I68.pdb,0.94,Excellent (极好)
Q9I0Q0.pdb,0.94,Excellent (极好)
Q58499.pdb,0.94,Excellent (极好)
P63224.pdb,0.94,Excellent (极好)
O00748.pdb,0.94,Excellent (极好)
P83194.pdb,0.94,Excellent (极好)
B2BSJ5.pdb,0.94,Excellent (极好)
Q8U1M0.pdb,0.94,Excellent (极好)
A4XGA6.pdb,0.94,Excellent (极好)
Q9I5I6.pdb,0.94,Excellent (极好)
Q66ME9.pdb,0.94,Excellent (极好)
S6C8W7.pdb,0.94,Excellent (极好)
I6Z9A7.pdb,0.94,Excellent (极好)
P21888.pdb,0.94,Excellent (极好)
Q9Y8J4.pdb,0.94,Excellent (极好)
Q97W94.pdb,0.94,Excellent (极好)
Q9RWH9.pdb,0.94,Excellent (极好)
P85968.pdb,0.94,Excellent (极好)
Q50EK5.pdb,0.94,Excellent (极好)
Q58HT5.pdb,0.94,Excellent (极好)
P0C037.pdb,0.94,Excellent (极好)
Q9C8Y9.pdb,0.94,Excellent (极好)
Q9UTM7.pdb,0.94,Excellent (极好)
A8JC04.pdb,0.94,Excellent (极好)
A5N5D3.pdb,0.94,Excellent (极好)
A0A172MAU1.pdb,0.94,Excellent (极好)
Q5U789.pdb,0.94,Excellent (极好)
Q08IT7.pdb,0.94,Excellent (极好)
Q8MJ30.pdb,0.94,Excellent (极好)
A0A0N9WRG3.pdb,0.94,Excellent (极好)
F1T242.pdb,0.94,Excellent (极好)
Q9WYD3.pdb,0.94,Excellent (极好)
Q64573.pdb,0.94,Excellent (极好)
Q1J0W0.pdb,0.94,Excellent (极好)
Q6NUS8.pdb,0.94,Excellent (极好)
Q6XKX6.pdb,0.94,Excellent (极好)
A0A1B3EB36.pdb,0.94,Excellent (极好)
Q5CXD0.pdb,0.94,Excellent (极好)
P0A6I3.pdb,0.94,Excellent (极好)
A0A073KHN9.pdb,0.94,Excellent (极好)
P0ADR6.pdb,0.94,Excellent (极好)
A0A5K1QBJ4.pdb,0.94,Excellent (极好)
Q9L0M3.pdb,0.94,Excellent (极好)
Q9HUU7.pdb,0.94,Excellent (极好)
P29068.pdb,0.94,Excellent (极好)
P04189.pdb,0.94,Excellent (极好)
P38032.pdb,0.94,Excellent (极好)
Q9M631.pdb,0.94,Excellent (极好)
D7UQ40.pdb,0.94,Excellent (极好)
Q8KWI9.pdb,0.94,Excellent (极好)
Q5CAF4.pdb,0.94,Excellent (极好)
A0A1I0U0N3.pdb,0.94,Excellent (极好)
A9CQC1.pdb,0.94,Excellent (极好)
X5D911.pdb,0.94,Excellent (极好)
C5H429.pdb,0.94,Excellent (极好)
Q9WWU5.pdb,0.94,Excellent (极好)
G1K3P5.pdb,0.94,Excellent (极好)
A8GHH5.pdb,0.94,Excellent (极好)
P03958.pdb,0.94,Excellent (极好)
Q5JDA9.pdb,0.94,Excellent (极好)
Q8K3R0.pdb,0.94,Excellent (极好)
Q5BCF8.pdb,0.94,Excellent (极好)
Q9ZVJ5.pdb,0.94,Excellent (极好)
Q6LXQ3.pdb,0.94,Excellent (极好)
Q97W27.pdb,0.94,Excellent (极好)
P13154.pdb,0.94,Excellent (极好)
D3GE78.pdb,0.94,Excellent (极好)
Q7S3U4.pdb,0.94,Excellent (极好)
Q38L00.pdb,0.94,Excellent (极好)
O86169.pdb,0.94,Excellent (极好)
F0NBH8.pdb,0.94,Excellent (极好)
Q5JJB9.pdb,0.94,Excellent (极好)
Q9ABE3.pdb,0.94,Excellent (极好)
P26093.pdb,0.94,Excellent (极好)
Q5SIJ1.pdb,0.94,Excellent (极好)
Q0PCR9.pdb,0.94,Excellent (极好)
P62009.pdb,0.94,Excellent (极好)
Q6K1J1.pdb,0.94,Excellent (极好)
Q4DMS3.pdb,0.94,Excellent (极好)
A0A0A7RRF2.pdb,0.94,Excellent (极好)
Q57880.pdb,0.94,Excellent (极好)
P56076.pdb,0.94,Excellent (极好)
Q9I4V0.pdb,0.94,Excellent (极好)
Q8KAB0.pdb,0.94,Excellent (极好)
G0UYF4.pdb,0.94,Excellent (极好)
Q9Y749.pdb,0.94,Excellent (极好)
A4YEH9.pdb,0.94,Excellent (极好)
A0A077AY47.pdb,0.94,Excellent (极好)
H6TG59.pdb,0.94,Excellent (极好)
F1N0E5.pdb,0.94,Excellent (极好)
Q6UR88.pdb,0.94,Excellent (极好)
Q5YYQ3.pdb,0.94,Excellent (极好)
Q41158.pdb,0.94,Excellent (极好)
A0A1B1FIW0.pdb,0.94,Excellent (极好)
Q932V0.pdb,0.94,Excellent (极好)
O08349.pdb,0.94,Excellent (极好)
A0A292GFI2.pdb,0.94,Excellent (极好)
G3XCJ9.pdb,0.94,Excellent (极好)
F0S8P2.pdb,0.94,Excellent (极好)
C7E719.pdb,0.94,Excellent (极好)
P9WKJ1.pdb,0.94,Excellent (极好)
Q03154.pdb,0.94,Excellent (极好)
Q9YA64.pdb,0.94,Excellent (极好)
Q9VSL5.pdb,0.94,Excellent (极好)
C3VMY4.pdb,0.94,Excellent (极好)
B3FYT6.pdb,0.94,Excellent (极好)
Q3SYC2.pdb,0.94,Excellent (极好)
A5FA14.pdb,0.94,Excellent (极好)
Q9JZG1.pdb,0.94,Excellent (极好)
Q54453.pdb,0.94,Excellent (极好)
O52195.pdb,0.94,Excellent (极好)
V4PWY9.pdb,0.94,Excellent (极好)
A0A140JW77.pdb,0.94,Excellent (极好)
D3U591.pdb,0.94,Excellent (极好)
O29269.pdb,0.94,Excellent (极好)
P39912.pdb,0.94,Excellent (极好)
P0A7E9.pdb,0.94,Excellent (极好)
W8P6D0.pdb,0.94,Excellent (极好)
Q0QLE6.pdb,0.94,Excellent (极好)
A0A542W0V0.pdb,0.94,Excellent (极好)
P33038.pdb,0.94,Excellent (极好)
I6R478.pdb,0.94,Excellent (极好)
F5ITJ6.pdb,0.94,Excellent (极好)
Q14EL6.pdb,0.94,Excellent (极好)
A0A1W6AKT2.pdb,0.94,Excellent (极好)
Q877G8.pdb,0.94,Excellent (极好)
Q93M81.pdb,0.94,Excellent (极好)
Q12XX4.pdb,0.94,Excellent (极好)
P39482.pdb,0.94,Excellent (极好)
Q8R5M5.pdb,0.94,Excellent (极好)
Q9UZV2.pdb,0.94,Excellent (极好)
Q51645.pdb,0.94,Excellent (极好)
G4RJQ1.pdb,0.94,Excellent (极好)
Q9WYB1.pdb,0.94,Excellent (极好)
C8P490.pdb,0.94,Excellent (极好)
Q10714.pdb,0.94,Excellent (极好)
Q8NS79.pdb,0.94,Excellent (极好)
Q4VRW6.pdb,0.94,Excellent (极好)
B6F1A8.pdb,0.94,Excellent (极好)
Q9YC66.pdb,0.94,Excellent (极好)
Q81LA8.pdb,0.94,Excellent (极好)
V6BP73.pdb,0.94,Excellent (极好)
D2Y3F4.pdb,0.94,Excellent (极好)
A0A0U1WKA6.pdb,0.94,Excellent (极好)
Q5SJ01.pdb,0.94,Excellent (极好)
A0A0A0PTJ7.pdb,0.94,Excellent (极好)
B2G3G6.pdb,0.94,Excellent (极好)
P23953.pdb,0.94,Excellent (极好)
P53720.pdb,0.94,Excellent (极好)
Q8J0N2.pdb,0.94,Excellent (极好)
Q7ZVB4.pdb,0.94,Excellent (极好)
Q8II79.pdb,0.94,Excellent (极好)
P0CW58.pdb,0.94,Excellent (极好)
Q8GU20.pdb,0.94,Excellent (极好)
A0A125R6G8.pdb,0.94,Excellent (极好)
Q58431.pdb,0.94,Excellent (极好)
Q9XDT2.pdb,0.94,Excellent (极好)
O66747.pdb,0.94,Excellent (极好)
T1WWR8.pdb,0.94,Excellent (极好)
A0A2I7SX03.pdb,0.94,Excellent (极好)
U3LXJ8.pdb,0.94,Excellent (极好)
A0A0R7QX11.pdb,0.94,Excellent (极好)
M1R991.pdb,0.94,Excellent (极好)
U6A566.pdb,0.94,Excellent (极好)
P9WNG5.pdb,0.94,Excellent (极好)
A0A248QF88.pdb,0.94,Excellent (极好)
Q7XIV4.pdb,0.94,Excellent (极好)
Q8X277.pdb,0.94,Excellent (极好)
Q57ZS7.pdb,0.94,Excellent (极好)
A3GHL4.pdb,0.94,Excellent (极好)
F8A9V0.pdb,0.94,Excellent (极好)
P48418.pdb,0.94,Excellent (极好)
D8R6G2.pdb,0.94,Excellent (极好)
S6B6P7.pdb,0.94,Excellent (极好)
C5MR71.pdb,0.94,Excellent (极好)
Q8L539.pdb,0.94,Excellent (极好)
Q75WF1.pdb,0.94,Excellent (极好)
H2FL91.pdb,0.94,Excellent (极好)
Q8LP20.pdb,0.94,Excellent (极好)
P50933.pdb,0.94,Excellent (极好)
A0A1B4XTS0.pdb,0.94,Excellent (极好)
Q97YX7.pdb,0.94,Excellent (极好)
Q9FPN5.pdb,0.94,Excellent (极好)
M5AXT3.pdb,0.94,Excellent (极好)
D3YZG8.pdb,0.94,Excellent (极好)
D2RL84.pdb,0.94,Excellent (极好)
Q6LXJ6.pdb,0.94,Excellent (极好)
P19157.pdb,0.94,Excellent (极好)
P12544.pdb,0.94,Excellent (极好)
Q97ZE2.pdb,0.94,Excellent (极好)
Q9FI53.pdb,0.94,Excellent (极好)
A0A292GEP7.pdb,0.94,Excellent (极好)
C4L2T5.pdb,0.94,Excellent (极好)
O75795.pdb,0.94,Excellent (极好)
P00327.pdb,0.94,Excellent (极好)
Q9H2R5.pdb,0.94,Excellent (极好)
P0DPA8.pdb,0.94,Excellent (极好)
Q6Y656.pdb,0.94,Excellent (极好)
O68541.pdb,0.94,Excellent (极好)
O86224.pdb,0.94,Excellent (极好)
B3GK03.pdb,0.94,Excellent (极好)
Q79EM8.pdb,0.94,Excellent (极好)
T1WE96.pdb,0.94,Excellent (极好)
Q2VAZ3.pdb,0.94,Excellent (极好)
O50444.pdb,0.94,Excellent (极好)
A3GF05.pdb,0.94,Excellent (极好)
Q3T0K2.pdb,0.94,Excellent (极好)
O04905.pdb,0.94,Excellent (极好)
Q65L63.pdb,0.94,Excellent (极好)
C4B4E7.pdb,0.94,Excellent (极好)
C1I202.pdb,0.94,Excellent (极好)
Q9SBQ9.pdb,0.94,Excellent (极好)
Q01284.pdb,0.94,Excellent (极好)
P60891.pdb,0.94,Excellent (极好)
Q88FY2.pdb,0.94,Excellent (极好)
T1WUU2.pdb,0.94,Excellent (极好)
B1XPH5.pdb,0.94,Excellent (极好)
Q969Z3.pdb,0.94,Excellent (极好)
Q0QFQ3.pdb,0.94,Excellent (极好)
Q38EV1.pdb,0.94,Excellent (极好)
O50173.pdb,0.94,Excellent (极好)
Q49SP6.pdb,0.94,Excellent (极好)
Q8CT69.pdb,0.94,Excellent (极好)
Q20CL3.pdb,0.94,Excellent (极好)
P37572.pdb,0.94,Excellent (极好)
A7U0E5.pdb,0.94,Excellent (极好)
Q5FNX9.pdb,0.94,Excellent (极好)
Q9RFN5.pdb,0.94,Excellent (极好)
Q9C6D2.pdb,0.94,Excellent (极好)
T1NXM1.pdb,0.94,Excellent (极好)
Q74JG0.pdb,0.94,Excellent (极好)
O33707.pdb,0.94,Excellent (极好)
B2DD57.pdb,0.94,Excellent (极好)
O70177.pdb,0.94,Excellent (极好)
Q9P9M8.pdb,0.94,Excellent (极好)
B8C5X1.pdb,0.94,Excellent (极好)
H6V962.pdb,0.94,Excellent (极好)
D6CHF2.pdb,0.94,Excellent (极好)
P42293.pdb,0.94,Excellent (极好)
P55250.pdb,0.94,Excellent (极好)
Q5JI38.pdb,0.94,Excellent (极好)
B6CWJ3.pdb,0.94,Excellent (极好)
A0A1B2CX88.pdb,0.94,Excellent (极好)
Q9NPI5.pdb,0.94,Excellent (极好)
Q84F19.pdb,0.94,Excellent (极好)
Q9X273.pdb,0.94,Excellent (极好)
Q91XE4.pdb,0.94,Excellent (极好)
C1IC99.pdb,0.94,Excellent (极好)
Q6IT79.pdb,0.94,Excellent (极好)
Q9H4Y5.pdb,0.94,Excellent (极好)
O57899.pdb,0.94,Excellent (极好)
Q6YP15.pdb,0.94,Excellent (极好)
Q6AYS7.pdb,0.94,Excellent (极好)
Q8U3I6.pdb,0.94,Excellent (极好)
Q5NTH0.pdb,0.94,Excellent (极好)
Q7Z1V6.pdb,0.94,Excellent (极好)
A0A1B1FIW2.pdb,0.94,Excellent (极好)
Q9VMC9.pdb,0.94,Excellent (极好)
Q20CL6.pdb,0.94,Excellent (极好)
Q72KH8.pdb,0.94,Excellent (极好)
O46419.pdb,0.94,Excellent (极好)
A2BIX4.pdb,0.94,Excellent (极好)
A7LM75.pdb,0.94,Excellent (极好)
P54855.pdb,0.94,Excellent (极好)
Q9UR30.pdb,0.94,Excellent (极好)
A0A145Y386.pdb,0.94,Excellent (极好)
B2Y0K4.pdb,0.94,Excellent (极好)
Q4VNK0.pdb,0.94,Excellent (极好)
O93656.pdb,0.94,Excellent (极好)
Q25BW4.pdb,0.94,Excellent (极好)
Q6L6Q4.pdb,0.94,Excellent (极好)
Q2K0Q7.pdb,0.94,Excellent (极好)
Q5NLA9.pdb,0.94,Excellent (极好)
B0BNM1.pdb,0.94,Excellent (极好)
S5FMM4.pdb,0.94,Excellent (极好)
Q9CAN8.pdb,0.94,Excellent (极好)
B9ZZN9.pdb,0.94,Excellent (极好)
G2I689.pdb,0.94,Excellent (极好)
Q964H2.pdb,0.94,Excellent (极好)
F6L7F4.pdb,0.94,Excellent (极好)
Q8U259.pdb,0.94,Excellent (极好)
A6PZ97.pdb,0.94,Excellent (极好)
A0A1X9Y2Y6.pdb,0.94,Excellent (极好)
Q9SVQ1.pdb,0.94,Excellent (极好)
Q97VT7.pdb,0.94,Excellent (极好)
Q6A0I4.pdb,0.94,Excellent (极好)
B6ZIV1.pdb,0.94,Excellent (极好)
Q9TUI8.pdb,0.94,Excellent (极好)
Q9X519.pdb,0.94,Excellent (极好)
A0A0C6EUC4.pdb,0.94,Excellent (极好)
E7FHY4.pdb,0.94,Excellent (极好)
E4QP00.pdb,0.94,Excellent (极好)
P62003.pdb,0.94,Excellent (极好)
O58389.pdb,0.94,Excellent (极好)
P20582.pdb,0.94,Excellent (极好)
Q9HM14.pdb,0.94,Excellent (极好)
Q5SLG5.pdb,0.94,Excellent (极好)
P24806.pdb,0.94,Excellent (极好)
A0A0K0XHU0.pdb,0.94,Excellent (极好)
D2Y640.pdb,0.94,Excellent (极好)
A0A140JW76.pdb,0.94,Excellent (极好)
Q96AB6.pdb,0.94,Excellent (极好)
Q836A5.pdb,0.94,Excellent (极好)
I2FFE9.pdb,0.94,Excellent (极好)
P22441.pdb,0.94,Excellent (极好)
B8ZV94.pdb,0.94,Excellent (极好)
G4T1H4.pdb,0.94,Excellent (极好)
A0A160PRJ4.pdb,0.94,Excellent (极好)
Q5JEW2.pdb,0.94,Excellent (极好)
P09169.pdb,0.94,Excellent (极好)
P46920.pdb,0.94,Excellent (极好)
Q72IR2.pdb,0.94,Excellent (极好)
D3IWE6.pdb,0.94,Excellent (极好)
Q8KDI7.pdb,0.94,Excellent (极好)
Q20CL4.pdb,0.94,Excellent (极好)
P15888.pdb,0.94,Excellent (极好)
P74515.pdb,0.94,Excellent (极好)
P00191.pdb,0.94,Excellent (极好)
Q72IW9.pdb,0.94,Excellent (极好)
Q941I0.pdb,0.94,Excellent (极好)
Q304R0.pdb,0.94,Excellent (极好)
Q4JAD1.pdb,0.94,Excellent (极好)
A0A0U4MRI4.pdb,0.94,Excellent (极好)
P00590.pdb,0.94,Excellent (极好)
Q9MZS9.pdb,0.94,Excellent (极好)
V5ZEF7.pdb,0.94,Excellent (极好)
Q5LH66.pdb,0.94,Excellent (极好)
O67060.pdb,0.94,Excellent (极好)
G3FHJ1.pdb,0.94,Excellent (极好)
H9CDG2.pdb,0.94,Excellent (极好)
Q5KR05.pdb,0.94,Excellent (极好)
Q8L7R2.pdb,0.94,Excellent (极好)
P97046.pdb,0.94,Excellent (极好)
Q9XF81.pdb,0.94,Excellent (极好)
Q9FS35.pdb,0.94,Excellent (极好)
C9K2Z6.pdb,0.94,Excellent (极好)
P49368.pdb,0.94,Excellent (极好)
A0A4P8XUU6.pdb,0.94,Excellent (极好)
Q55012.pdb,0.94,Excellent (极好)
P9WNS1.pdb,0.94,Excellent (极好)
Q25C12.pdb,0.94,Excellent (极好)
Q0ZS19.pdb,0.94,Excellent (极好)
D9J041.pdb,0.94,Excellent (极好)
Q8K4H1.pdb,0.94,Excellent (极好)
Q76LL4.pdb,0.94,Excellent (极好)
P0A873.pdb,0.94,Excellent (极好)
Q46078.pdb,0.94,Excellent (极好)
Q8YLF9.pdb,0.94,Excellent (极好)
A0A0U1X631.pdb,0.94,Excellent (极好)
Q9KQ52.pdb,0.94,Excellent (极好)
P39288.pdb,0.94,Excellent (极好)
H9B8T9.pdb,0.94,Excellent (极好)
Q61955.pdb,0.94,Excellent (极好)
Q9NFY9.pdb,0.94,Excellent (极好)
A4YI81.pdb,0.94,Excellent (极好)
P09347.pdb,0.94,Excellent (极好)
A0A0F6PB63.pdb,0.94,Excellent (极好)
P0ABQ4.pdb,0.94,Excellent (极好)
P40406.pdb,0.94,Excellent (极好)
Q47SE9.pdb,0.94,Excellent (极好)
B7XC00.pdb,0.94,Excellent (极好)
G9M5R4.pdb,0.94,Excellent (极好)
E7FI45.pdb,0.94,Excellent (极好)
C1J0N9.pdb,0.94,Excellent (极好)
Q401L7.pdb,0.94,Excellent (极好)
A0A251UH44.pdb,0.94,Excellent (极好)
Q9RBF2.pdb,0.94,Excellent (极好)
Q89E94.pdb,0.94,Excellent (极好)
P34227.pdb,0.94,Excellent (极好)
Q9S4V7.pdb,0.93,Excellent (极好)
Q5AVY9.pdb,0.93,Excellent (极好)
Q8WVE0.pdb,0.93,Excellent (极好)
F7YTI3.pdb,0.93,Excellent (极好)
S5YEW8.pdb,0.93,Excellent (极好)
A0A1B1PJB0.pdb,0.93,Excellent (极好)
Q9V2B5.pdb,0.93,Excellent (极好)
A0A2K9Y5T7.pdb,0.93,Excellent (极好)
I3PLR0.pdb,0.93,Excellent (极好)
Q97ZL0.pdb,0.93,Excellent (极好)
B6YTG7.pdb,0.93,Excellent (极好)
Q9SR15.pdb,0.93,Excellent (极好)
G0LC40.pdb,0.93,Excellent (极好)
O58832.pdb,0.93,Excellent (极好)
Q8NTE1.pdb,0.93,Excellent (极好)
Q9UKR3.pdb,0.93,Excellent (极好)
P19224.pdb,0.93,Excellent (极好)
A0A0U2RV57.pdb,0.93,Excellent (极好)
Q8ESQ6.pdb,0.93,Excellent (极好)
P23141.pdb,0.93,Excellent (极好)
P54225.pdb,0.93,Excellent (极好)
A0A1A6GB48.pdb,0.93,Excellent (极好)
Q88EK6.pdb,0.93,Excellent (极好)
Q9YEJ7.pdb,0.93,Excellent (极好)
Q6YN71.pdb,0.93,Excellent (极好)
A0A0K2F2K4.pdb,0.93,Excellent (极好)
Q9SE50.pdb,0.93,Excellent (极好)
P9WJ93.pdb,0.93,Excellent (极好)
Q6UQ31.pdb,0.93,Excellent (极好)
C4LSS0.pdb,0.93,Excellent (极好)
Q9LAG2.pdb,0.93,Excellent (极好)
A0A0H4ILM3.pdb,0.93,Excellent (极好)
Q9X122.pdb,0.93,Excellent (极好)
Q12068.pdb,0.93,Excellent (极好)
A0A0K2GVV7.pdb,0.93,Excellent (极好)
P48643.pdb,0.93,Excellent (极好)
Q837U7.pdb,0.93,Excellent (极好)
C4LUB5.pdb,0.93,Excellent (极好)
Q9X024.pdb,0.93,Excellent (极好)
Q9HAY6.pdb,0.93,Excellent (极好)
A5N5D2.pdb,0.93,Excellent (极好)
A0A0H2Z9F5.pdb,0.93,Excellent (极好)
P30838.pdb,0.93,Excellent (极好)
Q8K4X7.pdb,0.93,Excellent (极好)
P09417.pdb,0.93,Excellent (极好)
A0A1B1PJB7.pdb,0.93,Excellent (极好)
M9VUD6.pdb,0.93,Excellent (极好)
Q1GY12.pdb,0.93,Excellent (极好)
A0A1S5T4Z0.pdb,0.93,Excellent (极好)
Q97U30.pdb,0.93,Excellent (极好)
K4GGT4.pdb,0.93,Excellent (极好)
A0A080UUN2.pdb,0.93,Excellent (极好)
G2RGW4.pdb,0.93,Excellent (极好)
I3W8N3.pdb,0.93,Excellent (极好)
A0A0D1BZQ4.pdb,0.93,Excellent (极好)
P13661.pdb,0.93,Excellent (极好)
D5DCL0.pdb,0.93,Excellent (极好)
Q8U0N7.pdb,0.93,Excellent (极好)
Q8LSC3.pdb,0.93,Excellent (极好)
A7TVD4.pdb,0.93,Excellent (极好)
B8Y3Y0.pdb,0.93,Excellent (极好)
P33247.pdb,0.93,Excellent (极好)
Q8CHK3.pdb,0.93,Excellent (极好)
Q9BV86.pdb,0.93,Excellent (极好)
Q9FK25.pdb,0.93,Excellent (极好)
A6N8S2.pdb,0.93,Excellent (极好)
A0A192YD12.pdb,0.93,Excellent (极好)
H3ZNI2.pdb,0.93,Excellent (极好)
Q89VT8.pdb,0.93,Excellent (极好)
B3VA58.pdb,0.93,Excellent (极好)
M9VY20.pdb,0.93,Excellent (极好)
A0A1Y3Q6Q6.pdb,0.93,Excellent (极好)
P06744.pdb,0.93,Excellent (极好)
A0A0B6VSN3.pdb,0.93,Excellent (极好)
Q6L285.pdb,0.93,Excellent (极好)
O28558.pdb,0.93,Excellent (极好)
P04058.pdb,0.93,Excellent (极好)
C7R702.pdb,0.93,Excellent (极好)
P07862.pdb,0.93,Excellent (极好)
Q9ZQ94.pdb,0.93,Excellent (极好)
P32754.pdb,0.93,Excellent (极好)
A3DSX0.pdb,0.93,Excellent (极好)
P19914.pdb,0.93,Excellent (极好)
A7LLT8.pdb,0.93,Excellent (极好)
P50251.pdb,0.93,Excellent (极好)
O27106.pdb,0.93,Excellent (极好)
I7C6E8.pdb,0.93,Excellent (极好)
Q975C8.pdb,0.93,Excellent (极好)
E2JE77.pdb,0.93,Excellent (极好)
A5HLX5.pdb,0.93,Excellent (极好)
Q9X274.pdb,0.93,Excellent (极好)
C3VA26.pdb,0.93,Excellent (极好)
Q84UH4.pdb,0.93,Excellent (极好)
Q9AJL9.pdb,0.93,Excellent (极好)
G0YFD9.pdb,0.93,Excellent (极好)
Q9XBQ3.pdb,0.93,Excellent (极好)
Q7SID2.pdb,0.93,Excellent (极好)
F2JR71.pdb,0.93,Excellent (极好)
Q99040.pdb,0.93,Excellent (极好)
Q8L518.pdb,0.93,Excellent (极好)
F8WKW8.pdb,0.93,Excellent (极好)
Q2V0H1.pdb,0.93,Excellent (极好)
O33336.pdb,0.93,Excellent (极好)
A0A0H2VDD2.pdb,0.93,Excellent (极好)
Q43237.pdb,0.93,Excellent (极好)
Q5QKF8.pdb,0.93,Excellent (极好)
Q86RB1.pdb,0.93,Excellent (极好)
Q5SLJ4.pdb,0.93,Excellent (极好)
Q0ZB96.pdb,0.93,Excellent (极好)
C4LSN1.pdb,0.93,Excellent (极好)
Q9SLA0.pdb,0.93,Excellent (极好)
P06525.pdb,0.93,Excellent (极好)
Q9YEA1.pdb,0.93,Excellent (极好)
A2RNG4.pdb,0.93,Excellent (极好)
B2C323.pdb,0.93,Excellent (极好)
P0DKY4.pdb,0.93,Excellent (极好)
G9HTF7.pdb,0.93,Excellent (极好)
Q1LUX8.pdb,0.93,Excellent (极好)
Q6IAQ1.pdb,0.93,Excellent (极好)
A4ZYP9.pdb,0.93,Excellent (极好)
Q9BZP6.pdb,0.93,Excellent (极好)
P21695.pdb,0.93,Excellent (极好)
P60584.pdb,0.93,Excellent (极好)
P53610.pdb,0.93,Excellent (极好)
A6M9C2.pdb,0.93,Excellent (极好)
O70631.pdb,0.93,Excellent (极好)
Q8KT44.pdb,0.93,Excellent (极好)
A0A1B1WA13.pdb,0.93,Excellent (极好)
P61111.pdb,0.93,Excellent (极好)
C1LT16.pdb,0.93,Excellent (极好)
O60547.pdb,0.93,Excellent (极好)
P36537.pdb,0.93,Excellent (极好)
C6XVU9.pdb,0.93,Excellent (极好)
Q6K6Z5.pdb,0.93,Excellent (极好)
Q9Y6A2.pdb,0.93,Excellent (极好)
P95727.pdb,0.93,Excellent (极好)
Q9XCW3.pdb,0.93,Excellent (极好)
P27833.pdb,0.93,Excellent (极好)
B9IPD3.pdb,0.93,Excellent (极好)
I3W8N2.pdb,0.93,Excellent (极好)
I7HFV7.pdb,0.93,Excellent (极好)
Q9ST97.pdb,0.93,Excellent (极好)
P00915.pdb,0.93,Excellent (极好)
Q9FEW9.pdb,0.93,Excellent (极好)
B6ETP1.pdb,0.93,Excellent (极好)
J9SJ08.pdb,0.93,Excellent (极好)
Q8W1W9.pdb,0.93,Excellent (极好)
Q8VCT4.pdb,0.93,Excellent (极好)
Q81RP3.pdb,0.93,Excellent (极好)
Q0K029.pdb,0.93,Excellent (极好)
Q65DN5.pdb,0.93,Excellent (极好)
D6Y7Y8.pdb,0.93,Excellent (极好)
Q9XFW4.pdb,0.93,Excellent (极好)
Q0CDD9.pdb,0.93,Excellent (极好)
B6E9W1.pdb,0.93,Excellent (极好)
Q0VTB0.pdb,0.93,Excellent (极好)
A0A0A7RCI7.pdb,0.93,Excellent (极好)
Q6FJA3.pdb,0.93,Excellent (极好)
D3PT81.pdb,0.93,Excellent (极好)
Q8DR17.pdb,0.93,Excellent (极好)
Q66WM4.pdb,0.93,Excellent (极好)
I3W8N1.pdb,0.93,Excellent (极好)
Q58407.pdb,0.93,Excellent (极好)
E5RQ20.pdb,0.93,Excellent (极好)
Q04789.pdb,0.93,Excellent (极好)
P51781.pdb,0.93,Excellent (极好)
Q9I6H0.pdb,0.93,Excellent (极好)
P17814.pdb,0.93,Excellent (极好)
A0A067XSJ2.pdb,0.93,Excellent (极好)
Q8J0G1.pdb,0.93,Excellent (极好)
P80316.pdb,0.93,Excellent (极好)
Q8U062.pdb,0.93,Excellent (极好)
Q58185.pdb,0.93,Excellent (极好)
Q70G32.pdb,0.93,Excellent (极好)
A6YS26.pdb,0.93,Excellent (极好)
A0A192GPZ8.pdb,0.93,Excellent (极好)
A7Z5E0.pdb,0.93,Excellent (极好)
P08897.pdb,0.93,Excellent (极好)
Q5JH87.pdb,0.93,Excellent (极好)
G2Q4H7.pdb,0.93,Excellent (极好)
Q9LY23.pdb,0.93,Excellent (极好)
Q3IXP1.pdb,0.93,Excellent (极好)
Q96T60.pdb,0.93,Excellent (极好)
Q078T0.pdb,0.93,Excellent (极好)
P42663.pdb,0.93,Excellent (极好)
P12007.pdb,0.93,Excellent (极好)
A1YYW7.pdb,0.93,Excellent (极好)
P00558.pdb,0.93,Excellent (极好)
Q8RJN8.pdb,0.93,Excellent (极好)
P22310.pdb,0.93,Excellent (极好)
G1ED17.pdb,0.93,Excellent (极好)
B4Y0U1.pdb,0.93,Excellent (极好)
P00787.pdb,0.93,Excellent (极好)
Q9LJB4.pdb,0.93,Excellent (极好)
Q05016.pdb,0.93,Excellent (极好)
A0A0E4AY21.pdb,0.93,Excellent (极好)
D8QLP9.pdb,0.93,Excellent (极好)
V9NGI4.pdb,0.93,Excellent (极好)
G7VG08.pdb,0.93,Excellent (极好)
Q9Y2T3.pdb,0.93,Excellent (极好)
Q8N8Q3.pdb,0.93,Excellent (极好)
Q93Y52.pdb,0.93,Excellent (极好)
Q9PCF4.pdb,0.93,Excellent (极好)
Q684J7.pdb,0.93,Excellent (极好)
A0A023MIF8.pdb,0.93,Excellent (极好)
Q334I5.pdb,0.93,Excellent (极好)
Q15165.pdb,0.93,Excellent (极好)
P50226.pdb,0.93,Excellent (极好)
B1NF19.pdb,0.93,Excellent (极好)
A0A2Z5VGM9.pdb,0.93,Excellent (极好)
Q9BRA2.pdb,0.93,Excellent (极好)
A0A077JIE7.pdb,0.93,Excellent (极好)
Q56S04.pdb,0.93,Excellent (极好)
P16662.pdb,0.93,Excellent (极好)
D3JTC1.pdb,0.93,Excellent (极好)
Q9KZP3.pdb,0.93,Excellent (极好)
E7BBN5.pdb,0.93,Excellent (极好)
C1MQM1.pdb,0.93,Excellent (极好)
A0A0A0LQ48.pdb,0.93,Excellent (极好)
F9ECN6.pdb,0.93,Excellent (极好)
D7P1H2.pdb,0.93,Excellent (极好)
Q47RJ7.pdb,0.93,Excellent (极好)
P76251.pdb,0.93,Excellent (极好)
Q51548.pdb,0.93,Excellent (极好)
A0A220T1Z2.pdb,0.93,Excellent (极好)
Q9FXT4.pdb,0.93,Excellent (极好)
Q70YQ6.pdb,0.93,Excellent (极好)
A2QKT4.pdb,0.93,Excellent (极好)
A0A222C758.pdb,0.93,Excellent (极好)
Q9S787.pdb,0.93,Excellent (极好)
Q16539.pdb,0.93,Excellent (极好)
A0A0K1P4J7.pdb,0.93,Excellent (极好)
Q5RLG0.pdb,0.93,Excellent (极好)
A0A067XRW0.pdb,0.93,Excellent (极好)
C9JRZ8.pdb,0.93,Excellent (极好)
P00926.pdb,0.93,Excellent (极好)
A0A1V0FWZ3.pdb,0.93,Excellent (极好)
B7X933.pdb,0.93,Excellent (极好)
O15229.pdb,0.93,Excellent (极好)
Q8NP73.pdb,0.93,Excellent (极好)
Q86SG7.pdb,0.93,Excellent (极好)
Q9LBK2.pdb,0.93,Excellent (极好)
O24047.pdb,0.93,Excellent (极好)
A0A090B6R9.pdb,0.93,Excellent (极好)
Q95R35.pdb,0.93,Excellent (极好)
A0A0A1HAT7.pdb,0.93,Excellent (极好)
P9WQ35.pdb,0.93,Excellent (极好)
O35244.pdb,0.93,Excellent (极好)
Q9X0S8.pdb,0.93,Excellent (极好)
Q8L3C9.pdb,0.93,Excellent (极好)
P14621.pdb,0.93,Excellent (极好)
P07913.pdb,0.93,Excellent (极好)
C6ZHB0.pdb,0.93,Excellent (极好)
O29852.pdb,0.93,Excellent (极好)
A4YFE8.pdb,0.93,Excellent (极好)
A0A2G7G4Y0.pdb,0.93,Excellent (极好)
Q58980.pdb,0.93,Excellent (极好)
P16930.pdb,0.93,Excellent (极好)
H3JQW0.pdb,0.93,Excellent (极好)
Q58595.pdb,0.93,Excellent (极好)
Q2FUB2.pdb,0.93,Excellent (极好)
C5NSV0.pdb,0.93,Excellent (极好)
Q58037.pdb,0.93,Excellent (极好)
Q66V97.pdb,0.93,Excellent (极好)
D1FNQ6.pdb,0.93,Excellent (极好)
Q3IEB7.pdb,0.93,Excellent (极好)
Q2KTB5.pdb,0.93,Excellent (极好)
P25576.pdb,0.93,Excellent (极好)
Q19468.pdb,0.93,Excellent (极好)
P50389.pdb,0.93,Excellent (极好)
O25743.pdb,0.93,Excellent (极好)
Q3J6K9.pdb,0.93,Excellent (极好)
Q5DDV5.pdb,0.93,Excellent (极好)
Q6YLS3.pdb,0.93,Excellent (极好)
P71447.pdb,0.93,Excellent (极好)
Q71DJ5.pdb,0.93,Excellent (极好)
Q9M1E2.pdb,0.93,Excellent (极好)
P61884.pdb,0.93,Excellent (极好)
Q9F1X7.pdb,0.93,Excellent (极好)
D3UAG5.pdb,0.93,Excellent (极好)
P0A6D3.pdb,0.93,Excellent (极好)
P00727.pdb,0.93,Excellent (极好)
B2RK03.pdb,0.93,Excellent (极好)
E3W204.pdb,0.93,Excellent (极好)
O15382.pdb,0.93,Excellent (极好)
A8F6K5.pdb,0.93,Excellent (极好)
A9QKS0.pdb,0.93,Excellent (极好)
Q0GU43.pdb,0.93,Excellent (极好)
Q91V01.pdb,0.93,Excellent (极好)
H9C9P0.pdb,0.93,Excellent (极好)
A0A386GY52.pdb,0.93,Excellent (极好)
P09158.pdb,0.93,Excellent (极好)
A0A0N9FGL8.pdb,0.93,Excellent (极好)
P80254.pdb,0.93,Excellent (极好)
Q4QZ27.pdb,0.93,Excellent (极好)
Q9JZ55.pdb,0.93,Excellent (极好)
I6XD65.pdb,0.93,Excellent (极好)
Q70I53.pdb,0.93,Excellent (极好)
Q969T4.pdb,0.93,Excellent (极好)
Q9AQM4.pdb,0.93,Excellent (极好)
Q988C8.pdb,0.93,Excellent (极好)
A0A3Q9KTF8.pdb,0.93,Excellent (极好)
Q88Q83.pdb,0.93,Excellent (极好)
A9QVV8.pdb,0.93,Excellent (极好)
G3JWZ2.pdb,0.93,Excellent (极好)
A7Y9V0.pdb,0.93,Excellent (极好)
E9LVH9.pdb,0.93,Excellent (极好)
P53052.pdb,0.93,Excellent (极好)
P32377.pdb,0.93,Excellent (极好)
O24164.pdb,0.93,Excellent (极好)
Q9LCC5.pdb,0.93,Excellent (极好)
Q9HTR2.pdb,0.93,Excellent (极好)
Q3UN02.pdb,0.93,Excellent (极好)
Q5B2G3.pdb,0.93,Excellent (极好)
P0A840.pdb,0.93,Excellent (极好)
B4Z1D6.pdb,0.93,Excellent (极好)
I6XZ73.pdb,0.93,Excellent (极好)
Q04ML5.pdb,0.93,Excellent (极好)
Q74HL7.pdb,0.93,Excellent (极好)
Q9ZPQ3.pdb,0.93,Excellent (极好)
Q9LAH7.pdb,0.93,Excellent (极好)
A0A0U3U5E8.pdb,0.93,Excellent (极好)
Q84P21.pdb,0.93,Excellent (极好)
G0YYC2.pdb,0.93,Excellent (极好)
A0A2I6U1R0.pdb,0.93,Excellent (极好)
Q81IH1.pdb,0.93,Excellent (极好)
P15557.pdb,0.93,Excellent (极好)
B9K0V9.pdb,0.93,Excellent (极好)
B9V405.pdb,0.93,Excellent (极好)
Q9YA34.pdb,0.93,Excellent (极好)
Q1XG01.pdb,0.93,Excellent (极好)
A0A0A0Y4H8.pdb,0.93,Excellent (极好)
P23882.pdb,0.93,Excellent (极好)
Q96PD6.pdb,0.93,Excellent (极好)
A5IKD4.pdb,0.93,Excellent (极好)
Q2I8V6.pdb,0.93,Excellent (极好)
F6KV62.pdb,0.93,Excellent (极好)
B3VI58.pdb,0.93,Excellent (极好)
Q1ARU5.pdb,0.93,Excellent (极好)
Q8R8N4.pdb,0.93,Excellent (极好)
L7Y2Z6.pdb,0.93,Excellent (极好)
Q5CSM7.pdb,0.93,Excellent (极好)
Q59I44.pdb,0.93,Excellent (极好)
Q19XY0.pdb,0.93,Excellent (极好)
A0A0H2UNY1.pdb,0.93,Excellent (极好)
P58764.pdb,0.93,Excellent (极好)
Q9HX12.pdb,0.93,Excellent (极好)
P35575.pdb,0.93,Excellent (极好)
Q9XES5.pdb,0.93,Excellent (极好)
P60785.pdb,0.93,Excellent (极好)
A7WM73.pdb,0.93,Excellent (极好)
Q5SKG3.pdb,0.93,Excellent (极好)
Q8KTX7.pdb,0.93,Excellent (极好)
O53289.pdb,0.93,Excellent (极好)
Q8VPF2.pdb,0.93,Excellent (极好)
Q9GV46.pdb,0.93,Excellent (极好)
Q8VCC2.pdb,0.93,Excellent (极好)
A5LGH2.pdb,0.93,Excellent (极好)
Q6XZC1.pdb,0.93,Excellent (极好)
Q51739.pdb,0.93,Excellent (极好)
Q586W9.pdb,0.93,Excellent (极好)
A0A346PYQ5.pdb,0.93,Excellent (极好)
P38698.pdb,0.93,Excellent (极好)
P39411.pdb,0.93,Excellent (极好)
A0A0E3VIU5.pdb,0.93,Excellent (极好)
Q97WP9.pdb,0.93,Excellent (极好)
P30085.pdb,0.93,Excellent (极好)
A0A0A1H8D7.pdb,0.93,Excellent (极好)
C7EXL6.pdb,0.93,Excellent (极好)
P30566.pdb,0.93,Excellent (极好)
A0A085HKM4.pdb,0.93,Excellent (极好)
Q1PCB0.pdb,0.93,Excellent (极好)
Q0P891.pdb,0.93,Excellent (极好)
F1CGX0.pdb,0.93,Excellent (极好)
Q2LE69.pdb,0.93,Excellent (极好)
O81884.pdb,0.93,Excellent (极好)
A0A1B0WVE7.pdb,0.93,Excellent (极好)
D3H0F7.pdb,0.93,Excellent (极好)
Q2RIZ2.pdb,0.93,Excellent (极好)
Q8NQE1.pdb,0.93,Excellent (极好)
B6EWX3.pdb,0.93,Excellent (极好)
Q9LFU9.pdb,0.93,Excellent (极好)
W5S3I4.pdb,0.93,Excellent (极好)
A9GYV1.pdb,0.93,Excellent (极好)
Q9LKJ1.pdb,0.93,Excellent (极好)
A0A1C8M593.pdb,0.93,Excellent (极好)
Q6WE15.pdb,0.93,Excellent (极好)
P28891.pdb,0.93,Excellent (极好)
B7JBP8.pdb,0.93,Excellent (极好)
B8K1J5.pdb,0.93,Excellent (极好)
C4LWC7.pdb,0.93,Excellent (极好)
D7PC10.pdb,0.93,Excellent (极好)
I7ASS7.pdb,0.93,Excellent (极好)
Q9LE86.pdb,0.93,Excellent (极好)
Q50EK3.pdb,0.93,Excellent (极好)
Q9I993.pdb,0.93,Excellent (极好)
H6UWP3.pdb,0.93,Excellent (极好)
Q97U21.pdb,0.93,Excellent (极好)
A6YGF1.pdb,0.93,Excellent (极好)
A0A068EUE1.pdb,0.93,Excellent (极好)
P9WIL5.pdb,0.93,Excellent (极好)
B0M0V1.pdb,0.93,Excellent (极好)
Q46857.pdb,0.93,Excellent (极好)
E0XF09.pdb,0.93,Excellent (极好)
A9CK16.pdb,0.93,Excellent (极好)
Q96LR5.pdb,0.93,Excellent (极好)
Q86LB8.pdb,0.93,Excellent (极好)
Q26909.pdb,0.93,Excellent (极好)
P35196.pdb,0.93,Excellent (极好)
R4N4U2.pdb,0.93,Excellent (极好)
P37794.pdb,0.93,Excellent (极好)
C3VVL6.pdb,0.93,Excellent (极好)
Q9FZ05.pdb,0.93,Excellent (极好)
Q3YJM9.pdb,0.93,Excellent (极好)
Q9X7K2.pdb,0.93,Excellent (极好)
D2WKD9.pdb,0.93,Excellent (极好)
Q0DBF4.pdb,0.93,Excellent (极好)
P77791.pdb,0.93,Excellent (极好)
Q9AJE3.pdb,0.93,Excellent (极好)
A0A2H4V677.pdb,0.93,Excellent (极好)
P19623.pdb,0.93,Excellent (极好)
Q96GX9.pdb,0.93,Excellent (极好)
Q9ZSD6.pdb,0.93,Excellent (极好)
D1L8A9.pdb,0.93,Excellent (极好)
D2DRC4.pdb,0.93,Excellent (极好)
G4T024.pdb,0.93,Excellent (极好)
P27306.pdb,0.93,Excellent (极好)
Q3V5Q0.pdb,0.93,Excellent (极好)
Q68AP4.pdb,0.93,Excellent (极好)
A0A0U4HGR1.pdb,0.93,Excellent (极好)
Q97VM5.pdb,0.93,Excellent (极好)
P80521.pdb,0.93,Excellent (极好)
Q97ZF1.pdb,0.93,Excellent (极好)
P14061.pdb,0.93,Excellent (极好)
P50388.pdb,0.93,Excellent (极好)
A0A0S2I9J6.pdb,0.93,Excellent (极好)
Q58122.pdb,0.93,Excellent (极好)
A0A068CB13.pdb,0.93,Excellent (极好)
P76041.pdb,0.93,Excellent (极好)
Q2I826.pdb,0.93,Excellent (极好)
Q976G4.pdb,0.93,Excellent (极好)
A0A109P632.pdb,0.93,Excellent (极好)
G5DE31.pdb,0.93,Excellent (极好)
Q715L4.pdb,0.93,Excellent (极好)
Q66GM9.pdb,0.93,Excellent (极好)
Q8ILW6.pdb,0.93,Excellent (极好)
Q4DA80.pdb,0.93,Excellent (极好)
O75608.pdb,0.93,Excellent (极好)
P81717.pdb,0.93,Excellent (极好)
Q27727.pdb,0.93,Excellent (极好)
Q6QBS4.pdb,0.93,Excellent (极好)
O59071.pdb,0.93,Excellent (极好)
A4CYJ9.pdb,0.93,Excellent (极好)
P24855.pdb,0.93,Excellent (极好)
A0A1S5V3K5.pdb,0.93,Excellent (极好)
A0A0N7AXL7.pdb,0.93,Excellent (极好)
A3DJX6.pdb,0.93,Excellent (极好)
P72793.pdb,0.93,Excellent (极好)
P36929.pdb,0.93,Excellent (极好)
Q5LRT0.pdb,0.93,Excellent (极好)
D3GG13.pdb,0.93,Excellent (极好)
P54965.pdb,0.93,Excellent (极好)
Q5JDJ1.pdb,0.93,Excellent (极好)
P81535.pdb,0.93,Excellent (极好)
Q8VYG2.pdb,0.93,Excellent (极好)
Q5JHF1.pdb,0.93,Excellent (极好)
Q6DRC0.pdb,0.93,Excellent (极好)
Q56232.pdb,0.93,Excellent (极好)
Q53CP8.pdb,0.93,Excellent (极好)
P40938.pdb,0.93,Excellent (极好)
Q8KSC8.pdb,0.93,Excellent (极好)
P9WLH5.pdb,0.93,Excellent (极好)
P20906.pdb,0.93,Excellent (极好)
O15527.pdb,0.93,Excellent (极好)
Q603D5.pdb,0.93,Excellent (极好)
P43886.pdb,0.93,Excellent (极好)
P77454.pdb,0.93,Excellent (极好)
Q9LJK3.pdb,0.93,Excellent (极好)
Q6UVM5.pdb,0.93,Excellent (极好)
P97687.pdb,0.93,Excellent (极好)
A0A0F6WBJ2.pdb,0.93,Excellent (极好)
B8XY24.pdb,0.93,Excellent (极好)
Q6PMI1.pdb,0.93,Excellent (极好)
A1U2T0.pdb,0.93,Excellent (极好)
P14755.pdb,0.93,Excellent (极好)
Q93YN9.pdb,0.93,Excellent (极好)
Q9L7P2.pdb,0.93,Excellent (极好)
M9VY17.pdb,0.93,Excellent (极好)
P36639.pdb,0.93,Excellent (极好)
O84781.pdb,0.93,Excellent (极好)
D4GTS4.pdb,0.93,Excellent (极好)
C0SJS3.pdb,0.93,Excellent (极好)
Q65JC2.pdb,0.93,Excellent (极好)
B2KPR3.pdb,0.93,Excellent (极好)
P37095.pdb,0.93,Excellent (极好)
Q3SY77.pdb,0.93,Excellent (极好)
A0A1B1V538.pdb,0.93,Excellent (极好)
B5MGR2.pdb,0.93,Excellent (极好)
Q4J6M6.pdb,0.93,Excellent (极好)
Q9HV27.pdb,0.93,Excellent (极好)
Q2HWU5.pdb,0.93,Excellent (极好)
P77944.pdb,0.93,Excellent (极好)
Q8H0F2.pdb,0.93,Excellent (极好)
Q9A919.pdb,0.93,Excellent (极好)
O55023.pdb,0.93,Excellent (极好)
A0A0F7C8X0.pdb,0.93,Excellent (极好)
K7SW59.pdb,0.93,Excellent (极好)
P42094.pdb,0.93,Excellent (极好)
B0NGC5.pdb,0.93,Excellent (极好)
P18548.pdb,0.93,Excellent (极好)
Q811Q1.pdb,0.93,Excellent (极好)
P00509.pdb,0.93,Excellent (极好)
P10056.pdb,0.93,Excellent (极好)
A0A0A0BUC7.pdb,0.93,Excellent (极好)
Q9ZBB0.pdb,0.93,Excellent (极好)
P68767.pdb,0.93,Excellent (极好)
A0A145YEM9.pdb,0.93,Excellent (极好)
Q7S2S4.pdb,0.93,Excellent (极好)
Q0KAI3.pdb,0.93,Excellent (极好)
E0RVY7.pdb,0.93,Excellent (极好)
Q9P9K9.pdb,0.93,Excellent (极好)
Q7M135.pdb,0.93,Excellent (极好)
Q7K2S9.pdb,0.93,Excellent (极好)
Q9P0G3.pdb,0.93,Excellent (极好)
A5VEL7.pdb,0.93,Excellent (极好)
O29588.pdb,0.93,Excellent (极好)
G8GER6.pdb,0.93,Excellent (极好)
P0A786.pdb,0.93,Excellent (极好)
P0A6A3.pdb,0.93,Excellent (极好)
O59196.pdb,0.93,Excellent (极好)
U6CL97.pdb,0.93,Excellent (极好)
Q484B6.pdb,0.93,Excellent (极好)
P36204.pdb,0.93,Excellent (极好)
I3VXT6.pdb,0.93,Excellent (极好)
Q6FU96.pdb,0.93,Excellent (极好)
F5HTD7.pdb,0.93,Excellent (极好)
E0D5C2.pdb,0.93,Excellent (极好)
I3W8N0.pdb,0.93,Excellent (极好)
W8QG94.pdb,0.93,Excellent (极好)
P9WI59.pdb,0.93,Excellent (极好)
E0D877.pdb,0.93,Excellent (极好)
Q9SPV4.pdb,0.93,Excellent (极好)
F3BJI2.pdb,0.93,Excellent (极好)
Q9HWH9.pdb,0.93,Excellent (极好)
A3MWU9.pdb,0.93,Excellent (极好)
O81226.pdb,0.93,Excellent (极好)
A0A0G2UEA5.pdb,0.93,Excellent (极好)
P80490.pdb,0.93,Excellent (极好)
A0A399G7U0.pdb,0.93,Excellent (极好)
H2FL90.pdb,0.93,Excellent (极好)
A0A1B2BII0.pdb,0.93,Excellent (极好)
P55135.pdb,0.93,Excellent (极好)
O60701.pdb,0.93,Excellent (极好)
Q7LYI9.pdb,0.93,Excellent (极好)
Q6PW32.pdb,0.93,Excellent (极好)
Q9W197.pdb,0.93,Excellent (极好)
Q6P4A8.pdb,0.93,Excellent (极好)
Q8GAX0.pdb,0.93,Excellent (极好)
A0A6F8T0V6.pdb,0.93,Excellent (极好)
Q9AV98.pdb,0.93,Excellent (极好)
A5A5J1.pdb,0.93,Excellent (极好)
P07858.pdb,0.93,Excellent (极好)
Q9RF52.pdb,0.93,Excellent (极好)
B7ZF09.pdb,0.93,Excellent (极好)
F5S1H2.pdb,0.93,Excellent (极好)
P24666.pdb,0.93,Excellent (极好)
C1KF11.pdb,0.93,Excellent (极好)
Q6R4Q9.pdb,0.93,Excellent (极好)
A0A0A2SLZ4.pdb,0.93,Excellent (极好)
O06401.pdb,0.93,Excellent (极好)
Q9LHN8.pdb,0.93,Excellent (极好)
B9WPN8.pdb,0.93,Excellent (极好)
Q9YGI5.pdb,0.93,Excellent (极好)
F1CMX3.pdb,0.93,Excellent (极好)
M9VTY8.pdb,0.93,Excellent (极好)
Q97VL0.pdb,0.93,Excellent (极好)
P61077.pdb,0.93,Excellent (极好)
D4Q9Z5.pdb,0.93,Excellent (极好)
P0ABS5.pdb,0.93,Excellent (极好)
A0A1S6LQW6.pdb,0.93,Excellent (极好)
A7J1X4.pdb,0.93,Excellent (极好)
Q2N4T5.pdb,0.93,Excellent (极好)
Q84KI1.pdb,0.93,Excellent (极好)
Q88B12.pdb,0.93,Excellent (极好)
E7FHP1.pdb,0.93,Excellent (极好)
Q91UZ5.pdb,0.93,Excellent (极好)
Q108P1.pdb,0.93,Excellent (极好)
B6T563.pdb,0.93,Excellent (极好)
C7AQX9.pdb,0.93,Excellent (极好)
A0A077EWA5.pdb,0.93,Excellent (极好)
A0A0H3G8U9.pdb,0.93,Excellent (极好)
Q877I5.pdb,0.93,Excellent (极好)
P55772.pdb,0.93,Excellent (极好)
Q1AWQ0.pdb,0.93,Excellent (极好)
P0AB91.pdb,0.93,Excellent (极好)
Q6MNP0.pdb,0.93,Excellent (极好)
A0A061D1S0.pdb,0.93,Excellent (极好)
Q9AJS0.pdb,0.93,Excellent (极好)
P9WFX3.pdb,0.93,Excellent (极好)
P37058.pdb,0.93,Excellent (极好)
P9WKL1.pdb,0.93,Excellent (极好)
B1XIU7.pdb,0.93,Excellent (极好)
C7GM47.pdb,0.93,Excellent (极好)
O43570.pdb,0.93,Excellent (极好)
P19920.pdb,0.93,Excellent (极好)
A0A0H4J0K0.pdb,0.93,Excellent (极好)
A0A6G6VYG7.pdb,0.93,Excellent (极好)
Q17ZY4.pdb,0.93,Excellent (极好)
O59650.pdb,0.93,Excellent (极好)
A0A1D7YZ01.pdb,0.93,Excellent (极好)
D9Q1R5.pdb,0.93,Excellent (极好)
P33022.pdb,0.93,Excellent (极好)
Q8K4Z3.pdb,0.93,Excellent (极好)
A0A0H3HE78.pdb,0.93,Excellent (极好)
O67049.pdb,0.93,Excellent (极好)
Q9H3S4.pdb,0.93,Excellent (极好)
H9JW45.pdb,0.93,Excellent (极好)
B1MCE2.pdb,0.93,Excellent (极好)
Q8GTJ2.pdb,0.93,Excellent (极好)
O94220.pdb,0.93,Excellent (极好)
Q99NF1.pdb,0.93,Excellent (极好)
A0A0P0E6S3.pdb,0.93,Excellent (极好)
Q9UBX7.pdb,0.93,Excellent (极好)
O59828.pdb,0.93,Excellent (极好)
D1MYR1.pdb,0.93,Excellent (极好)
K0J3J2.pdb,0.93,Excellent (极好)
A0A097ZMZ1.pdb,0.93,Excellent (极好)
P09889.pdb,0.93,Excellent (极好)
Q57703.pdb,0.93,Excellent (极好)
A0A0H3GB68.pdb,0.93,Excellent (极好)
A4YEG2.pdb,0.93,Excellent (极好)
O05927.pdb,0.93,Excellent (极好)
Q9WYB7.pdb,0.93,Excellent (极好)
P80099.pdb,0.93,Excellent (极好)
Q9MAH3.pdb,0.93,Excellent (极好)
O29675.pdb,0.93,Excellent (极好)
O54939.pdb,0.93,Excellent (极好)
B4XVN1.pdb,0.93,Excellent (极好)
A0A076MQB4.pdb,0.93,Excellent (极好)
Q0ZS23.pdb,0.93,Excellent (极好)
Q5GHF7.pdb,0.93,Excellent (极好)
Q15GI4.pdb,0.93,Excellent (极好)
G9FTP5.pdb,0.93,Excellent (极好)
P07061.pdb,0.93,Excellent (极好)
Q9HUG8.pdb,0.93,Excellent (极好)
D3Y5N8.pdb,0.93,Excellent (极好)
Q8U1Z6.pdb,0.93,Excellent (极好)
Q8DXM9.pdb,0.93,Excellent (极好)
Q9KQ59.pdb,0.93,Excellent (极好)
Q8U0A9.pdb,0.93,Excellent (极好)
Q06GJ0.pdb,0.93,Excellent (极好)
O16843.pdb,0.93,Excellent (极好)
P22936.pdb,0.93,Excellent (极好)
Q88L96.pdb,0.93,Excellent (极好)
Q5ECC3.pdb,0.93,Excellent (极好)
Q8EEB0.pdb,0.93,Excellent (极好)
Q2V983.pdb,0.93,Excellent (极好)
P76422.pdb,0.93,Excellent (极好)
P47205.pdb,0.93,Excellent (极好)
B6ZCD8.pdb,0.93,Excellent (极好)
P56081.pdb,0.93,Excellent (极好)
Q13126.pdb,0.93,Excellent (极好)
P95979.pdb,0.93,Excellent (极好)
A0A0B6VMB0.pdb,0.93,Excellent (极好)
Q976X5.pdb,0.93,Excellent (极好)
Q7WVA6.pdb,0.93,Excellent (极好)
Q58761.pdb,0.93,Excellent (极好)
A7LH74.pdb,0.93,Excellent (极好)
A0A146F0J0.pdb,0.93,Excellent (极好)
Q9UUP5.pdb,0.93,Excellent (极好)
Q9JLV6.pdb,0.93,Excellent (极好)
A0A076U8J8.pdb,0.93,Excellent (极好)
A9PF83.pdb,0.93,Excellent (极好)
P46926.pdb,0.93,Excellent (极好)
P96318.pdb,0.93,Excellent (极好)
Q07973.pdb,0.93,Excellent (极好)
Q0PAS9.pdb,0.93,Excellent (极好)
A0A1S6LQU0.pdb,0.93,Excellent (极好)
Q25C16.pdb,0.93,Excellent (极好)
Q767J3.pdb,0.93,Excellent (极好)
Q9X0C8.pdb,0.93,Excellent (极好)
F4NCC3.pdb,0.93,Excellent (极好)
Q58923.pdb,0.93,Excellent (极好)
Q7T291.pdb,0.93,Excellent (极好)
D2XEB3.pdb,0.93,Excellent (极好)
Q0RVH7.pdb,0.93,Excellent (极好)
Q8U3L0.pdb,0.93,Excellent (极好)
P26646.pdb,0.93,Excellent (极好)
O58691.pdb,0.93,Excellent (极好)
Q9AXM6.pdb,0.93,Excellent (极好)
Q9V0Q0.pdb,0.93,Excellent (极好)
P39831.pdb,0.93,Excellent (极好)
Q72GU1.pdb,0.93,Excellent (极好)
S0AUN2.pdb,0.93,Excellent (极好)
C1DMP8.pdb,0.93,Excellent (极好)
Q9ADE8.pdb,0.93,Excellent (极好)
F1MWD3.pdb,0.93,Excellent (极好)
P87039.pdb,0.93,Excellent (极好)
Q0SE24.pdb,0.93,Excellent (极好)
G9CHX6.pdb,0.93,Excellent (极好)
Q9C9D0.pdb,0.93,Excellent (极好)
A8DEZ8.pdb,0.93,Excellent (极好)
R4L284.pdb,0.93,Excellent (极好)
Q14894.pdb,0.93,Excellent (极好)
P50250.pdb,0.93,Excellent (极好)
B5TQZ0.pdb,0.93,Excellent (极好)
A0A090BN67.pdb,0.93,Excellent (极好)
C3W7W0.pdb,0.93,Excellent (极好)
A9QT35.pdb,0.93,Excellent (极好)
P0A759.pdb,0.93,Excellent (极好)
Q0R4L2.pdb,0.93,Excellent (极好)
Q1A3B0.pdb,0.93,Excellent (极好)
A8UT36.pdb,0.93,Excellent (极好)
Q4A9M4.pdb,0.93,Excellent (极好)
D9MPF2.pdb,0.93,Excellent (极好)
A0A167V6N5.pdb,0.93,Excellent (极好)
Q0K845.pdb,0.93,Excellent (极好)
P10605.pdb,0.93,Excellent (极好)
P25087.pdb,0.93,Excellent (极好)
P00924.pdb,0.93,Excellent (极好)
O08467.pdb,0.93,Excellent (极好)
A6Y9U8.pdb,0.93,Excellent (极好)
Q7V6D4.pdb,0.93,Excellent (极好)
Q5JBG6.pdb,0.93,Excellent (极好)
Q52500.pdb,0.93,Excellent (极好)
P33025.pdb,0.93,Excellent (极好)
O00056.pdb,0.93,Excellent (极好)
Q180W0.pdb,0.93,Excellent (极好)
Q4F895.pdb,0.93,Excellent (极好)
A0A2I2LGB3.pdb,0.93,Excellent (极好)
Q03336.pdb,0.93,Excellent (极好)
P0A6W0.pdb,0.93,Excellent (极好)
A4SBK5.pdb,0.93,Excellent (极好)
A0A140N893.pdb,0.93,Excellent (极好)
Q9PER7.pdb,0.93,Excellent (极好)
P97501.pdb,0.93,Excellent (极好)
P32021.pdb,0.93,Excellent (极好)
B1Q002.pdb,0.93,Excellent (极好)
Q60352.pdb,0.93,Excellent (极好)
Q4JC35.pdb,0.93,Excellent (极好)
Q08VU0.pdb,0.93,Excellent (极好)
Q48534.pdb,0.93,Excellent (极好)
C5NU54.pdb,0.93,Excellent (极好)
E9BLE1.pdb,0.93,Excellent (极好)
D9PU79.pdb,0.93,Excellent (极好)
P74334.pdb,0.93,Excellent (极好)
A0A191ZDL6.pdb,0.93,Excellent (极好)
Q3IXP7.pdb,0.93,Excellent (极好)
Q5VT66.pdb,0.93,Excellent (极好)
P03813.pdb,0.93,Excellent (极好)
A0R0P0.pdb,0.93,Excellent (极好)
Q01532.pdb,0.93,Excellent (极好)
P0AFI0.pdb,0.93,Excellent (极好)
Q888H1.pdb,0.93,Excellent (极好)
P47811.pdb,0.93,Excellent (极好)
P94368.pdb,0.93,Excellent (极好)
A7GKX7.pdb,0.93,Excellent (极好)
Q02635.pdb,0.93,Excellent (极好)
A0A1C9V3R6.pdb,0.93,Excellent (极好)
Q99943.pdb,0.93,Excellent (极好)
Q56317.pdb,0.93,Excellent (极好)
H6LBB1.pdb,0.93,Excellent (极好)
O31156.pdb,0.93,Excellent (极好)
Q9GN60.pdb,0.93,Excellent (极好)
P9WKL5.pdb,0.93,Excellent (极好)
B1KRG2.pdb,0.93,Excellent (极好)
Q9VSL4.pdb,0.93,Excellent (极好)
P55264.pdb,0.93,Excellent (极好)
A0A1B4Z3V0.pdb,0.93,Excellent (极好)
A0A3G4RI75.pdb,0.93,Excellent (极好)
A7KIX5.pdb,0.93,Excellent (极好)
Q07841.pdb,0.93,Excellent (极好)
Q99518.pdb,0.93,Excellent (极好)
C1K6P2.pdb,0.93,Excellent (极好)
Q4FVQ2.pdb,0.93,Excellent (极好)
A0A0G2K1W9.pdb,0.93,Excellent (极好)
Q8TZE8.pdb,0.93,Excellent (极好)
Q3M6C3.pdb,0.93,Excellent (极好)
Q2QC89.pdb,0.93,Excellent (极好)
P37120.pdb,0.93,Excellent (极好)
P45568.pdb,0.93,Excellent (极好)
D2K764.pdb,0.93,Excellent (极好)
B2RL07.pdb,0.93,Excellent (极好)
Q4CQE2.pdb,0.93,Excellent (极好)
B0I1G6.pdb,0.93,Excellent (极好)
Q15166.pdb,0.93,Excellent (极好)
A0R5N0.pdb,0.93,Excellent (极好)
P0AB83.pdb,0.93,Excellent (极好)
P0AE18.pdb,0.93,Excellent (极好)
P51580.pdb,0.93,Excellent (极好)
O35310.pdb,0.93,Excellent (极好)
Q8U437.pdb,0.93,Excellent (极好)
P17117.pdb,0.93,Excellent (极好)
P16303.pdb,0.93,Excellent (极好)
Q8RDE9.pdb,0.93,Excellent (极好)
B0R9W3.pdb,0.93,Excellent (极好)
A4UU76.pdb,0.93,Excellent (极好)
Q46948.pdb,0.93,Excellent (极好)
A0A1L6Z980.pdb,0.93,Excellent (极好)
A0A024CDT8.pdb,0.93,Excellent (极好)
P0A955.pdb,0.93,Excellent (极好)
Q5HTX9.pdb,0.93,Excellent (极好)
A0A2U8ZSD8.pdb,0.93,Excellent (极好)
F5BR59.pdb,0.93,Excellent (极好)
Q2FXM8.pdb,0.93,Excellent (极好)
A0A0H2ZNP2.pdb,0.93,Excellent (极好)
E7FI44.pdb,0.92,Excellent (极好)
P80314.pdb,0.92,Excellent (极好)
Q5EI63.pdb,0.92,Excellent (极好)
A0A4P8GNL5.pdb,0.92,Excellent (极好)
H6WFU3.pdb,0.92,Excellent (极好)
Q9X584.pdb,0.92,Excellent (极好)
G2QND5.pdb,0.92,Excellent (极好)
Q8TCT1.pdb,0.92,Excellent (极好)
O87870.pdb,0.92,Excellent (极好)
Q8IKP7.pdb,0.92,Excellent (极好)
Q7RYZ9.pdb,0.92,Excellent (极好)
O41026.pdb,0.92,Excellent (极好)
B1N694.pdb,0.92,Excellent (极好)
Q0J998.pdb,0.92,Excellent (极好)
Q9Y2X8.pdb,0.92,Excellent (极好)
A0A1U7Q1U3.pdb,0.92,Excellent (极好)
Q672W7.pdb,0.92,Excellent (极好)
Q9M1G8.pdb,0.92,Excellent (极好)
O59089.pdb,0.92,Excellent (极好)
D1MF29.pdb,0.92,Excellent (极好)
B7GQR3.pdb,0.92,Excellent (极好)
O49133.pdb,0.92,Excellent (极好)
P94531.pdb,0.92,Excellent (极好)
Q8KBS0.pdb,0.92,Excellent (极好)
D3KVM4.pdb,0.92,Excellent (极好)
P46076.pdb,0.92,Excellent (极好)
Q38EV2.pdb,0.92,Excellent (极好)
I7HD84.pdb,0.92,Excellent (极好)
O67848.pdb,0.92,Excellent (极好)
F4I907.pdb,0.92,Excellent (极好)
Q95N05.pdb,0.92,Excellent (极好)
D0VX20.pdb,0.92,Excellent (极好)
A0A068L9J0.pdb,0.92,Excellent (极好)
A1B9E3.pdb,0.92,Excellent (极好)
Q9HIM3.pdb,0.92,Excellent (极好)
Q57843.pdb,0.92,Excellent (极好)
Q6PQK2.pdb,0.92,Excellent (极好)
Q9Y5L3.pdb,0.92,Excellent (极好)
P52895.pdb,0.92,Excellent (极好)
P76469.pdb,0.92,Excellent (极好)
Q80Z26.pdb,0.92,Excellent (极好)
P0A784.pdb,0.92,Excellent (极好)
B7T912.pdb,0.92,Excellent (极好)
F1CMX8.pdb,0.92,Excellent (极好)
A0A386GY48.pdb,0.92,Excellent (极好)
Q96Y14.pdb,0.92,Excellent (极好)
B8QHP1.pdb,0.92,Excellent (极好)
Q0SFK6.pdb,0.92,Excellent (极好)
P0C0H6.pdb,0.92,Excellent (极好)
A1A048.pdb,0.92,Excellent (极好)
Q61153.pdb,0.92,Excellent (极好)
P41022.pdb,0.92,Excellent (极好)
Q97W92.pdb,0.92,Excellent (极好)
Q8MVS0.pdb,0.92,Excellent (极好)
A0A1W6DZL1.pdb,0.92,Excellent (极好)
Q6RHY0.pdb,0.92,Excellent (极好)
E7FHC0.pdb,0.92,Excellent (极好)
H6BDX1.pdb,0.92,Excellent (极好)
D8X180.pdb,0.92,Excellent (极好)
Q9I299.pdb,0.92,Excellent (极好)
A6YM39.pdb,0.92,Excellent (极好)
Q9XT99.pdb,0.92,Excellent (极好)
A2SZ52.pdb,0.92,Excellent (极好)
P0ACC7.pdb,0.92,Excellent (极好)
C8WMP0.pdb,0.92,Excellent (极好)
Q9AJM0.pdb,0.92,Excellent (极好)
O66266.pdb,0.92,Excellent (极好)
Q9C9C9.pdb,0.92,Excellent (极好)
Q6TXD2.pdb,0.92,Excellent (极好)
P05089.pdb,0.92,Excellent (极好)
P86100.pdb,0.92,Excellent (极好)
Q8GI16.pdb,0.92,Excellent (极好)
Q00511.pdb,0.92,Excellent (极好)
A0A7G4NVP1.pdb,0.92,Excellent (极好)
Q93AL9.pdb,0.92,Excellent (极好)
B2CNY5.pdb,0.92,Excellent (极好)
Q6CSZ6.pdb,0.92,Excellent (极好)
Q42868.pdb,0.92,Excellent (极好)
Q15GI3.pdb,0.92,Excellent (极好)
P40152.pdb,0.92,Excellent (极好)
Q6KZT2.pdb,0.92,Excellent (极好)
Q9HH09.pdb,0.92,Excellent (极好)
Q01782.pdb,0.92,Excellent (极好)
P80650.pdb,0.92,Excellent (极好)
Q9V1J7.pdb,0.92,Excellent (极好)
P07741.pdb,0.92,Excellent (极好)
I3WTS0.pdb,0.92,Excellent (极好)
Q9M7B8.pdb,0.92,Excellent (极好)
P38793.pdb,0.92,Excellent (极好)
Q9YA13.pdb,0.92,Excellent (极好)
Q96XT4.pdb,0.92,Excellent (极好)
Q868H8.pdb,0.92,Excellent (极好)
G3MDB2.pdb,0.92,Excellent (极好)
Q96VH9.pdb,0.92,Excellent (极好)
D2D3B6.pdb,0.92,Excellent (极好)
J9WQY6.pdb,0.92,Excellent (极好)
Q9HG00.pdb,0.92,Excellent (极好)
D1A807.pdb,0.92,Excellent (极好)
A0A2U6TC85.pdb,0.92,Excellent (极好)
Q59468.pdb,0.92,Excellent (极好)
P01033.pdb,0.92,Excellent (极好)
Q47QG3.pdb,0.92,Excellent (极好)
Q920D2.pdb,0.92,Excellent (极好)
A0A0F7KL65.pdb,0.92,Excellent (极好)
P25081.pdb,0.92,Excellent (极好)
P22680.pdb,0.92,Excellent (极好)
B3GGC7.pdb,0.92,Excellent (极好)
B4Z1D7.pdb,0.92,Excellent (极好)
Q20CK8.pdb,0.92,Excellent (极好)
O74725.pdb,0.92,Excellent (极好)
Q6R2X1.pdb,0.92,Excellent (极好)
P9WJJ5.pdb,0.92,Excellent (极好)
P06746.pdb,0.92,Excellent (极好)
F8G0M4.pdb,0.92,Excellent (极好)
Q0CBM7.pdb,0.92,Excellent (极好)
Q9PT41.pdb,0.92,Excellent (极好)
Q20CL0.pdb,0.92,Excellent (极好)
Q9FLT2.pdb,0.92,Excellent (极好)
Q9SRZ6.pdb,0.92,Excellent (极好)
Q9HFQ1.pdb,0.92,Excellent (极好)
Q27651.pdb,0.92,Excellent (极好)
P20591.pdb,0.92,Excellent (极好)
Q8ZUN8.pdb,0.92,Excellent (极好)
P0A6R0.pdb,0.92,Excellent (极好)
A4IU28.pdb,0.92,Excellent (极好)
O58013.pdb,0.92,Excellent (极好)
P0A0Y1.pdb,0.92,Excellent (极好)
W5RZ21.pdb,0.92,Excellent (极好)
A6VQP8.pdb,0.92,Excellent (极好)
W8CQR1.pdb,0.92,Excellent (极好)
O22527.pdb,0.92,Excellent (极好)
Q4CW46.pdb,0.92,Excellent (极好)
Q53TZ2.pdb,0.92,Excellent (极好)
Q57501.pdb,0.92,Excellent (极好)
C3W4Q7.pdb,0.92,Excellent (极好)
E3W203.pdb,0.92,Excellent (极好)
P81054.pdb,0.92,Excellent (极好)
Q6L047.pdb,0.92,Excellent (极好)
A0A087D2Y1.pdb,0.92,Excellent (极好)
O74237.pdb,0.92,Excellent (极好)
B3TKC8.pdb,0.92,Excellent (极好)
A0MTG4.pdb,0.92,Excellent (极好)
O80840.pdb,0.92,Excellent (极好)
A0A223LRZ7.pdb,0.92,Excellent (极好)
Q7NSA6.pdb,0.92,Excellent (极好)
I1TIJ2.pdb,0.92,Excellent (极好)
F4ZE79.pdb,0.92,Excellent (极好)
P21219.pdb,0.92,Excellent (极好)
Q57751.pdb,0.92,Excellent (极好)
Q9P2T1.pdb,0.92,Excellent (极好)
K5B7F3.pdb,0.92,Excellent (极好)
P0C2T6.pdb,0.92,Excellent (极好)
Q9TW03.pdb,0.92,Excellent (极好)
Q6C2Y4.pdb,0.92,Excellent (极好)
W8GJF4.pdb,0.92,Excellent (极好)
P42943.pdb,0.92,Excellent (极好)
B6D7P1.pdb,0.92,Excellent (极好)
A1B5I2.pdb,0.92,Excellent (极好)
G1JTZ7.pdb,0.92,Excellent (极好)
Q86VF5.pdb,0.92,Excellent (极好)
Q9LVW3.pdb,0.92,Excellent (极好)
Q5JHY2.pdb,0.92,Excellent (极好)
A0A1B1V537.pdb,0.92,Excellent (极好)
E1CAJ6.pdb,0.92,Excellent (极好)
A9YDD9.pdb,0.92,Excellent (极好)
Q10712.pdb,0.92,Excellent (极好)
Q6ITC6.pdb,0.92,Excellent (极好)
P9WIJ3.pdb,0.92,Excellent (极好)
Q9PBQ1.pdb,0.92,Excellent (极好)
Q94IE8.pdb,0.92,Excellent (极好)
P56153.pdb,0.92,Excellent (极好)
Q58309.pdb,0.92,Excellent (极好)
Q9NDH8.pdb,0.92,Excellent (极好)
O95749.pdb,0.92,Excellent (极好)
Q9YGB5.pdb,0.92,Excellent (极好)
Q9NRF8.pdb,0.92,Excellent (极好)
O57693.pdb,0.92,Excellent (极好)
A1KU15.pdb,0.92,Excellent (极好)
O52935.pdb,0.92,Excellent (极好)
Q0DI55.pdb,0.92,Excellent (极好)
C9WCQ1.pdb,0.92,Excellent (极好)
P56255.pdb,0.92,Excellent (极好)
Q9L9F6.pdb,0.92,Excellent (极好)
Q6ZXC0.pdb,0.92,Excellent (极好)
Q6GG09.pdb,0.92,Excellent (极好)
G3KFX4.pdb,0.92,Excellent (极好)
P25152.pdb,0.92,Excellent (极好)
Q5H614.pdb,0.92,Excellent (极好)
P29208.pdb,0.92,Excellent (极好)
Q65N98.pdb,0.92,Excellent (极好)
C7A621.pdb,0.92,Excellent (极好)
Q977X9.pdb,0.92,Excellent (极好)
Q5JI33.pdb,0.92,Excellent (极好)
P27000.pdb,0.92,Excellent (极好)
P80175.pdb,0.92,Excellent (极好)
A8TKU6.pdb,0.92,Excellent (极好)
A0A385J6Y9.pdb,0.92,Excellent (极好)
Q8X195.pdb,0.92,Excellent (极好)
A0A2K3E3Z9.pdb,0.92,Excellent (极好)
P52704.pdb,0.92,Excellent (极好)
P00375.pdb,0.92,Excellent (极好)
B6RB08.pdb,0.92,Excellent (极好)
Q8TXY4.pdb,0.92,Excellent (极好)
A0A069Q255.pdb,0.92,Excellent (极好)
Q9Y7D1.pdb,0.92,Excellent (极好)
P0C5B4.pdb,0.92,Excellent (极好)
Q6NAM1.pdb,0.92,Excellent (极好)
U5RZT9.pdb,0.92,Excellent (极好)
Q9U4Y1.pdb,0.92,Excellent (极好)
Q8JZL3.pdb,0.92,Excellent (极好)
P80319.pdb,0.92,Excellent (极好)
T1RPY0.pdb,0.92,Excellent (极好)
S5VDV0.pdb,0.92,Excellent (极好)
O30438.pdb,0.92,Excellent (极好)
Q2V6K1.pdb,0.92,Excellent (极好)
P10378.pdb,0.92,Excellent (极好)
Q9XGP7.pdb,0.92,Excellent (极好)
Q9SPM5.pdb,0.92,Excellent (极好)
Q58635.pdb,0.92,Excellent (极好)
Q84HI6.pdb,0.92,Excellent (极好)
P29717.pdb,0.92,Excellent (极好)
L7QI27.pdb,0.92,Excellent (极好)
Q5JFG7.pdb,0.92,Excellent (极好)
Q2Q452.pdb,0.92,Excellent (极好)
W0PFR9.pdb,0.92,Excellent (极好)
P38646.pdb,0.92,Excellent (极好)
P9WHV5.pdb,0.92,Excellent (极好)
A0A288W730.pdb,0.92,Excellent (极好)
Q8GED9.pdb,0.92,Excellent (极好)
P9WFZ5.pdb,0.92,Excellent (极好)
Q92058.pdb,0.92,Excellent (极好)
Q94IE9.pdb,0.92,Excellent (极好)
Q8Q0G3.pdb,0.92,Excellent (极好)
Q9LIH6.pdb,0.92,Excellent (极好)
Q47VZ4.pdb,0.92,Excellent (极好)
C1L319.pdb,0.92,Excellent (极好)
Q47YG3.pdb,0.92,Excellent (极好)
A7J1X3.pdb,0.92,Excellent (极好)
A8D008.pdb,0.92,Excellent (极好)
Q13867.pdb,0.92,Excellent (极好)
O43820.pdb,0.92,Excellent (极好)
T1UPN7.pdb,0.92,Excellent (极好)
A0A1C9V3R0.pdb,0.92,Excellent (极好)
Q39024.pdb,0.92,Excellent (极好)
Q8ZXN7.pdb,0.92,Excellent (极好)
Q9Z5D4.pdb,0.92,Excellent (极好)
O87172.pdb,0.92,Excellent (极好)
Q9ZNM8.pdb,0.92,Excellent (极好)
A3QQQ9.pdb,0.92,Excellent (极好)
Q5SHB0.pdb,0.92,Excellent (极好)
Q57872.pdb,0.92,Excellent (极好)
Q500X4.pdb,0.92,Excellent (极好)
A0A2Z5VGN0.pdb,0.92,Excellent (极好)
C6FWH0.pdb,0.92,Excellent (极好)
A0A167KLN5.pdb,0.92,Excellent (极好)
P51635.pdb,0.92,Excellent (极好)
O67501.pdb,0.92,Excellent (极好)
Q84B22.pdb,0.92,Excellent (极好)
E9P3X9.pdb,0.92,Excellent (极好)
A0A0G4QKE4.pdb,0.92,Excellent (极好)
Q83WC3.pdb,0.92,Excellent (极好)
B1P195.pdb,0.92,Excellent (极好)
M4GRS1.pdb,0.92,Excellent (极好)
Q9NPD8.pdb,0.92,Excellent (极好)
Q56304.pdb,0.92,Excellent (极好)
B0L0Y4.pdb,0.92,Excellent (极好)
Q6NLA5.pdb,0.92,Excellent (极好)
Q06241.pdb,0.92,Excellent (极好)
A0A0D1DYW4.pdb,0.92,Excellent (极好)
A2VBC4.pdb,0.92,Excellent (极好)
Q9GV16.pdb,0.92,Excellent (极好)
Q825I8.pdb,0.92,Excellent (极好)
Q6ZQW0.pdb,0.92,Excellent (极好)
P45859.pdb,0.92,Excellent (极好)
Q81EJ6.pdb,0.92,Excellent (极好)
P26263.pdb,0.92,Excellent (极好)
A0A0H3BY05.pdb,0.92,Excellent (极好)
P11245.pdb,0.92,Excellent (极好)
D7RIE8.pdb,0.92,Excellent (极好)
Q12382.pdb,0.92,Excellent (极好)
G9FRD7.pdb,0.92,Excellent (极好)
Q4DFH6.pdb,0.92,Excellent (极好)
Q5U921.pdb,0.92,Excellent (极好)
B5UB85.pdb,0.92,Excellent (极好)
Q9S5V6.pdb,0.92,Excellent (极好)
C0LZJ7.pdb,0.92,Excellent (极好)
Q9Y5R4.pdb,0.92,Excellent (极好)
E3WDH1.pdb,0.92,Excellent (极好)
A0A125QVX1.pdb,0.92,Excellent (极好)
P53341.pdb,0.92,Excellent (极好)
P77835.pdb,0.92,Excellent (极好)
A0A167Z3Z6.pdb,0.92,Excellent (极好)
D2DRC5.pdb,0.92,Excellent (极好)
A0A158RFS7.pdb,0.92,Excellent (极好)
P77570.pdb,0.92,Excellent (极好)
Q81W29.pdb,0.92,Excellent (极好)
Q97U29.pdb,0.92,Excellent (极好)
B3VHW3.pdb,0.92,Excellent (极好)
C7CXJ5.pdb,0.92,Excellent (极好)
A0A2H4PKA2.pdb,0.92,Excellent (极好)
P19440.pdb,0.92,Excellent (极好)
Q8W428.pdb,0.92,Excellent (极好)
Q8TZL6.pdb,0.92,Excellent (极好)
O59869.pdb,0.92,Excellent (极好)
Q5PXK2.pdb,0.92,Excellent (极好)
Q9WYH8.pdb,0.92,Excellent (极好)
Q89ZI2.pdb,0.92,Excellent (极好)
Q8VWZ7.pdb,0.92,Excellent (极好)
P0CW40.pdb,0.92,Excellent (极好)
P0A790.pdb,0.92,Excellent (极好)
Q84H88.pdb,0.92,Excellent (极好)
Q5JGF8.pdb,0.92,Excellent (极好)
Q45071.pdb,0.92,Excellent (极好)
Q57834.pdb,0.92,Excellent (极好)
V5T827.pdb,0.92,Excellent (极好)
Q81LZ8.pdb,0.92,Excellent (极好)
Q0PGS3.pdb,0.92,Excellent (极好)
C0LJH4.pdb,0.92,Excellent (极好)
P08303.pdb,0.92,Excellent (极好)
B5THG6.pdb,0.92,Excellent (极好)
Q9NXS2.pdb,0.92,Excellent (极好)
Q5PWZ8.pdb,0.92,Excellent (极好)
D2IX45.pdb,0.92,Excellent (极好)
Q6ZPD8.pdb,0.92,Excellent (极好)
P37956.pdb,0.92,Excellent (极好)
A0A1D0BQV8.pdb,0.92,Excellent (极好)
H9L9T8.pdb,0.92,Excellent (极好)
Q8U3Y2.pdb,0.92,Excellent (极好)
Q818Z9.pdb,0.92,Excellent (极好)
X5CPN2.pdb,0.92,Excellent (极好)
A0A1B1FIZ1.pdb,0.92,Excellent (极好)
E3W202.pdb,0.92,Excellent (极好)
A0A0G3BIB7.pdb,0.92,Excellent (极好)
Q969A2.pdb,0.92,Excellent (极好)
B9V401.pdb,0.92,Excellent (极好)
Q94G06.pdb,0.92,Excellent (极好)
P0A7Y4.pdb,0.92,Excellent (极好)
C7P8V7.pdb,0.92,Excellent (极好)
Q01330.pdb,0.92,Excellent (极好)
B1PHD3.pdb,0.92,Excellent (极好)
Q9U6N3.pdb,0.92,Excellent (极好)
P9WPT5.pdb,0.92,Excellent (极好)
P40227.pdb,0.92,Excellent (极好)
P21673.pdb,0.92,Excellent (极好)
Q72L69.pdb,0.92,Excellent (极好)
A4IPX2.pdb,0.92,Excellent (极好)
Q8NEB5.pdb,0.92,Excellent (极好)
P10725.pdb,0.92,Excellent (极好)
Q8GZD8.pdb,0.92,Excellent (极好)
Q5VK60.pdb,0.92,Excellent (极好)
P99106.pdb,0.92,Excellent (极好)
D2Z028.pdb,0.92,Excellent (极好)
Q2VPS0.pdb,0.92,Excellent (极好)
Q03520.pdb,0.92,Excellent (极好)
B6CND6.pdb,0.92,Excellent (极好)
A0A168VCK5.pdb,0.92,Excellent (极好)
H2FL89.pdb,0.92,Excellent (极好)
Q26998.pdb,0.92,Excellent (极好)
Q8U488.pdb,0.92,Excellent (极好)
P78371.pdb,0.92,Excellent (极好)
B8RCD2.pdb,0.92,Excellent (极好)
Q2SWW9.pdb,0.92,Excellent (极好)
A0A060IGN1.pdb,0.92,Excellent (极好)
P08397.pdb,0.92,Excellent (极好)
Q8PDA8.pdb,0.92,Excellent (极好)
F1P2T2.pdb,0.92,Excellent (极好)
B6YUS8.pdb,0.92,Excellent (极好)
Q6XNK6.pdb,0.92,Excellent (极好)
Q86UY6.pdb,0.92,Excellent (极好)
Q95JH4.pdb,0.92,Excellent (极好)
Q9CFI2.pdb,0.92,Excellent (极好)
A0A2Z4EVE5.pdb,0.92,Excellent (极好)
Q84MD8.pdb,0.92,Excellent (极好)
Q5DKU9.pdb,0.92,Excellent (极好)
O08709.pdb,0.92,Excellent (极好)
P9WNV1.pdb,0.92,Excellent (极好)
Q9FLG1.pdb,0.92,Excellent (极好)
Q0ZS24.pdb,0.92,Excellent (极好)
B3TZD8.pdb,0.92,Excellent (极好)
Q8GJG6.pdb,0.92,Excellent (极好)
Q8GT21.pdb,0.92,Excellent (极好)
P0A746.pdb,0.92,Excellent (极好)
Q3ZPN4.pdb,0.92,Excellent (极好)
P21685.pdb,0.92,Excellent (极好)
O02089.pdb,0.92,Excellent (极好)
A2RNG5.pdb,0.92,Excellent (极好)
Q93TJ5.pdb,0.92,Excellent (极好)
Q5DKU6.pdb,0.92,Excellent (极好)
J9XQS6.pdb,0.92,Excellent (极好)
Q47RL1.pdb,0.92,Excellent (极好)
H9DV62.pdb,0.92,Excellent (极好)
V5YT97.pdb,0.92,Excellent (极好)
Q3ZBH0.pdb,0.92,Excellent (极好)
P9WQB5.pdb,0.92,Excellent (极好)
Q88GF6.pdb,0.92,Excellent (极好)
P77943.pdb,0.92,Excellent (极好)
P11570.pdb,0.92,Excellent (极好)
F9VNG5.pdb,0.92,Excellent (极好)
Q55808.pdb,0.92,Excellent (极好)
Q6JGI2.pdb,0.92,Excellent (极好)
F5H5G0.pdb,0.92,Excellent (极好)
Q70PR7.pdb,0.92,Excellent (极好)
O24035.pdb,0.92,Excellent (极好)
Q88NN6.pdb,0.92,Excellent (极好)
B2DFG5.pdb,0.92,Excellent (极好)
O33476.pdb,0.92,Excellent (极好)
O67931.pdb,0.92,Excellent (极好)
A0A146FAZ1.pdb,0.92,Excellent (极好)
Q8KZM4.pdb,0.92,Excellent (极好)
Q972D2.pdb,0.92,Excellent (极好)
Q2QC90.pdb,0.92,Excellent (极好)
W8JNL4.pdb,0.92,Excellent (极好)
O80467.pdb,0.92,Excellent (极好)
P00344.pdb,0.92,Excellent (极好)
Q7CKD7.pdb,0.92,Excellent (极好)
O93738.pdb,0.92,Excellent (极好)
F8JPG4.pdb,0.92,Excellent (极好)
Q2I011.pdb,0.92,Excellent (极好)
Q9KB30.pdb,0.92,Excellent (极好)
A3DJS9.pdb,0.92,Excellent (极好)
Q6T2T5.pdb,0.92,Excellent (极好)
Q03471.pdb,0.92,Excellent (极好)
P23381.pdb,0.92,Excellent (极好)
B8QHP5.pdb,0.92,Excellent (极好)
A0A6B7HCZ2.pdb,0.92,Excellent (极好)
P57665.pdb,0.92,Excellent (极好)
Q9SK82.pdb,0.92,Excellent (极好)
Q8RVW0.pdb,0.92,Excellent (极好)
Q5JZX2.pdb,0.92,Excellent (极好)
Q8DT64.pdb,0.92,Excellent (极好)
O69262.pdb,0.92,Excellent (极好)
Q6UWR7.pdb,0.92,Excellent (极好)
A0A2N5WD20.pdb,0.92,Excellent (极好)
Q9H6B9.pdb,0.92,Excellent (极好)
B5XA65.pdb,0.92,Excellent (极好)
P35249.pdb,0.92,Excellent (极好)
P80317.pdb,0.92,Excellent (极好)
B9H4E1.pdb,0.92,Excellent (极好)
P31072.pdb,0.92,Excellent (极好)
Q93GB6.pdb,0.92,Excellent (极好)
D3KVM3.pdb,0.92,Excellent (极好)
A0A068FNL1.pdb,0.92,Excellent (极好)
Q9RVT9.pdb,0.92,Excellent (极好)
Q92DF6.pdb,0.92,Excellent (极好)
C5YLL4.pdb,0.92,Excellent (极好)
Q60034.pdb,0.92,Excellent (极好)
A1RVM8.pdb,0.92,Excellent (极好)
Q8U1G2.pdb,0.92,Excellent (极好)
O31616.pdb,0.92,Excellent (极好)
O23402.pdb,0.92,Excellent (极好)
Q9Y315.pdb,0.92,Excellent (极好)
Q309F3.pdb,0.92,Excellent (极好)
P9WKE5.pdb,0.92,Excellent (极好)
B2DEW2.pdb,0.92,Excellent (极好)
P0AFL6.pdb,0.92,Excellent (极好)
P62256.pdb,0.92,Excellent (极好)
Q70FC9.pdb,0.92,Excellent (极好)
Q95JH5.pdb,0.92,Excellent (极好)
Q9ZV19.pdb,0.92,Excellent (极好)
P77243.pdb,0.92,Excellent (极好)
Q97LU2.pdb,0.92,Excellent (极好)
F2YP45.pdb,0.92,Excellent (极好)
Q76L37.pdb,0.92,Excellent (极好)
P19356.pdb,0.92,Excellent (极好)
Q9FLC8.pdb,0.92,Excellent (极好)
A0A125SUY5.pdb,0.92,Excellent (极好)
A0A3G2YMH7.pdb,0.92,Excellent (极好)
A0A1L7HA00.pdb,0.92,Excellent (极好)
A0A0D5ZYA4.pdb,0.92,Excellent (极好)
Q9C4M3.pdb,0.92,Excellent (极好)
B1VK39.pdb,0.92,Excellent (极好)
C5J048.pdb,0.92,Excellent (极好)
E7FHY8.pdb,0.92,Excellent (极好)
B8IP05.pdb,0.92,Excellent (极好)
A0A1L3THR9.pdb,0.92,Excellent (极好)
Q9UJ83.pdb,0.92,Excellent (极好)
G7CFI3.pdb,0.92,Excellent (极好)
C3VVL4.pdb,0.92,Excellent (极好)
P36959.pdb,0.92,Excellent (极好)
A9P6P7.pdb,0.92,Excellent (极好)
A0A1S6LQU1.pdb,0.92,Excellent (极好)
Q9ADJ2.pdb,0.92,Excellent (极好)
A1YLF2.pdb,0.92,Excellent (极好)
P26572.pdb,0.92,Excellent (极好)
A0A068PC91.pdb,0.92,Excellent (极好)
O54050.pdb,0.92,Excellent (极好)
K5XDZ6.pdb,0.92,Excellent (极好)
P36217.pdb,0.92,Excellent (极好)
Q9LZG0.pdb,0.92,Excellent (极好)
E9AMH6.pdb,0.92,Excellent (极好)
Q81R98.pdb,0.92,Excellent (极好)
Q5KTT0.pdb,0.92,Excellent (极好)
A0A0H3M8A2.pdb,0.92,Excellent (极好)
O57980.pdb,0.92,Excellent (极好)
H2IFX0.pdb,0.92,Excellent (极好)
Q5FMB7.pdb,0.92,Excellent (极好)
P36205.pdb,0.92,Excellent (极好)
P9WNH5.pdb,0.92,Excellent (极好)
C4PWA1.pdb,0.92,Excellent (极好)
P95189.pdb,0.92,Excellent (极好)
E7CYP8.pdb,0.92,Excellent (极好)
P38137.pdb,0.92,Excellent (极好)
Q5Y152.pdb,0.92,Excellent (极好)
Q8TP42.pdb,0.92,Excellent (极好)
B2RCV8.pdb,0.92,Excellent (极好)
Q45222.pdb,0.92,Excellent (极好)
P48740.pdb,0.92,Excellent (极好)
F8AEP0.pdb,0.92,Excellent (极好)
Q5SL04.pdb,0.92,Excellent (极好)
Q5JIA8.pdb,0.92,Excellent (极好)
A0A0A1EI83.pdb,0.92,Excellent (极好)
B3Y018.pdb,0.92,Excellent (极好)
P0A6M4.pdb,0.92,Excellent (极好)
Q5LS56.pdb,0.92,Excellent (极好)
Q5LIW1.pdb,0.92,Excellent (极好)
Q84JH5.pdb,0.92,Excellent (极好)
Q9AFC7.pdb,0.92,Excellent (极好)
Q08295.pdb,0.92,Excellent (极好)
C3PTS8.pdb,0.92,Excellent (极好)
D7UTZ8.pdb,0.92,Excellent (极好)
P25397.pdb,0.92,Excellent (极好)
P17182.pdb,0.92,Excellent (极好)
I7A144.pdb,0.92,Excellent (极好)
A7LH73.pdb,0.92,Excellent (极好)
D0EPY0.pdb,0.92,Excellent (极好)
Q9ZGI1.pdb,0.92,Excellent (极好)
Q6UC93.pdb,0.92,Excellent (极好)
Q8J2Z4.pdb,0.92,Excellent (极好)
U6BQJ3.pdb,0.92,Excellent (极好)
Q6PBS3.pdb,0.92,Excellent (极好)
Q20CK9.pdb,0.92,Excellent (极好)
A0A380WRS7.pdb,0.92,Excellent (极好)
I3VE74.pdb,0.92,Excellent (极好)
Q5FYA7.pdb,0.92,Excellent (极好)
Q9WXP9.pdb,0.92,Excellent (极好)
P51965.pdb,0.92,Excellent (极好)
P49010.pdb,0.92,Excellent (极好)
Q9UUB1.pdb,0.92,Excellent (极好)
Q62L02.pdb,0.92,Excellent (极好)
Q9FNN1.pdb,0.92,Excellent (极好)
Q8BLF1.pdb,0.92,Excellent (极好)
Q27793.pdb,0.92,Excellent (极好)
Q59922.pdb,0.92,Excellent (极好)
O57762.pdb,0.92,Excellent (极好)
A0A0M4HL56.pdb,0.92,Excellent (极好)
Q9VRQ9.pdb,0.92,Excellent (极好)
P32370.pdb,0.92,Excellent (极好)
A1YZ22.pdb,0.92,Excellent (极好)
O27089.pdb,0.92,Excellent (极好)
P06169.pdb,0.92,Excellent (极好)
P51668.pdb,0.92,Excellent (极好)
P9WQF5.pdb,0.92,Excellent (极好)
Q7K5K9.pdb,0.92,Excellent (极好)
A9P6P9.pdb,0.92,Excellent (极好)
B8I944.pdb,0.92,Excellent (极好)
Q20CK6.pdb,0.92,Excellent (极好)
Q8W3J0.pdb,0.92,Excellent (极好)
D2IX40.pdb,0.92,Excellent (极好)
I7GFC6.pdb,0.92,Excellent (极好)
A0A172MJX5.pdb,0.92,Excellent (极好)
Q05874.pdb,0.92,Excellent (极好)
B3EYM8.pdb,0.92,Excellent (极好)
Q6L1T2.pdb,0.92,Excellent (极好)
Q8LG50.pdb,0.92,Excellent (极好)
A0A1Y9TFD9.pdb,0.92,Excellent (极好)
A0A0U1MUE2.pdb,0.92,Excellent (极好)
A0A142G555.pdb,0.92,Excellent (极好)
A0A1S0QXP6.pdb,0.92,Excellent (极好)
Q89GR3.pdb,0.92,Excellent (极好)
Q9KAN9.pdb,0.92,Excellent (极好)
E1CJT1.pdb,0.92,Excellent (极好)
Q2KJQ1.pdb,0.92,Excellent (极好)
A0A127CMI7.pdb,0.92,Excellent (极好)
P19921.pdb,0.92,Excellent (极好)
P38919.pdb,0.92,Excellent (极好)
Q9HAT2.pdb,0.92,Excellent (极好)
A8D7K2.pdb,0.92,Excellent (极好)
A5IKD0.pdb,0.92,Excellent (极好)
Q4DEJ0.pdb,0.92,Excellent (极好)
Q76K51.pdb,0.92,Excellent (极好)
Q6RHX8.pdb,0.92,Excellent (极好)
P9WP31.pdb,0.92,Excellent (极好)
P12995.pdb,0.92,Excellent (极好)
Q87EL2.pdb,0.92,Excellent (极好)
Q53HV7.pdb,0.92,Excellent (极好)
Q5XF78.pdb,0.92,Excellent (极好)
Q6F828.pdb,0.92,Excellent (极好)
A0A1C9V3S9.pdb,0.92,Excellent (极好)
P34210.pdb,0.92,Excellent (极好)
P28523.pdb,0.92,Excellent (极好)
Q58134.pdb,0.92,Excellent (极好)
P50292.pdb,0.92,Excellent (极好)
B8DZM3.pdb,0.92,Excellent (极好)
Q8H6N2.pdb,0.92,Excellent (极好)
Q8CHM7.pdb,0.92,Excellent (极好)
Q8IU89.pdb,0.92,Excellent (极好)
Q45VU2.pdb,0.92,Excellent (极好)
Q9ALV2.pdb,0.92,Excellent (极好)
C7AQX8.pdb,0.92,Excellent (极好)
A0A1X9JQM7.pdb,0.92,Excellent (极好)
Q9YFI3.pdb,0.92,Excellent (极好)
P23670.pdb,0.92,Excellent (极好)
P0C0Y5.pdb,0.92,Excellent (极好)
Q64GB3.pdb,0.92,Excellent (极好)
D4GP31.pdb,0.92,Excellent (极好)
V9HZX4.pdb,0.92,Excellent (极好)
Q55088.pdb,0.92,Excellent (极好)
D1A2H1.pdb,0.92,Excellent (极好)
Q20CK7.pdb,0.92,Excellent (极好)
A0A2I6U1R5.pdb,0.92,Excellent (极好)
Q5ZXE1.pdb,0.92,Excellent (极好)
Q0K2K2.pdb,0.92,Excellent (极好)
Q8NKS6.pdb,0.92,Excellent (极好)
A0A286R7K5.pdb,0.92,Excellent (极好)
P13203.pdb,0.92,Excellent (极好)
O73960.pdb,0.92,Excellent (极好)
M4LK61.pdb,0.92,Excellent (极好)
A0A1S6JYL1.pdb,0.92,Excellent (极好)
C4TP07.pdb,0.92,Excellent (极好)
P13981.pdb,0.92,Excellent (极好)
Q5ZNB1.pdb,0.92,Excellent (极好)
Q7XAU6.pdb,0.92,Excellent (极好)
A0A088BC14.pdb,0.92,Excellent (极好)
Q6BDJ2.pdb,0.92,Excellent (极好)
Q96N66.pdb,0.92,Excellent (极好)
A0A075X1K1.pdb,0.92,Excellent (极好)
P9WPX7.pdb,0.92,Excellent (极好)
Q0VTC7.pdb,0.92,Excellent (极好)
Q8U1K9.pdb,0.92,Excellent (极好)
A0A0S2UQQ5.pdb,0.92,Excellent (极好)
Q5JFG2.pdb,0.92,Excellent (极好)
Q9ZQ99.pdb,0.92,Excellent (极好)
Q6T1W7.pdb,0.92,Excellent (极好)
F2ZAE0.pdb,0.92,Excellent (极好)
P09107.pdb,0.92,Excellent (极好)
A0A140N5X9.pdb,0.92,Excellent (极好)
E7AIM3.pdb,0.92,Excellent (极好)
P32397.pdb,0.92,Excellent (极好)
Q6QGY5.pdb,0.92,Excellent (极好)
F8WKW5.pdb,0.92,Excellent (极好)
P57084.pdb,0.92,Excellent (极好)
P11759.pdb,0.92,Excellent (极好)
Q4QB75.pdb,0.92,Excellent (极好)
Q9F3K4.pdb,0.92,Excellent (极好)
O67010.pdb,0.92,Excellent (极好)
Q5DKV0.pdb,0.92,Excellent (极好)
A0A1C9V3R4.pdb,0.92,Excellent (极好)
D1JGU3.pdb,0.92,Excellent (极好)
P95709.pdb,0.92,Excellent (极好)
Q6L0S1.pdb,0.92,Excellent (极好)
Q6R6P5.pdb,0.92,Excellent (极好)
Q76M73.pdb,0.92,Excellent (极好)
P00388.pdb,0.92,Excellent (极好)
O93647.pdb,0.92,Excellent (极好)
Q9F1Y5.pdb,0.92,Excellent (极好)
Q4A041.pdb,0.92,Excellent (极好)
B9L0B7.pdb,0.92,Excellent (极好)
Q91WR5.pdb,0.92,Excellent (极好)
D0E8I5.pdb,0.92,Excellent (极好)
Q5SIQ7.pdb,0.92,Excellent (极好)
B5ARZ9.pdb,0.92,Excellent (极好)
A1VMN2.pdb,0.92,Excellent (极好)
Q836D9.pdb,0.92,Excellent (极好)
Q8U4Q8.pdb,0.92,Excellent (极好)
P38715.pdb,0.92,Excellent (极好)
Q60182.pdb,0.92,Excellent (极好)
Q7LST4.pdb,0.92,Excellent (极好)
Q9HAW9.pdb,0.92,Excellent (极好)
G8TCS8.pdb,0.92,Excellent (极好)
F7J1C8.pdb,0.92,Excellent (极好)
C6L684.pdb,0.92,Excellent (极好)
A0A4D6J6N6.pdb,0.92,Excellent (极好)
Q9LBX4.pdb,0.92,Excellent (极好)
Q27Z07.pdb,0.92,Excellent (极好)
A0A286JZ59.pdb,0.92,Excellent (极好)
A0A2Z6G7P5.pdb,0.92,Excellent (极好)
Q5J7B5.pdb,0.92,Excellent (极好)
Q52722.pdb,0.92,Excellent (极好)
A0A1S6WME7.pdb,0.92,Excellent (极好)
P50227.pdb,0.92,Excellent (极好)
A0A067XR63.pdb,0.92,Excellent (极好)
A0A2Z5VGV8.pdb,0.92,Excellent (极好)
Q6FF00.pdb,0.92,Excellent (极好)
Q9WZ18.pdb,0.92,Excellent (极好)
Q4J6M5.pdb,0.92,Excellent (极好)
D3JU53.pdb,0.92,Excellent (极好)
E2RV69.pdb,0.92,Excellent (极好)
G0XZM1.pdb,0.92,Excellent (极好)
Q7CRQ0.pdb,0.92,Excellent (极好)
Q29YR5.pdb,0.92,Excellent (极好)
P44046.pdb,0.92,Excellent (极好)
V9NHA1.pdb,0.92,Excellent (极好)
Q40313.pdb,0.92,Excellent (极好)
P55212.pdb,0.92,Excellent (极好)
Q54801.pdb,0.92,Excellent (极好)
A0A2Z6G7T9.pdb,0.92,Excellent (极好)
Q90WX1.pdb,0.92,Excellent (极好)
P46655.pdb,0.92,Excellent (极好)
Q4H2B4.pdb,0.92,Excellent (极好)
P13717.pdb,0.92,Excellent (极好)
Q16647.pdb,0.92,Excellent (极好)
Q6Q874.pdb,0.92,Excellent (极好)
B6DQK4.pdb,0.92,Excellent (极好)
B2KJ46.pdb,0.92,Excellent (极好)
P15043.pdb,0.92,Excellent (极好)
D4GP33.pdb,0.92,Excellent (极好)
G1EH67.pdb,0.92,Excellent (极好)
Q937X0.pdb,0.92,Excellent (极好)
Q5JJ82.pdb,0.92,Excellent (极好)
Q9M7B7.pdb,0.92,Excellent (极好)
Q9KJ21.pdb,0.92,Excellent (极好)
Q6R0J2.pdb,0.92,Excellent (极好)
B0V1K8.pdb,0.92,Excellent (极好)
G4I2J6.pdb,0.92,Excellent (极好)
B2W4L0.pdb,0.92,Excellent (极好)
Q979W2.pdb,0.92,Excellent (极好)
Q8NE62.pdb,0.92,Excellent (极好)
Q96VK8.pdb,0.92,Excellent (极好)
A0A1B1FIV8.pdb,0.92,Excellent (极好)
P14288.pdb,0.92,Excellent (极好)
Q75W17.pdb,0.92,Excellent (极好)
G2QDN2.pdb,0.92,Excellent (极好)
P05081.pdb,0.92,Excellent (极好)
P80561.pdb,0.92,Excellent (极好)
Q5NII9.pdb,0.92,Excellent (极好)
T2HRP0.pdb,0.92,Excellent (极好)
A0A0H3WKG6.pdb,0.92,Excellent (极好)
H3ZMH5.pdb,0.92,Excellent (极好)
Q939X3.pdb,0.92,Excellent (极好)
Q88K85.pdb,0.92,Excellent (极好)
Q96Z02.pdb,0.92,Excellent (极好)
O75355.pdb,0.92,Excellent (极好)
Q96GD0.pdb,0.92,Excellent (极好)
Q8U4G1.pdb,0.92,Excellent (极好)
W8CQB1.pdb,0.92,Excellent (极好)
Q6HKW3.pdb,0.92,Excellent (极好)
U5LKV8.pdb,0.92,Excellent (极好)
P62837.pdb,0.92,Excellent (极好)
H1AAU7.pdb,0.92,Excellent (极好)
C4B644.pdb,0.92,Excellent (极好)
B4Y0U0.pdb,0.92,Excellent (极好)
P0AD57.pdb,0.92,Excellent (极好)
B5L0W0.pdb,0.92,Excellent (极好)
Q0BRB0.pdb,0.92,Excellent (极好)
Q92WA3.pdb,0.92,Excellent (极好)
B3XPZ4.pdb,0.92,Excellent (极好)
O35795.pdb,0.92,Excellent (极好)
Q8NLB6.pdb,0.92,Excellent (极好)
A0A2H4RAC5.pdb,0.92,Excellent (极好)
Q9X0C6.pdb,0.92,Excellent (极好)
Q8CI15.pdb,0.92,Excellent (极好)
G3FNL7.pdb,0.92,Excellent (极好)
Q8GSN8.pdb,0.92,Excellent (极好)
J9QYL0.pdb,0.92,Excellent (极好)
A0A0A7HLG5.pdb,0.92,Excellent (极好)
Q03Z32.pdb,0.92,Excellent (极好)
A4YDR9.pdb,0.92,Excellent (极好)
A0A1C9U5X5.pdb,0.92,Excellent (极好)
Q42982.pdb,0.92,Excellent (极好)
Q8TZW4.pdb,0.92,Excellent (极好)
A0A0E4AX59.pdb,0.92,Excellent (极好)
Q70GK9.pdb,0.92,Excellent (极好)
Q8NCW5.pdb,0.92,Excellent (极好)
Q96GA7.pdb,0.92,Excellent (极好)
P43912.pdb,0.92,Excellent (极好)
Q2V982.pdb,0.92,Excellent (极好)
Q9WZR6.pdb,0.92,Excellent (极好)
Q5SH52.pdb,0.92,Excellent (极好)
B3VI72.pdb,0.92,Excellent (极好)
Q3L243.pdb,0.92,Excellent (极好)
Q5ZUR9.pdb,0.92,Excellent (极好)
B7JX99.pdb,0.92,Excellent (极好)
O60656.pdb,0.92,Excellent (极好)
Q5DKU8.pdb,0.92,Excellent (极好)
A1IHL0.pdb,0.92,Excellent (极好)
Q3T6E2.pdb,0.92,Excellent (极好)
C3W4Y2.pdb,0.92,Excellent (极好)
A0A384ZRB9.pdb,0.92,Excellent (极好)
P43341.pdb,0.92,Excellent (极好)
Q96VK9.pdb,0.92,Excellent (极好)
C0SVZ6.pdb,0.92,Excellent (极好)
O67646.pdb,0.92,Excellent (极好)
G4T3S9.pdb,0.92,Excellent (极好)
I6TNE2.pdb,0.92,Excellent (极好)
Q66NB7.pdb,0.92,Excellent (极好)
Q5KTT1.pdb,0.92,Excellent (极好)
B7WZA5.pdb,0.92,Excellent (极好)
C7AQY2.pdb,0.92,Excellent (极好)
P18956.pdb,0.92,Excellent (极好)
Q9F5K5.pdb,0.92,Excellent (极好)
B1P1S7.pdb,0.92,Excellent (极好)
Q65GW7.pdb,0.92,Excellent (极好)
Q9HLV8.pdb,0.92,Excellent (极好)
Q8RMD1.pdb,0.92,Excellent (极好)
Q9M571.pdb,0.92,Excellent (极好)
C9D7S2.pdb,0.92,Excellent (极好)
P53051.pdb,0.92,Excellent (极好)
A2R6F5.pdb,0.92,Excellent (极好)
A0A059TC02.pdb,0.92,Excellent (极好)
P27213.pdb,0.92,Excellent (极好)
B9LW38.pdb,0.92,Excellent (极好)
Q5KVE7.pdb,0.92,Excellent (极好)
P81762.pdb,0.92,Excellent (极好)
A9ZPH9.pdb,0.92,Excellent (极好)
Q9X1S1.pdb,0.92,Excellent (极好)
Q948T5.pdb,0.92,Excellent (极好)
Q8E927.pdb,0.92,Excellent (极好)
Q3Y5A4.pdb,0.92,Excellent (极好)
A0A2U9Q8K4.pdb,0.92,Excellent (极好)
Q9UUT6.pdb,0.92,Excellent (极好)
Q66Q78.pdb,0.92,Excellent (极好)
M9VUE0.pdb,0.92,Excellent (极好)
B3VH91.pdb,0.92,Excellent (极好)
Q5JHA5.pdb,0.92,Excellent (极好)
Q6TNA5.pdb,0.92,Excellent (极好)
P37967.pdb,0.92,Excellent (极好)
A3QQR1.pdb,0.92,Excellent (极好)
Q5UVJ4.pdb,0.92,Excellent (极好)
Q12400.pdb,0.92,Excellent (极好)
B0K2C2.pdb,0.92,Excellent (极好)
Q84UV8.pdb,0.92,Excellent (极好)
D1MX72.pdb,0.92,Excellent (极好)
P0C1Q0.pdb,0.92,Excellent (极好)
O28126.pdb,0.92,Excellent (极好)
A0A385J6X8.pdb,0.92,Excellent (极好)
Q97Z86.pdb,0.92,Excellent (极好)
W8NQ72.pdb,0.92,Excellent (极好)
O66932.pdb,0.92,Excellent (极好)
P40332.pdb,0.92,Excellent (极好)
F2X2G0.pdb,0.91,Excellent (极好)
Q3YW59.pdb,0.91,Excellent (极好)
E1C8E0.pdb,0.91,Excellent (极好)
Q8MWS0.pdb,0.91,Excellent (极好)
Q4J9M3.pdb,0.91,Excellent (极好)
Q9HTV5.pdb,0.91,Excellent (极好)
Q1W622.pdb,0.91,Excellent (极好)
Q6SZP8.pdb,0.91,Excellent (极好)
O06901.pdb,0.91,Excellent (极好)
Q9LVF0.pdb,0.91,Excellent (极好)
Q5VB42.pdb,0.91,Excellent (极好)
Q1XD17.pdb,0.91,Excellent (极好)
A9CH28.pdb,0.91,Excellent (极好)
Q3SFD8.pdb,0.91,Excellent (极好)
Q8L493.pdb,0.91,Excellent (极好)
P57706.pdb,0.91,Excellent (极好)
P75823.pdb,0.91,Excellent (极好)
C6W7B1.pdb,0.91,Excellent (极好)
E1APK1.pdb,0.91,Excellent (极好)
P00736.pdb,0.91,Excellent (极好)
P04068.pdb,0.91,Excellent (极好)
Q9UXR8.pdb,0.91,Excellent (极好)
M4QNR9.pdb,0.91,Excellent (极好)
P00698.pdb,0.91,Excellent (极好)
G9D319.pdb,0.91,Excellent (极好)
P00921.pdb,0.91,Excellent (极好)
P93672.pdb,0.91,Excellent (极好)
P12425.pdb,0.91,Excellent (极好)
P52902.pdb,0.91,Excellent (极好)
C0IRH7.pdb,0.91,Excellent (极好)
Q8J219.pdb,0.91,Excellent (极好)
Q7XU03.pdb,0.91,Excellent (极好)
P09979.pdb,0.91,Excellent (极好)
Q91V26.pdb,0.91,Excellent (极好)
A5W402.pdb,0.91,Excellent (极好)
A0A2Z5U3T3.pdb,0.91,Excellent (极好)
Q973H5.pdb,0.91,Excellent (极好)
Q6HA05.pdb,0.91,Excellent (极好)
E3VWI3.pdb,0.91,Excellent (极好)
Q9UKQ9.pdb,0.91,Excellent (极好)
Q9GK11.pdb,0.91,Excellent (极好)
A0A1W6ALG8.pdb,0.91,Excellent (极好)
I0BWH3.pdb,0.91,Excellent (极好)
Q93XP7.pdb,0.91,Excellent (极好)
P18440.pdb,0.91,Excellent (极好)
A0A1B3TNR9.pdb,0.91,Excellent (极好)
Q3M5Z3.pdb,0.91,Excellent (极好)
O29610.pdb,0.91,Excellent (极好)
B8Y1H0.pdb,0.91,Excellent (极好)
A0A177YY42.pdb,0.91,Excellent (极好)
S6DXG7.pdb,0.91,Excellent (极好)
A0A0F7VP60.pdb,0.91,Excellent (极好)
P14656.pdb,0.91,Excellent (极好)
I3RFR4.pdb,0.91,Excellent (极好)
Q9LFA6.pdb,0.91,Excellent (极好)
P37093.pdb,0.91,Excellent (极好)
P08017.pdb,0.91,Excellent (极好)
A0A0P0DIY6.pdb,0.91,Excellent (极好)
O05651.pdb,0.91,Excellent (极好)
Q9FFP6.pdb,0.91,Excellent (极好)
D4QEZ8.pdb,0.91,Excellent (极好)
F4JUY5.pdb,0.91,Excellent (极好)
Q9HJN6.pdb,0.91,Excellent (极好)
A0A0H3C8Q1.pdb,0.91,Excellent (极好)
F1CYZ6.pdb,0.91,Excellent (极好)
I3LRP8.pdb,0.91,Excellent (极好)
A0A0H0ZQK0.pdb,0.91,Excellent (极好)
P46799.pdb,0.91,Excellent (极好)
Q9LTR9.pdb,0.91,Excellent (极好)
Q8TT02.pdb,0.91,Excellent (极好)
V5RFK1.pdb,0.91,Excellent (极好)
Q5VZY2.pdb,0.91,Excellent (极好)
Q2Z1A8.pdb,0.91,Excellent (极好)
Q8TZP8.pdb,0.91,Excellent (极好)
Q2V0W1.pdb,0.91,Excellent (极好)
P00512.pdb,0.91,Excellent (极好)
T1NXG6.pdb,0.91,Excellent (极好)
P0AFC0.pdb,0.91,Excellent (极好)
A0A067YX61.pdb,0.91,Excellent (极好)
Q540D7.pdb,0.91,Excellent (极好)
P61497.pdb,0.91,Excellent (极好)
E7FHU4.pdb,0.91,Excellent (极好)
D4GT97.pdb,0.91,Excellent (极好)
Q8K409.pdb,0.91,Excellent (极好)
P11542.pdb,0.91,Excellent (极好)
A4F2S6.pdb,0.91,Excellent (极好)
B2BZ80.pdb,0.91,Excellent (极好)
Q7S3R5.pdb,0.91,Excellent (极好)
P9WNC9.pdb,0.91,Excellent (极好)
Q5JD05.pdb,0.91,Excellent (极好)
P11983.pdb,0.91,Excellent (极好)
Q9CQF9.pdb,0.91,Excellent (极好)
A0A3Q9CZQ1.pdb,0.91,Excellent (极好)
A4YDS4.pdb,0.91,Excellent (极好)
O42815.pdb,0.91,Excellent (极好)
Q90WX2.pdb,0.91,Excellent (极好)
A0A0U4VTN7.pdb,0.91,Excellent (极好)
Q9HAN9.pdb,0.91,Excellent (极好)
Q9YFP5.pdb,0.91,Excellent (极好)
P08594.pdb,0.91,Excellent (极好)
Q731C9.pdb,0.91,Excellent (极好)
Q9C9W5.pdb,0.91,Excellent (极好)
Q8W3P8.pdb,0.91,Excellent (极好)
P12612.pdb,0.91,Excellent (极好)
Q67W82.pdb,0.91,Excellent (极好)
D1MX73.pdb,0.91,Excellent (极好)
Q0VPF8.pdb,0.91,Excellent (极好)
P00390.pdb,0.91,Excellent (极好)
Q38EU9.pdb,0.91,Excellent (极好)
A0A1W6ALG2.pdb,0.91,Excellent (极好)
Q97U96.pdb,0.91,Excellent (极好)
W8GKU3.pdb,0.91,Excellent (极好)
Q9WYE2.pdb,0.91,Excellent (极好)
U5TV35.pdb,0.91,Excellent (极好)
E2E2P0.pdb,0.91,Excellent (极好)
C7EWM3.pdb,0.91,Excellent (极好)
Q96G23.pdb,0.91,Excellent (极好)
C7EDT0.pdb,0.91,Excellent (极好)
P9WI55.pdb,0.91,Excellent (极好)
Q546P8.pdb,0.91,Excellent (极好)
Q9RC94.pdb,0.91,Excellent (极好)
Q49HM9.pdb,0.91,Excellent (极好)
B3TZD9.pdb,0.91,Excellent (极好)
Q8NS80.pdb,0.91,Excellent (极好)
Q9FYU7.pdb,0.91,Excellent (极好)
A0A1D3TV18.pdb,0.91,Excellent (极好)
W0PAN5.pdb,0.91,Excellent (极好)
Q8Y5E4.pdb,0.91,Excellent (极好)
A6H757.pdb,0.91,Excellent (极好)
P61006.pdb,0.91,Excellent (极好)
A0A127F9C1.pdb,0.91,Excellent (极好)
Q9M2W3.pdb,0.91,Excellent (极好)
Q9F0R5.pdb,0.91,Excellent (极好)
P66899.pdb,0.91,Excellent (极好)
A0A0A7I435.pdb,0.91,Excellent (极好)
M1GRN3.pdb,0.91,Excellent (极好)
O35400.pdb,0.91,Excellent (极好)
B6E9W4.pdb,0.91,Excellent (极好)
Q9Y7F7.pdb,0.91,Excellent (极好)
Q4L1M7.pdb,0.91,Excellent (极好)
Q9XI62.pdb,0.91,Excellent (极好)
P46850.pdb,0.91,Excellent (极好)
A0A1D8GRD5.pdb,0.91,Excellent (极好)
Q9AXD8.pdb,0.91,Excellent (极好)
Q9KK62.pdb,0.91,Excellent (极好)
C5BN23.pdb,0.91,Excellent (极好)
P16858.pdb,0.91,Excellent (极好)
P56463.pdb,0.91,Excellent (极好)
E7CY70.pdb,0.91,Excellent (极好)
Q56YA5.pdb,0.91,Excellent (极好)
A0A0A7CK57.pdb,0.91,Excellent (极好)
Q50L36.pdb,0.91,Excellent (极好)
Q9FXY7.pdb,0.91,Excellent (极好)
O35535.pdb,0.91,Excellent (极好)
F2YGD2.pdb,0.91,Excellent (极好)
Q8GTM4.pdb,0.91,Excellent (极好)
Q97UA0.pdb,0.91,Excellent (极好)
Q9ZSU4.pdb,0.91,Excellent (极好)
Q8RLT5.pdb,0.91,Excellent (极好)
Q86XF0.pdb,0.91,Excellent (极好)
Q4DPR9.pdb,0.91,Excellent (极好)
P0C565.pdb,0.91,Excellent (极好)
Q2MJP5.pdb,0.91,Excellent (极好)
P77836.pdb,0.91,Excellent (极好)
Q2TFW1.pdb,0.91,Excellent (极好)
B3VI55.pdb,0.91,Excellent (极好)
B1NLD4.pdb,0.91,Excellent (极好)
Q55777.pdb,0.91,Excellent (极好)
Q6S4W2.pdb,0.91,Excellent (极好)
Q9ZR26.pdb,0.91,Excellent (极好)
Q8KBP5.pdb,0.91,Excellent (极好)
C5A6Q4.pdb,0.91,Excellent (极好)
A1YLF1.pdb,0.91,Excellent (极好)
Q9NWX6.pdb,0.91,Excellent (极好)
Q97W02.pdb,0.91,Excellent (极好)
G3GCC6.pdb,0.91,Excellent (极好)
Q5H7M8.pdb,0.91,Excellent (极好)
Q16769.pdb,0.91,Excellent (极好)
C3VPJ1.pdb,0.91,Excellent (极好)
Q6XMI3.pdb,0.91,Excellent (极好)
A0SWS4.pdb,0.91,Excellent (极好)
A0A2H4RAB6.pdb,0.91,Excellent (极好)
P39116.pdb,0.91,Excellent (极好)
Q5UY95.pdb,0.91,Excellent (极好)
C9WCQ0.pdb,0.91,Excellent (极好)
D8QTR2.pdb,0.91,Excellent (极好)
Q72I82.pdb,0.91,Excellent (极好)
P56709.pdb,0.91,Excellent (极好)
D6R1Q1.pdb,0.91,Excellent (极好)
Q8RJQ9.pdb,0.91,Excellent (极好)
Q96EK6.pdb,0.91,Excellent (极好)
P32947.pdb,0.91,Excellent (极好)
Q9I5C5.pdb,0.91,Excellent (极好)
Q2UA33.pdb,0.91,Excellent (极好)
A0A1B1LML0.pdb,0.91,Excellent (极好)
Q04828.pdb,0.91,Excellent (极好)
Q55928.pdb,0.91,Excellent (极好)
Q9JII6.pdb,0.91,Excellent (极好)
P32749.pdb,0.91,Excellent (极好)
Q8V4Y4.pdb,0.91,Excellent (极好)
P35340.pdb,0.91,Excellent (极好)
B5Y6G0.pdb,0.91,Excellent (极好)
P24157.pdb,0.91,Excellent (极好)
Q96DP5.pdb,0.91,Excellent (极好)
O59179.pdb,0.91,Excellent (极好)
Q70E78.pdb,0.91,Excellent (极好)
Q3L6N4.pdb,0.91,Excellent (极好)
P0AGE9.pdb,0.91,Excellent (极好)
Q3M763.pdb,0.91,Excellent (极好)
Q4AE75.pdb,0.91,Excellent (极好)
P47079.pdb,0.91,Excellent (极好)
Q9H974.pdb,0.91,Excellent (极好)
Q7N7D2.pdb,0.91,Excellent (极好)
Q9HFH0.pdb,0.91,Excellent (极好)
P26236.pdb,0.91,Excellent (极好)
Q6F4N1.pdb,0.91,Excellent (极好)
A8VWC5.pdb,0.91,Excellent (极好)
A0A075EDT8.pdb,0.91,Excellent (极好)
Q02896.pdb,0.91,Excellent (极好)
Q8H0D2.pdb,0.91,Excellent (极好)
Q9EQ76.pdb,0.91,Excellent (极好)
A0A0H2X8L7.pdb,0.91,Excellent (极好)
D4GYE0.pdb,0.91,Excellent (极好)
B0I1V1.pdb,0.91,Excellent (极好)
B1PVZ9.pdb,0.91,Excellent (极好)
P24295.pdb,0.91,Excellent (极好)
U3U992.pdb,0.91,Excellent (极好)
O28579.pdb,0.91,Excellent (极好)
P9WG41.pdb,0.91,Excellent (极好)
P28352.pdb,0.91,Excellent (极好)
A4UA16.pdb,0.91,Excellent (极好)
O96507.pdb,0.91,Excellent (极好)
P0AC19.pdb,0.91,Excellent (极好)
P23795.pdb,0.91,Excellent (极好)
C3PTS7.pdb,0.91,Excellent (极好)
N6Z5E2.pdb,0.91,Excellent (极好)
Q5JFW0.pdb,0.91,Excellent (极好)
P42220.pdb,0.91,Excellent (极好)
P14618.pdb,0.91,Excellent (极好)
P74840.pdb,0.91,Excellent (极好)
C6JUG1.pdb,0.91,Excellent (极好)
A8WEG4.pdb,0.91,Excellent (极好)
Q9KVI8.pdb,0.91,Excellent (极好)
P08200.pdb,0.91,Excellent (极好)
A7DWA8.pdb,0.91,Excellent (极好)
Q56685.pdb,0.91,Excellent (极好)
B1VZT1.pdb,0.91,Excellent (极好)
J9UN47.pdb,0.91,Excellent (极好)
Q9FGY1.pdb,0.91,Excellent (极好)
P22748.pdb,0.91,Excellent (极好)
Q7YS62.pdb,0.91,Excellent (极好)
P53555.pdb,0.91,Excellent (极好)
P0A006.pdb,0.91,Excellent (极好)
Q5BLZ6.pdb,0.91,Excellent (极好)
B8YAC9.pdb,0.91,Excellent (极好)
H9L0X6.pdb,0.91,Excellent (极好)
A7L844.pdb,0.91,Excellent (极好)
Q6Y0Z3.pdb,0.91,Excellent (极好)
Q95JH7.pdb,0.91,Excellent (极好)
P14920.pdb,0.91,Excellent (极好)
P49961.pdb,0.91,Excellent (极好)
G8B709.pdb,0.91,Excellent (极好)
Q8GBB2.pdb,0.91,Excellent (极好)
A0A0H2ZQZ4.pdb,0.91,Excellent (极好)
G7YHN5.pdb,0.91,Excellent (极好)
A0A0F7R932.pdb,0.91,Excellent (极好)
Q6HA04.pdb,0.91,Excellent (极好)
Q6WAT5.pdb,0.91,Excellent (极好)
O33833.pdb,0.91,Excellent (极好)
A8R0Y0.pdb,0.91,Excellent (极好)
B9WJQ5.pdb,0.91,Excellent (极好)
D2K7Z0.pdb,0.91,Excellent (极好)
Q8PCR8.pdb,0.91,Excellent (极好)
D5JWB3.pdb,0.91,Excellent (极好)
Q72IB8.pdb,0.91,Excellent (极好)
Q90W54.pdb,0.91,Excellent (极好)
P07650.pdb,0.91,Excellent (极好)
Q14TG2.pdb,0.91,Excellent (极好)
Q8L5L2.pdb,0.91,Excellent (极好)
A0A0D1XZI7.pdb,0.91,Excellent (极好)
O59355.pdb,0.91,Excellent (极好)
A1Z0K2.pdb,0.91,Excellent (极好)
Q6ETK2.pdb,0.91,Excellent (极好)
P94552.pdb,0.91,Excellent (极好)
P95980.pdb,0.91,Excellent (极好)
P39476.pdb,0.91,Excellent (极好)
Q9LY82.pdb,0.91,Excellent (极好)
Q7LXL5.pdb,0.91,Excellent (极好)
A7K9F4.pdb,0.91,Excellent (极好)
A0A1S6LQW7.pdb,0.91,Excellent (极好)
B3VTL5.pdb,0.91,Excellent (极好)
Q9U4Y0.pdb,0.91,Excellent (极好)
O00469.pdb,0.91,Excellent (极好)
Q17TZ1.pdb,0.91,Excellent (极好)
A6QDA0.pdb,0.91,Excellent (极好)
O24736.pdb,0.91,Excellent (极好)
A5U4N0.pdb,0.91,Excellent (极好)
P43133.pdb,0.91,Excellent (极好)
O49434.pdb,0.91,Excellent (极好)
A8BIC5.pdb,0.91,Excellent (极好)
D4Q9Z4.pdb,0.91,Excellent (极好)
A0A1D8DGR2.pdb,0.91,Excellent (极好)
Q5SHZ3.pdb,0.91,Excellent (极好)
O58802.pdb,0.91,Excellent (极好)
Q9LTS3.pdb,0.91,Excellent (极好)
A0A0P0YNP7.pdb,0.91,Excellent (极好)
Q9FKB3.pdb,0.91,Excellent (极好)
Q2IU02.pdb,0.91,Excellent (极好)
Q9ZM18.pdb,0.91,Excellent (极好)
Q9SQG2.pdb,0.91,Excellent (极好)
O66036.pdb,0.91,Excellent (极好)
K9DE84.pdb,0.91,Excellent (极好)
B2RXZ1.pdb,0.91,Excellent (极好)
A0A1V0QH26.pdb,0.91,Excellent (极好)
P52999.pdb,0.91,Excellent (极好)
Q70PY2.pdb,0.91,Excellent (极好)
Q8U1K3.pdb,0.91,Excellent (极好)
Q9WYR9.pdb,0.91,Excellent (极好)
G7H7Y1.pdb,0.91,Excellent (极好)
Q9BY32.pdb,0.91,Excellent (极好)
A1C3J9.pdb,0.91,Excellent (极好)
P26281.pdb,0.91,Excellent (极好)
U3T2Y2.pdb,0.91,Excellent (极好)
A6M9J4.pdb,0.91,Excellent (极好)
Q7XYS8.pdb,0.91,Excellent (极好)
Q9WYR8.pdb,0.91,Excellent (极好)
A4XJR8.pdb,0.91,Excellent (极好)
A9CQL8.pdb,0.91,Excellent (极好)
O28046.pdb,0.91,Excellent (极好)
D0UH99.pdb,0.91,Excellent (极好)
P0AEK4.pdb,0.91,Excellent (极好)
E0X765.pdb,0.91,Excellent (极好)
P81156.pdb,0.91,Excellent (极好)
P48147.pdb,0.91,Excellent (极好)
Q03393.pdb,0.91,Excellent (极好)
D5G304.pdb,0.91,Excellent (极好)
P00800.pdb,0.91,Excellent (极好)
Q63R79.pdb,0.91,Excellent (极好)
P93671.pdb,0.91,Excellent (极好)
B3VPZ9.pdb,0.91,Excellent (极好)
Q8U438.pdb,0.91,Excellent (极好)
Q9X8R1.pdb,0.91,Excellent (极好)
A1JHN0.pdb,0.91,Excellent (极好)
A0A1G9FQX8.pdb,0.91,Excellent (极好)
D9TT09.pdb,0.91,Excellent (极好)
Q5SK28.pdb,0.91,Excellent (极好)
Q83XD3.pdb,0.91,Excellent (极好)
Q975F9.pdb,0.91,Excellent (极好)
B8QHP3.pdb,0.91,Excellent (极好)
M5AJW4.pdb,0.91,Excellent (极好)
Q1WV14.pdb,0.91,Excellent (极好)
Q4D3W2.pdb,0.91,Excellent (极好)
C0K087.pdb,0.91,Excellent (极好)
Q27GR5.pdb,0.91,Excellent (极好)
A2ICG6.pdb,0.91,Excellent (极好)
X5D761.pdb,0.91,Excellent (极好)
G0S9B2.pdb,0.91,Excellent (极好)
P19111.pdb,0.91,Excellent (极好)
O58885.pdb,0.91,Excellent (极好)
Q9HIA7.pdb,0.91,Excellent (极好)
P00953.pdb,0.91,Excellent (极好)
A3F8V1.pdb,0.91,Excellent (极好)
P0A836.pdb,0.91,Excellent (极好)
Q0ZR36.pdb,0.91,Excellent (极好)
Q6ZXB9.pdb,0.91,Excellent (极好)
Q92685.pdb,0.91,Excellent (极好)
P00692.pdb,0.91,Excellent (极好)
L7RFF8.pdb,0.91,Excellent (极好)
M4QSY7.pdb,0.91,Excellent (极好)
D7P5V0.pdb,0.91,Excellent (极好)
Q9AR07.pdb,0.91,Excellent (极好)
O42446.pdb,0.91,Excellent (极好)
Q86N96.pdb,0.91,Excellent (极好)
Q9NYA1.pdb,0.91,Excellent (极好)
O80568.pdb,0.91,Excellent (极好)
Q4FP19.pdb,0.91,Excellent (极好)
Q9HVF1.pdb,0.91,Excellent (极好)
Q8GT20.pdb,0.91,Excellent (极好)
A0A087BL81.pdb,0.91,Excellent (极好)
D5WTR8.pdb,0.91,Excellent (极好)
P0AFS3.pdb,0.91,Excellent (极好)
P0A8M3.pdb,0.91,Excellent (极好)
P57681.pdb,0.91,Excellent (极好)
Q72GS0.pdb,0.91,Excellent (极好)
P17597.pdb,0.91,Excellent (极好)
A0A0P0YP15.pdb,0.91,Excellent (极好)
P77788.pdb,0.91,Excellent (极好)
P9WIA1.pdb,0.91,Excellent (极好)
A5HV13.pdb,0.91,Excellent (极好)
C0BTD8.pdb,0.91,Excellent (极好)
Q9X6R4.pdb,0.91,Excellent (极好)
P07099.pdb,0.91,Excellent (极好)
P20261.pdb,0.91,Excellent (极好)
N0DP12.pdb,0.91,Excellent (极好)
Q7M537.pdb,0.91,Excellent (极好)
Q5I2C5.pdb,0.91,Excellent (极好)
P9WGR1.pdb,0.91,Excellent (极好)
D9Q0R7.pdb,0.91,Excellent (极好)
Q81SV8.pdb,0.91,Excellent (极好)
G5DAC6.pdb,0.91,Excellent (极好)
W0J9X7.pdb,0.91,Excellent (极好)
Q7XAS7.pdb,0.91,Excellent (极好)
Q8NIN8.pdb,0.91,Excellent (极好)
Q8L5K1.pdb,0.91,Excellent (极好)
Q09735.pdb,0.91,Excellent (极好)
A0A0A0RDZ8.pdb,0.91,Excellent (极好)
Q12272.pdb,0.91,Excellent (极好)
Q4FP21.pdb,0.91,Excellent (极好)
A0A0H2UPI3.pdb,0.91,Excellent (极好)
Q93ZC9.pdb,0.91,Excellent (极好)
A8WBX8.pdb,0.91,Excellent (极好)
S0APF4.pdb,0.91,Excellent (极好)
Q9HIL6.pdb,0.91,Excellent (极好)
Q39023.pdb,0.91,Excellent (极好)
P21550.pdb,0.91,Excellent (极好)
Q64176.pdb,0.91,Excellent (极好)
Q8GGL2.pdb,0.91,Excellent (极好)
Q9V2G1.pdb,0.91,Excellent (极好)
P9WN39.pdb,0.91,Excellent (极好)
E5DHH4.pdb,0.91,Excellent (极好)
Q9FFW8.pdb,0.91,Excellent (极好)
C6JUF6.pdb,0.91,Excellent (极好)
Q9H553.pdb,0.91,Excellent (极好)
P00791.pdb,0.91,Excellent (极好)
Q9YA11.pdb,0.91,Excellent (极好)
Q74HL8.pdb,0.91,Excellent (极好)
P52917.pdb,0.91,Excellent (极好)
C1IE32.pdb,0.91,Excellent (极好)
G1JRK2.pdb,0.91,Excellent (极好)
P72587.pdb,0.91,Excellent (极好)
Q5W7F1.pdb,0.91,Excellent (极好)
P09147.pdb,0.91,Excellent (极好)
P23526.pdb,0.91,Excellent (极好)
Q1GZD1.pdb,0.91,Excellent (极好)
D3JU54.pdb,0.91,Excellent (极好)
Q208R5.pdb,0.91,Excellent (极好)
Q52UN2.pdb,0.91,Excellent (极好)
A0A0F7Q1T8.pdb,0.91,Excellent (极好)
O66914.pdb,0.91,Excellent (极好)
Q9HJW5.pdb,0.91,Excellent (极好)
Q9UHL4.pdb,0.91,Excellent (极好)
Q96ZY7.pdb,0.91,Excellent (极好)
A0A0M4NDK0.pdb,0.91,Excellent (极好)
Q54206.pdb,0.91,Excellent (极好)
Q96XP0.pdb,0.91,Excellent (极好)
Q5UFR2.pdb,0.91,Excellent (极好)
Q9P8D6.pdb,0.91,Excellent (极好)
Q9L0M4.pdb,0.91,Excellent (极好)
P16467.pdb,0.91,Excellent (极好)
Q58597.pdb,0.91,Excellent (极好)
Q88P52.pdb,0.91,Excellent (极好)
Q6L2X4.pdb,0.91,Excellent (极好)
Q8RDL1.pdb,0.91,Excellent (极好)
P49235.pdb,0.91,Excellent (极好)
Q8UB77.pdb,0.91,Excellent (极好)
A6YJX1.pdb,0.91,Excellent (极好)
Q82IV1.pdb,0.91,Excellent (极好)
A0A401H9D3.pdb,0.91,Excellent (极好)
Q8ZIE7.pdb,0.91,Excellent (极好)
Q9WXT2.pdb,0.91,Excellent (极好)
Q65MY7.pdb,0.91,Excellent (极好)
A0A1S5XVA5.pdb,0.91,Excellent (极好)
Q8PY99.pdb,0.91,Excellent (极好)
C6FWG9.pdb,0.91,Excellent (极好)
Q93HX6.pdb,0.91,Excellent (极好)
O32462.pdb,0.91,Excellent (极好)
Q9I596.pdb,0.91,Excellent (极好)
Q17TM8.pdb,0.91,Excellent (极好)
Q2G8A2.pdb,0.91,Excellent (极好)
Q6Z9A3.pdb,0.91,Excellent (极好)
B2BSJ7.pdb,0.91,Excellent (极好)
D9Q987.pdb,0.91,Excellent (极好)
P9WMZ5.pdb,0.91,Excellent (极好)
D8UUL2.pdb,0.91,Excellent (极好)
K0DG62.pdb,0.91,Excellent (极好)
Q6NYI5.pdb,0.91,Excellent (极好)
A0FIP8.pdb,0.91,Excellent (极好)
O81191.pdb,0.91,Excellent (极好)
O75390.pdb,0.91,Excellent (极好)
A0R4I6.pdb,0.91,Excellent (极好)
Q9HIN1.pdb,0.91,Excellent (极好)
P42785.pdb,0.91,Excellent (极好)
Q2QC88.pdb,0.91,Excellent (极好)
Q9AVJ9.pdb,0.91,Excellent (极好)
D4YFM2.pdb,0.91,Excellent (极好)
P77398.pdb,0.91,Excellent (极好)
P02963.pdb,0.91,Excellent (极好)
Q9NXA8.pdb,0.91,Excellent (极好)
P15474.pdb,0.91,Excellent (极好)
A4V929.pdb,0.91,Excellent (极好)
A0A0K2SQX3.pdb,0.91,Excellent (极好)
B2D088.pdb,0.91,Excellent (极好)
Q8L7S6.pdb,0.91,Excellent (极好)
Q2UPZ7.pdb,0.91,Excellent (极好)
P60763.pdb,0.91,Excellent (极好)
P44801.pdb,0.91,Excellent (极好)
Q9TVN3.pdb,0.91,Excellent (极好)
O73937.pdb,0.91,Excellent (极好)
Q7DC81.pdb,0.91,Excellent (极好)
P32662.pdb,0.91,Excellent (极好)
Q53641.pdb,0.91,Excellent (极好)
Q0SJH2.pdb,0.91,Excellent (极好)
Q2UP30.pdb,0.91,Excellent (极好)
K0DDQ9.pdb,0.91,Excellent (极好)
Q75UV1.pdb,0.91,Excellent (极好)
M4GGR9.pdb,0.91,Excellent (极好)
O54161.pdb,0.91,Excellent (极好)
O60235.pdb,0.91,Excellent (极好)
V9I378.pdb,0.91,Excellent (极好)
A0A0P0ISK8.pdb,0.91,Excellent (极好)
A0A286QJY9.pdb,0.91,Excellent (极好)
Q9K5F2.pdb,0.91,Excellent (极好)
Q8RJP5.pdb,0.91,Excellent (极好)
Q9FI31.pdb,0.91,Excellent (极好)
P37651.pdb,0.91,Excellent (极好)
A8QYB2.pdb,0.91,Excellent (极好)
A4H4P8.pdb,0.91,Excellent (极好)
B8XA40.pdb,0.91,Excellent (极好)
S5S2B8.pdb,0.91,Excellent (极好)
Q1XIQ8.pdb,0.91,Excellent (极好)
C3VVL8.pdb,0.91,Excellent (极好)
A4GE70.pdb,0.91,Excellent (极好)
Q5S3L3.pdb,0.91,Excellent (极好)
Q5SE95.pdb,0.91,Excellent (极好)
Q9DDE3.pdb,0.91,Excellent (极好)
O25294.pdb,0.91,Excellent (极好)
Q0GA14.pdb,0.91,Excellent (极好)
A0A4S2CHH9.pdb,0.91,Excellent (极好)
A0A1D8PQL3.pdb,0.91,Excellent (极好)
O75936.pdb,0.91,Excellent (极好)
O29313.pdb,0.91,Excellent (极好)
C1KKR1.pdb,0.91,Excellent (极好)
A0A088BHP3.pdb,0.91,Excellent (极好)
A0A286S218.pdb,0.91,Excellent (极好)
B2YGX8.pdb,0.91,Excellent (极好)
D0UHB3.pdb,0.91,Excellent (极好)
O34508.pdb,0.91,Excellent (极好)
S4WX39.pdb,0.91,Excellent (极好)
O96007.pdb,0.91,Excellent (极好)
B4XEK7.pdb,0.91,Excellent (极好)
B0F9F6.pdb,0.91,Excellent (极好)
Q59632.pdb,0.91,Excellent (极好)
C8CPR9.pdb,0.91,Excellent (极好)
A1E2B6.pdb,0.91,Excellent (极好)
A0A178U4P5.pdb,0.91,Excellent (极好)
P14384.pdb,0.91,Excellent (极好)
Q924Z4.pdb,0.91,Excellent (极好)
Q97WG4.pdb,0.91,Excellent (极好)
A3GF07.pdb,0.91,Excellent (极好)
Q09LX0.pdb,0.91,Excellent (极好)
A4XGP2.pdb,0.91,Excellent (极好)
Q50I20.pdb,0.91,Excellent (极好)
Q6RXY3.pdb,0.91,Excellent (极好)
C6KI04.pdb,0.91,Excellent (极好)
C3RYL0.pdb,0.91,Excellent (极好)
A0A0A7H9U0.pdb,0.91,Excellent (极好)
C7AAS7.pdb,0.91,Excellent (极好)
Q9STX2.pdb,0.91,Excellent (极好)
Q6WZB0.pdb,0.91,Excellent (极好)
P50336.pdb,0.91,Excellent (极好)
I3JCG9.pdb,0.91,Excellent (极好)
O59565.pdb,0.91,Excellent (极好)
A0A387IZV4.pdb,0.91,Excellent (极好)
O58255.pdb,0.91,Excellent (极好)
Q42538.pdb,0.91,Excellent (极好)
L8B6C5.pdb,0.91,Excellent (极好)
C1L318.pdb,0.91,Excellent (极好)
P60340.pdb,0.91,Excellent (极好)
M5AWY0.pdb,0.91,Excellent (极好)
Q74LX7.pdb,0.91,Excellent (极好)
O58801.pdb,0.91,Excellent (极好)
Q6T5D1.pdb,0.91,Excellent (极好)
Q9SIU0.pdb,0.91,Excellent (极好)
Q84LB2.pdb,0.91,Excellent (极好)
B5XMC3.pdb,0.91,Excellent (极好)
Q9X229.pdb,0.91,Excellent (极好)
Q6QHJ9.pdb,0.91,Excellent (极好)
P20933.pdb,0.91,Excellent (极好)
B2Z446.pdb,0.91,Excellent (极好)
A0A141BQM9.pdb,0.91,Excellent (极好)
Q60FX6.pdb,0.91,Excellent (极好)
D7VFY4.pdb,0.91,Excellent (极好)
P17811.pdb,0.91,Excellent (极好)
P95765.pdb,0.91,Excellent (极好)
O05512.pdb,0.91,Excellent (极好)
A0A2B6CE99.pdb,0.91,Excellent (极好)
Q8L7K9.pdb,0.91,Excellent (极好)
P09871.pdb,0.91,Excellent (极好)
Q7L266.pdb,0.91,Excellent (极好)
Q55145.pdb,0.91,Excellent (极好)
Q00012.pdb,0.91,Excellent (极好)
Q13907.pdb,0.91,Excellent (极好)
P80189.pdb,0.91,Excellent (极好)
Q6ZAC1.pdb,0.91,Excellent (极好)
B3IVI7.pdb,0.91,Excellent (极好)
Q9N1p5.pdb,0.91,Excellent (极好)
S6CLS6.pdb,0.91,Excellent (极好)
Q6M0B9.pdb,0.91,Excellent (极好)
U5JE22.pdb,0.91,Excellent (极好)
Q58YV9.pdb,0.91,Excellent (极好)
A0A0B4RUW2.pdb,0.91,Excellent (极好)
Q9AJC6.pdb,0.91,Excellent (极好)
B1X2S9.pdb,0.91,Excellent (极好)
Q2I828.pdb,0.91,Excellent (极好)
C6FJG8.pdb,0.91,Excellent (极好)
C4IRW0.pdb,0.91,Excellent (极好)
Q9HGR3.pdb,0.91,Excellent (极好)
K7ZBX8.pdb,0.91,Excellent (极好)
Q9W6S5.pdb,0.91,Excellent (极好)
Q5JGC7.pdb,0.91,Excellent (极好)
W8QMJ2.pdb,0.91,Excellent (极好)
Q8L5A7.pdb,0.91,Excellent (极好)
Q1W5Y8.pdb,0.91,Excellent (极好)
B1A4C4.pdb,0.91,Excellent (极好)
P38567.pdb,0.91,Excellent (极好)
P37025.pdb,0.91,Excellent (极好)
P07864.pdb,0.91,Excellent (极好)
A5HKP3.pdb,0.91,Excellent (极好)
Q8TDQ7.pdb,0.91,Excellent (极好)
G0SCE7.pdb,0.91,Excellent (极好)
Q3MHL7.pdb,0.91,Excellent (极好)
P33665.pdb,0.91,Excellent (极好)
A4H990.pdb,0.91,Excellent (极好)
P22317.pdb,0.91,Excellent (极好)
Q6XMT2.pdb,0.91,Excellent (极好)
Q9LDF2.pdb,0.91,Excellent (极好)
Q5GMI6.pdb,0.91,Excellent (极好)
Q749D0.pdb,0.91,Excellent (极好)
M0HXK1.pdb,0.91,Excellent (极好)
D8X179.pdb,0.91,Excellent (极好)
B5M201.pdb,0.91,Excellent (极好)
Q5GMP2.pdb,0.91,Excellent (极好)
Q59X94.pdb,0.91,Excellent (极好)
Q9SPP9.pdb,0.91,Excellent (极好)
P40413.pdb,0.91,Excellent (极好)
A0A0X1KHE6.pdb,0.91,Excellent (极好)
P9WJ61.pdb,0.91,Excellent (极好)
G3XCK6.pdb,0.91,Excellent (极好)
Q02890.pdb,0.91,Excellent (极好)
Q9JJS6.pdb,0.91,Excellent (极好)
O09114.pdb,0.91,Excellent (极好)
Q06902.pdb,0.91,Excellent (极好)
P00183.pdb,0.91,Excellent (极好)
D7UER1.pdb,0.91,Excellent (极好)
P51104.pdb,0.91,Excellent (极好)
B0M0H6.pdb,0.91,Excellent (极好)
A8DBU6.pdb,0.91,Excellent (极好)
D2Z025.pdb,0.91,Excellent (极好)
Q941T9.pdb,0.91,Excellent (极好)
Q8R860.pdb,0.91,Excellent (极好)
Q9K499.pdb,0.91,Excellent (极好)
A0A223KY92.pdb,0.91,Excellent (极好)
Q0ZQJ3.pdb,0.91,Excellent (极好)
Q5JHT1.pdb,0.91,Excellent (极好)
T1SEU9.pdb,0.91,Excellent (极好)
D6N7U5.pdb,0.91,Excellent (极好)
P24173.pdb,0.91,Excellent (极好)
Q6LZD3.pdb,0.91,Excellent (极好)
P38205.pdb,0.91,Excellent (极好)
B7UAM4.pdb,0.91,Excellent (极好)
A3DD67.pdb,0.91,Excellent (极好)
A0A1Q2U2F5.pdb,0.91,Excellent (极好)
Q56320.pdb,0.91,Excellent (极好)
Q6BCL7.pdb,0.91,Excellent (极好)
Q5SHW6.pdb,0.91,Excellent (极好)
Q3IW04.pdb,0.91,Excellent (极好)
P17248.pdb,0.91,Excellent (极好)
Q57Z14.pdb,0.91,Excellent (极好)
D1MX71.pdb,0.91,Excellent (极好)
D3A730.pdb,0.91,Excellent (极好)
Q6QDP1.pdb,0.91,Excellent (极好)
Q2KIR7.pdb,0.91,Excellent (极好)
Q4TZQ3.pdb,0.91,Excellent (极好)
D0EFL2.pdb,0.91,Excellent (极好)
A7LVG6.pdb,0.91,Excellent (极好)
P30041.pdb,0.91,Excellent (极好)
P82597.pdb,0.91,Excellent (极好)
Q875I9.pdb,0.91,Excellent (极好)
A1XG20.pdb,0.91,Excellent (极好)
A0A0H3U0Y7.pdb,0.91,Excellent (极好)
A8QYL1.pdb,0.91,Excellent (极好)
H9GBL1.pdb,0.91,Excellent (极好)
P95867.pdb,0.91,Excellent (极好)
Q2UII1.pdb,0.91,Excellent (极好)
P0A7A9.pdb,0.91,Excellent (极好)
O59312.pdb,0.91,Excellent (极好)
A0A140N3B4.pdb,0.91,Excellent (极好)
D3VYD8.pdb,0.91,Excellent (极好)
Q6PHR2.pdb,0.91,Excellent (极好)
G2RCM8.pdb,0.91,Excellent (极好)
O06647.pdb,0.91,Excellent (极好)
Q8H0D3.pdb,0.91,Excellent (极好)
E3VXL5.pdb,0.91,Excellent (极好)
V5TDP2.pdb,0.91,Excellent (极好)
Q96YN9.pdb,0.91,Excellent (极好)
Q7XU02.pdb,0.91,Excellent (极好)
A0A0G2R4X7.pdb,0.91,Excellent (极好)
Q9Z472.pdb,0.91,Excellent (极好)
G0L5X4.pdb,0.91,Excellent (极好)
D4QF15.pdb,0.91,Excellent (极好)
Q6RHX7.pdb,0.91,Excellent (极好)
Q14TG4.pdb,0.91,Excellent (极好)
Q6K2E8.pdb,0.91,Excellent (极好)
P16497.pdb,0.91,Excellent (极好)
I3P686.pdb,0.91,Excellent (极好)
Q56303.pdb,0.91,Excellent (极好)
Q8A5V9.pdb,0.91,Excellent (极好)
Q57661.pdb,0.91,Excellent (极好)
Q8U063.pdb,0.91,Excellent (极好)
Q0GC07.pdb,0.91,Excellent (极好)
P50293.pdb,0.91,Excellent (极好)
O28344.pdb,0.91,Excellent (极好)
A0A060A630.pdb,0.91,Excellent (极好)
A1CRX0.pdb,0.91,Excellent (极好)
C0IRI1.pdb,0.91,Excellent (极好)
A9W9U6.pdb,0.91,Excellent (极好)
A0A0E0UUX4.pdb,0.91,Excellent (极好)
P40884.pdb,0.91,Excellent (极好)
A8RG82.pdb,0.91,Excellent (极好)
E9QYP0.pdb,0.91,Excellent (极好)
Q9APM5.pdb,0.91,Excellent (极好)
M1VDX3.pdb,0.91,Excellent (极好)
O49639.pdb,0.91,Excellent (极好)
P17560.pdb,0.91,Excellent (极好)
A0A286K338.pdb,0.91,Excellent (极好)
Q9VSM7.pdb,0.91,Excellent (极好)
Q9H9P8.pdb,0.91,Excellent (极好)
Q16MV6.pdb,0.91,Excellent (极好)
Q9FZN8.pdb,0.91,Excellent (极好)
A0A2P1BRR8.pdb,0.91,Excellent (极好)
A0A1W5YNV1.pdb,0.91,Excellent (极好)
Q9ZR25.pdb,0.91,Excellent (极好)
A0A1S5VH74.pdb,0.91,Excellent (极好)
D3WZ85.pdb,0.91,Excellent (极好)
O54574.pdb,0.91,Excellent (极好)
V9PVN6.pdb,0.91,Excellent (极好)
Q5JFI4.pdb,0.91,Excellent (极好)
B1M5C5.pdb,0.91,Excellent (极好)
O60909.pdb,0.91,Excellent (极好)
Q95JH6.pdb,0.91,Excellent (极好)
P16184.pdb,0.91,Excellent (极好)
P00374.pdb,0.91,Excellent (极好)
Q00IB3.pdb,0.91,Excellent (极好)
Q93I77.pdb,0.91,Excellent (极好)
B3TMR8.pdb,0.91,Excellent (极好)
Q9EVQ9.pdb,0.91,Excellent (极好)
O82560.pdb,0.91,Excellent (极好)
D2D4J4.pdb,0.91,Excellent (极好)
Q97UI4.pdb,0.9,Excellent (极好)
Q84B24.pdb,0.9,Good (良好)
P52097.pdb,0.9,Excellent (极好)
Q5LLB1.pdb,0.9,Good (良好)
Q7A4T2.pdb,0.9,Excellent (极好)
Q9X2F4.pdb,0.9,Excellent (极好)
A0A0M3Q1Q3.pdb,0.9,Excellent (极好)
Q84P53.pdb,0.9,Good (良好)
O52250.pdb,0.9,Good (良好)
P00861.pdb,0.9,Excellent (极好)
Q8NW68.pdb,0.9,Good (良好)
Q50LH1.pdb,0.9,Excellent (极好)
Q0R5R5.pdb,0.9,Good (良好)
A0A2Z5V6P9.pdb,0.9,Excellent (极好)
Q5SIC2.pdb,0.9,Excellent (极好)
Q92394.pdb,0.9,Excellent (极好)
A0A0M3TGF7.pdb,0.9,Excellent (极好)
Q9Y093.pdb,0.9,Excellent (极好)
Q97UY8.pdb,0.9,Good (良好)
P07236.pdb,0.9,Excellent (极好)
Q6DLZ8.pdb,0.9,Good (良好)
Q7BPB0.pdb,0.9,Excellent (极好)
O67379.pdb,0.9,Good (良好)
A4XJR7.pdb,0.9,Good (良好)
B8DZQ9.pdb,0.9,Excellent (极好)
Q8GR45.pdb,0.9,Good (良好)
A1YR25.pdb,0.9,Good (良好)
P0ABR9.pdb,0.9,Excellent (极好)
B5G4Y8.pdb,0.9,Good (良好)
Q8R431.pdb,0.9,Excellent (极好)
Q5JFM9.pdb,0.9,Excellent (极好)
B1B6T0.pdb,0.9,Good (良好)
P35809.pdb,0.9,Good (良好)
Q6NQL4.pdb,0.9,Excellent (极好)
P21836.pdb,0.9,Excellent (极好)
Q75UV6.pdb,0.9,Good (良好)
O96794.pdb,0.9,Excellent (极好)
B5UAE1.pdb,0.9,Good (良好)
Q9FZ80.pdb,0.9,Good (良好)
E8ZAP2.pdb,0.9,Good (良好)
P51103.pdb,0.9,Excellent (极好)
Q72IH5.pdb,0.9,Good (良好)
Q8KTX1.pdb,0.9,Good (良好)
P28907.pdb,0.9,Good (良好)
O23801.pdb,0.9,Good (良好)
Q9Y285.pdb,0.9,Good (良好)
Q3IZ90.pdb,0.9,Excellent (极好)
O29918.pdb,0.9,Good (良好)
P17443.pdb,0.9,Good (良好)
Q9FUW5.pdb,0.9,Excellent (极好)
P27652.pdb,0.9,Excellent (极好)
Q9YBL2.pdb,0.9,Good (良好)
Q06069.pdb,0.9,Good (良好)
A0A0D7Q864.pdb,0.9,Excellent (极好)
C6K3Z5.pdb,0.9,Good (良好)
Q46822.pdb,0.9,Good (良好)
P42829.pdb,0.9,Good (良好)
P00359.pdb,0.9,Excellent (极好)
Q76M76.pdb,0.9,Good (良好)
E9LK91.pdb,0.9,Excellent (极好)
P12268.pdb,0.9,Good (良好)
Q6NQA8.pdb,0.9,Excellent (极好)
J9VKS8.pdb,0.9,Excellent (极好)
P41562.pdb,0.9,Good (良好)
P07140.pdb,0.9,Good (良好)
Q8S948.pdb,0.9,Good (良好)
Q8KTW9.pdb,0.9,Good (良好)
Q3T5M2.pdb,0.9,Good (良好)
Q9S3U8.pdb,0.9,Excellent (极好)
H8Y263.pdb,0.9,Good (良好)
D8VDY4.pdb,0.9,Excellent (极好)
P0A6I6.pdb,0.9,Excellent (极好)
Q32KF3.pdb,0.9,Excellent (极好)
C7YUZ1.pdb,0.9,Good (良好)
Q0QWG2.pdb,0.9,Excellent (极好)
Q6STM1.pdb,0.9,Excellent (极好)
Q86EI1.pdb,0.9,Good (良好)
Q9SU91.pdb,0.9,Excellent (极好)
Q8VHK0.pdb,0.9,Good (良好)
E0X988.pdb,0.9,Good (良好)
B2MWN2.pdb,0.9,Good (良好)
A0A097SRT3.pdb,0.9,Excellent (极好)
P17618.pdb,0.9,Excellent (极好)
Q2QFX1.pdb,0.9,Good (良好)
Q9SZ92.pdb,0.9,Excellent (极好)
Q9KPJ7.pdb,0.9,Good (良好)
Q12383.pdb,0.9,Excellent (极好)
A0A0B4VSM7.pdb,0.9,Excellent (极好)
Q9LUE1.pdb,0.9,Excellent (极好)
Q93X59.pdb,0.9,Good (良好)
Q96VT0.pdb,0.9,Excellent (极好)
Q9ESW4.pdb,0.9,Excellent (极好)
O75874.pdb,0.9,Good (良好)
Q32L40.pdb,0.9,Excellent (极好)
Q8NU98.pdb,0.9,Good (良好)
I3ZTQ5.pdb,0.9,Good (良好)
Q70GH4.pdb,0.9,Excellent (极好)
C4R4L0.pdb,0.9,Good (良好)
P9WMW5.pdb,0.9,Excellent (极好)
Q980A5.pdb,0.9,Excellent (极好)
Q9ZGH7.pdb,0.9,Good (良好)
Q97LM4.pdb,0.9,Excellent (极好)
Q8IJH3.pdb,0.9,Excellent (极好)
Q8W012.pdb,0.9,Excellent (极好)
D1CE96.pdb,0.9,Excellent (极好)
P22984.pdb,0.9,Good (良好)
Q93LE9.pdb,0.9,Good (良好)
Q96FX7.pdb,0.9,Excellent (极好)
U3MNX0.pdb,0.9,Excellent (极好)
O95932.pdb,0.9,Excellent (极好)
P06968.pdb,0.9,Excellent (极好)
P20142.pdb,0.9,Excellent (极好)
P96559.pdb,0.9,Excellent (极好)
O83522.pdb,0.9,Good (良好)
Q973H2.pdb,0.9,Good (良好)
C1L321.pdb,0.9,Excellent (极好)
P39142.pdb,0.9,Good (良好)
A0A185NWC6.pdb,0.9,Good (良好)
Q43527.pdb,0.9,Good (良好)
Q76L36.pdb,0.9,Excellent (极好)
Q9X0D0.pdb,0.9,Good (良好)
Q9D6J1.pdb,0.9,Excellent (极好)
P31660.pdb,0.9,Excellent (极好)
A0EM56.pdb,0.9,Excellent (极好)
D7U7T8.pdb,0.9,Good (良好)
M1V9Q0.pdb,0.9,Excellent (极好)
Q9HA82.pdb,0.9,Good (良好)
P94494.pdb,0.9,Good (良好)
P32264.pdb,0.9,Excellent (极好)
P39276.pdb,0.9,Good (良好)
F1T2J9.pdb,0.9,Good (良好)
A0A1Q2U2F1.pdb,0.9,Excellent (极好)
P15565.pdb,0.9,Good (良好)
P43889.pdb,0.9,Excellent (极好)
Q9M066.pdb,0.9,Excellent (极好)
N1Q9R6.pdb,0.9,Good (良好)
Q2UNF9.pdb,0.9,Good (良好)
Q96Y68.pdb,0.9,Excellent (极好)
P0A9Q9.pdb,0.9,Excellent (极好)
Q9MAJ7.pdb,0.9,Good (良好)
A0A142ZC57.pdb,0.9,Excellent (极好)
B0F2H7.pdb,0.9,Excellent (极好)
Q9SBA5.pdb,0.9,Excellent (极好)
Q8L5K3.pdb,0.9,Excellent (极好)
E7FLQ2.pdb,0.9,Excellent (极好)
Q05929.pdb,0.9,Good (良好)
B6CM51.pdb,0.9,Excellent (极好)
A8J0J0.pdb,0.9,Good (良好)
B2NID7.pdb,0.9,Good (良好)
P50990.pdb,0.9,Good (良好)
O59150.pdb,0.9,Good (良好)
P00966.pdb,0.9,Good (良好)
A9BEU2.pdb,0.9,Excellent (极好)
B9I6S9.pdb,0.9,Excellent (极好)
P59337.pdb,0.9,Good (良好)
A0A068L7N8.pdb,0.9,Excellent (极好)
Q3IL66.pdb,0.9,Good (良好)
B3GQ73.pdb,0.9,Excellent (极好)
P17858.pdb,0.9,Excellent (极好)
A0A068L889.pdb,0.9,Excellent (极好)
Q93RE3.pdb,0.9,Good (良好)
G9D323.pdb,0.9,Good (良好)
A3MTW6.pdb,0.9,Good (良好)
Q18014.pdb,0.9,Good (良好)
A8WCU3.pdb,0.9,Excellent (极好)
P42932.pdb,0.9,Good (良好)
P09172.pdb,0.9,Good (良好)
Q9FUK4.pdb,0.9,Good (良好)
O57963.pdb,0.9,Excellent (极好)
Q9RRH3.pdb,0.9,Good (良好)
P52046.pdb,0.9,Good (良好)
Q5JJ59.pdb,0.9,Good (良好)
Q06AK1.pdb,0.9,Excellent (极好)
D9ILD9.pdb,0.9,Excellent (极好)
P00371.pdb,0.9,Excellent (极好)
P42941.pdb,0.9,Excellent (极好)
A9J246.pdb,0.9,Good (良好)
A5H0J5.pdb,0.9,Good (良好)
Q6T1W8.pdb,0.9,Excellent (极好)
D9RZ53.pdb,0.9,Excellent (极好)
Q304Y2.pdb,0.9,Good (良好)
W8CQB2.pdb,0.9,Excellent (极好)
A9YWH8.pdb,0.9,Good (良好)
D0A003.pdb,0.9,Good (良好)
Q6NQI8.pdb,0.9,Excellent (极好)
O59445.pdb,0.9,Excellent (极好)
O69054.pdb,0.9,Excellent (极好)
A0R211.pdb,0.9,Good (良好)
Q6DRD3.pdb,0.9,Good (良好)
P96558.pdb,0.9,Good (良好)
P04797.pdb,0.9,Excellent (极好)
D6QST5.pdb,0.9,Excellent (极好)
Q68KL3.pdb,0.9,Good (良好)
B1VK40.pdb,0.9,Good (良好)
G8UMQ6.pdb,0.9,Excellent (极好)
Q9I685.pdb,0.9,Good (良好)
M1V623.pdb,0.9,Good (良好)
Q0ZS18.pdb,0.9,Excellent (极好)
A2Z7C4.pdb,0.9,Good (良好)
P77154.pdb,0.9,Good (良好)
Q6TV42.pdb,0.9,Good (良好)
P51852.pdb,0.9,Good (良好)
D1KJJ7.pdb,0.9,Excellent (极好)
A0A0H2UP35.pdb,0.9,Excellent (极好)
Q93CG9.pdb,0.9,Good (良好)
F7YVT1.pdb,0.9,Excellent (极好)
P68187.pdb,0.9,Excellent (极好)
A9ZPJ6.pdb,0.9,Good (良好)
A5IMX7.pdb,0.9,Excellent (极好)
Q7B8C5.pdb,0.9,Good (良好)
Q96F10.pdb,0.9,Good (良好)
Q9F657.pdb,0.9,Good (良好)
B2CML6.pdb,0.9,Good (良好)
Q6IVV3.pdb,0.9,Excellent (极好)
Q5SKV8.pdb,0.9,Good (良好)
Q7T2A9.pdb,0.9,Excellent (极好)
B4XEY3.pdb,0.9,Good (良好)
P06242.pdb,0.9,Excellent (极好)
A7YBX2.pdb,0.9,Excellent (极好)
F6KRI7.pdb,0.9,Good (良好)
Q8U022.pdb,0.9,Excellent (极好)
A0A1G8DI07.pdb,0.9,Good (良好)
Q6QF56.pdb,0.9,Excellent (极好)
B7UB89.pdb,0.9,Excellent (极好)
O00204.pdb,0.9,Excellent (极好)
P32746.pdb,0.9,Good (良好)
P16661.pdb,0.9,Excellent (极好)
A0LT86.pdb,0.9,Good (良好)
Q95PK9.pdb,0.9,Good (良好)
Q9BYV7.pdb,0.9,Excellent (极好)
P15531.pdb,0.9,Good (良好)
Q9JKC1.pdb,0.9,Good (良好)
Q8GI14.pdb,0.9,Good (良好)
Q3MUH8.pdb,0.9,Excellent (极好)
I3DTM3.pdb,0.9,Good (良好)
Q15JG7.pdb,0.9,Good (良好)
A0A1C7AAM8.pdb,0.9,Good (良好)
D7R810.pdb,0.9,Excellent (极好)
Q9ZR27.pdb,0.9,Good (良好)
Q96EY8.pdb,0.9,Good (良好)
F2YCB6.pdb,0.9,Good (良好)
Q8YZ70.pdb,0.9,Excellent (极好)
Q72JF6.pdb,0.9,Excellent (极好)
A0A2W4GVN6.pdb,0.9,Good (良好)
P08202.pdb,0.9,Good (良好)
T1SP91.pdb,0.9,Excellent (极好)
Q9I4X3.pdb,0.9,Excellent (极好)
G1UFQ9.pdb,0.9,Good (良好)
Q9XZT6.pdb,0.9,Good (良好)
Q9DB60.pdb,0.9,Excellent (极好)
C0IRI2.pdb,0.9,Excellent (极好)
Q09HN2.pdb,0.9,Good (良好)
Q9KI47.pdb,0.9,Good (良好)
M9QJD2.pdb,0.9,Good (良好)
P68036.pdb,0.9,Good (良好)
Q8T4F1.pdb,0.9,Good (良好)
B1PT66.pdb,0.9,Excellent (极好)
A0A076VF18.pdb,0.9,Good (良好)
P44805.pdb,0.9,Excellent (极好)
Q706F9.pdb,0.9,Good (良好)
Q7XXN4.pdb,0.9,Good (良好)
D6BU29.pdb,0.9,Excellent (极好)
Q9UXF6.pdb,0.9,Good (良好)
I3QKR9.pdb,0.9,Good (良好)
O59147.pdb,0.9,Good (良好)
Q9M039.pdb,0.9,Good (良好)
Q9KVL7.pdb,0.9,Excellent (极好)
P63085.pdb,0.9,Excellent (极好)
P53200.pdb,0.9,Excellent (极好)
B3VPB2.pdb,0.9,Good (良好)
A8INZ7.pdb,0.9,Good (良好)
Q73Q47.pdb,0.9,Good (良好)
Q9I6D1.pdb,0.9,Excellent (极好)
P41940.pdb,0.9,Excellent (极好)
Q9WZ49.pdb,0.9,Good (良好)
A0A0S1X9V3.pdb,0.9,Good (良好)
A7LI67.pdb,0.9,Good (良好)
Q6RH61.pdb,0.9,Good (良好)
Q5JCX3.pdb,0.9,Excellent (极好)
Q9XBQ8.pdb,0.9,Excellent (极好)
P0DI76.pdb,0.9,Excellent (极好)
A9LIN4.pdb,0.9,Excellent (极好)
Q2I827.pdb,0.9,Excellent (极好)
Q8GTQ6.pdb,0.9,Excellent (极好)
Q9WYB3.pdb,0.9,Excellent (极好)
Q00985.pdb,0.9,Good (良好)
O07051.pdb,0.9,Excellent (极好)
Q45NB7.pdb,0.9,Good (良好)
A4GWX8.pdb,0.9,Good (良好)
A6G7B1.pdb,0.9,Good (良好)
A9BHJ0.pdb,0.9,Good (良好)
A0A2L0E8V5.pdb,0.9,Good (良好)
P9WFF7.pdb,0.9,Excellent (极好)
P9WKD7.pdb,0.9,Excellent (极好)
A0A2Z5VL17.pdb,0.9,Excellent (极好)
A0A0J9X283.pdb,0.9,Good (良好)
B7X755.pdb,0.9,Excellent (极好)
Q9SRQ2.pdb,0.9,Excellent (极好)
A0A0H3WC39.pdb,0.9,Excellent (极好)
U3KZM8.pdb,0.9,Excellent (极好)
Q92LF6.pdb,0.9,Good (良好)
I7L8N7.pdb,0.9,Excellent (极好)
Q27564.pdb,0.9,Good (良好)
Q9ULC6.pdb,0.9,Good (良好)
Q9REV4.pdb,0.9,Excellent (极好)
Q08188.pdb,0.9,Excellent (极好)
Q48255.pdb,0.9,Good (良好)
P16460.pdb,0.9,Excellent (极好)
Q7WWP9.pdb,0.9,Good (良好)
G2QIK8.pdb,0.9,Good (良好)
P27707.pdb,0.9,Excellent (极好)
Q9V1F9.pdb,0.9,Good (良好)
A0A140NEG9.pdb,0.9,Excellent (极好)
Q4JA33.pdb,0.9,Excellent (极好)
Q04HB7.pdb,0.9,Excellent (极好)
P05116.pdb,0.9,Excellent (极好)
Q8J0Q0.pdb,0.9,Good (良好)
P0A8I8.pdb,0.9,Good (良好)
P0A3Y5.pdb,0.9,Good (良好)
Q88B90.pdb,0.9,Good (良好)
Q9JME2.pdb,0.9,Excellent (极好)
Q9I594.pdb,0.9,Good (良好)
A7LCL1.pdb,0.9,Good (良好)
O15296.pdb,0.9,Excellent (极好)
D3G6S3.pdb,0.9,Good (良好)
V5QQC6.pdb,0.9,Good (良好)
O15379.pdb,0.9,Good (良好)
Q4QBL1.pdb,0.9,Good (良好)
C0JP82.pdb,0.9,Good (良好)
Q9CAK8.pdb,0.9,Good (良好)
O67644.pdb,0.9,Excellent (极好)
Q9YGB8.pdb,0.9,Excellent (极好)
Q989T9.pdb,0.9,Excellent (极好)
A0A0D8DNG2.pdb,0.9,Good (良好)
Q9XB61.pdb,0.9,Good (良好)
C6L7V8.pdb,0.9,Excellent (极好)
P06858.pdb,0.9,Good (良好)
D0EAP3.pdb,0.9,Excellent (极好)
Q9LV91.pdb,0.9,Excellent (极好)
P11928.pdb,0.9,Excellent (极好)
Q70J59.pdb,0.9,Excellent (极好)
Q63108.pdb,0.9,Good (良好)
Q6FFQ1.pdb,0.9,Excellent (极好)
P73493.pdb,0.9,Excellent (极好)
D4GZM5.pdb,0.9,Good (良好)
P96965.pdb,0.9,Good (良好)
P31570.pdb,0.9,Good (良好)
Q6RUJ1.pdb,0.9,Excellent (极好)
A0A286S6I1.pdb,0.9,Good (良好)
Q961W5.pdb,0.9,Excellent (极好)
A0A060TAG5.pdb,0.9,Good (良好)
A0A172Q4D8.pdb,0.9,Excellent (极好)
Q5WA30.pdb,0.9,Excellent (极好)
B1VK33.pdb,0.9,Good (良好)
P9WJA1.pdb,0.9,Good (良好)
Q8ZKQ6.pdb,0.9,Good (良好)
L7Z147.pdb,0.9,Good (良好)
O29634.pdb,0.9,Excellent (极好)
Q42707.pdb,0.9,Excellent (极好)
I1E3I6.pdb,0.9,Excellent (极好)
P50465.pdb,0.9,Excellent (极好)
V9NGQ2.pdb,0.9,Excellent (极好)
P0A2W7.pdb,0.9,Excellent (极好)
Q078S6.pdb,0.9,Good (良好)
Q6F5H0.pdb,0.9,Excellent (极好)
Q6RUJ2.pdb,0.9,Excellent (极好)
Q6K9M5.pdb,0.9,Excellent (极好)
Q9EUT9.pdb,0.9,Excellent (极好)
H9N289.pdb,0.9,Excellent (极好)
C1L320.pdb,0.9,Excellent (极好)
Q0JA82.pdb,0.9,Good (良好)
Q39026.pdb,0.9,Good (良好)
A0A2U9GHG9.pdb,0.9,Good (良好)
Q57764.pdb,0.9,Excellent (极好)
G1T7U7.pdb,0.9,Good (良好)
A0A088CA41.pdb,0.9,Excellent (极好)
Q04609.pdb,0.9,Good (良好)
A0A024A6V9.pdb,0.9,Excellent (极好)
A0A8W8.pdb,0.9,Excellent (极好)
Q7B8C3.pdb,0.9,Good (良好)
P54001.pdb,0.9,Good (良好)
Q46799.pdb,0.9,Good (良好)
B6YX36.pdb,0.9,Excellent (极好)
A7LFK0.pdb,0.9,Good (良好)
Q5VB49.pdb,0.9,Excellent (极好)
Q84PP7.pdb,0.9,Good (良好)
Q564C7.pdb,0.9,Excellent (极好)
D0AB09.pdb,0.9,Excellent (极好)
A2ICG5.pdb,0.9,Good (良好)
Q6P7S1.pdb,0.9,Good (良好)
Q6PQJ9.pdb,0.9,Good (良好)
A0A060DAC6.pdb,0.9,Good (良好)
Q6SZS7.pdb,0.9,Excellent (极好)
P9WP79.pdb,0.9,Excellent (极好)
A0A191W0D9.pdb,0.9,Good (良好)
Q706F5.pdb,0.9,Excellent (极好)
B9WCR8.pdb,0.9,Excellent (极好)
Q7LX61.pdb,0.9,Good (良好)
Q80UN9.pdb,0.9,Good (良好)
Q4DGV2.pdb,0.9,Excellent (极好)
F1M4T7.pdb,0.9,Excellent (极好)
B0FSQ0.pdb,0.9,Excellent (极好)
D9IU57.pdb,0.9,Good (良好)
Q8K469.pdb,0.9,Excellent (极好)
Q45NB6.pdb,0.9,Good (良好)
O25949.pdb,0.9,Excellent (极好)
W8SKF6.pdb,0.9,Excellent (极好)
P77978.pdb,0.9,Good (良好)
P24941.pdb,0.9,Excellent (极好)
O04928.pdb,0.9,Excellent (极好)
G3XPU3.pdb,0.9,Excellent (极好)
Q9XEN6.pdb,0.9,Good (良好)
Q57VZ2.pdb,0.9,Excellent (极好)
A9CJL8.pdb,0.9,Excellent (极好)
Q0MVP3.pdb,0.9,Excellent (极好)
Q9AF21.pdb,0.9,Good (良好)
Q880Z0.pdb,0.9,Good (良好)
P72579.pdb,0.9,Excellent (极好)
A0A0D5A4E4.pdb,0.9,Excellent (极好)
Q9FPW3.pdb,0.9,Excellent (极好)
O26010.pdb,0.9,Good (良好)
Q9S5X0.pdb,0.9,Excellent (极好)
Q1HER6.pdb,0.9,Good (良好)
Q9F0L9.pdb,0.9,Excellent (极好)
Q9MV14.pdb,0.9,Excellent (极好)
A9QW70.pdb,0.9,Excellent (极好)
B8K1W1.pdb,0.9,Good (良好)
P80523.pdb,0.9,Excellent (极好)
P9WNW1.pdb,0.9,Good (良好)
Q9FNS9.pdb,0.9,Good (良好)
P29729.pdb,0.9,Good (良好)
Q50539.pdb,0.9,Good (良好)
Q06528.pdb,0.9,Good (良好)
F4H166.pdb,0.9,Good (良好)
A0A1V0D8Y5.pdb,0.9,Good (良好)
B2YGX9.pdb,0.9,Excellent (极好)
Q9FG67.pdb,0.9,Excellent (极好)
C0LZ63.pdb,0.9,Excellent (极好)
A0A0U1RGY0.pdb,0.9,Excellent (极好)
Q9HGQ2.pdb,0.9,Excellent (极好)
Q9JHE3.pdb,0.9,Good (良好)
H2EIY3.pdb,0.9,Excellent (极好)
Q94FT4.pdb,0.9,Excellent (极好)
P00370.pdb,0.9,Excellent (极好)
Q42605.pdb,0.9,Good (良好)
P25779.pdb,0.9,Good (良好)
Q9AV97.pdb,0.9,Excellent (极好)
Q7CWR3.pdb,0.9,Good (良好)
A3FJ64.pdb,0.9,Good (良好)
P46406.pdb,0.9,Excellent (极好)
Q973W5.pdb,0.9,Excellent (极好)
P28845.pdb,0.9,Good (良好)
Q1J0Z5.pdb,0.9,Excellent (极好)
C7C437.pdb,0.9,Excellent (极好)
Q9VSM6.pdb,0.9,Excellent (极好)
D5WTR7.pdb,0.9,Excellent (极好)
Q8E378.pdb,0.9,Excellent (极好)
P0AGJ7.pdb,0.9,Excellent (极好)
Q5CB51.pdb,0.9,Excellent (极好)
Q1MW86.pdb,0.9,Excellent (极好)
Q8L0V2.pdb,0.9,Good (良好)
D2C716.pdb,0.9,Excellent (极好)
P08144.pdb,0.9,Good (良好)
Q75PK6.pdb,0.9,Excellent (极好)
C0JP83.pdb,0.9,Good (良好)
P9WGZ3.pdb,0.9,Excellent (极好)
P30749.pdb,0.9,Excellent (极好)
D6XUS4.pdb,0.9,Good (良好)
D1G4K3.pdb,0.9,Good (良好)
Q06408.pdb,0.9,Good (良好)
A4UU45.pdb,0.9,Good (良好)
A0A1V0FWX7.pdb,0.9,Good (良好)
B5AR80.pdb,0.9,Good (良好)
A0A060PQX5.pdb,0.9,Excellent (极好)
R4UB73.pdb,0.9,Excellent (极好)
O58649.pdb,0.9,Good (良好)
A0A3L6F337.pdb,0.9,Excellent (极好)
P48163.pdb,0.9,Good (良好)
C3SBW0.pdb,0.9,Excellent (极好)
A8D0T0.pdb,0.9,Good (良好)
A2QL72.pdb,0.9,Good (良好)
H0VCJ6.pdb,0.9,Excellent (极好)
P36969.pdb,0.9,Good (良好)
A0A2N0UQI0.pdb,0.9,Good (良好)
C1DSW3.pdb,0.9,Excellent (极好)
O34757.pdb,0.9,Good (良好)
Q8GTM3.pdb,0.9,Excellent (极好)
Q97UI1.pdb,0.9,Excellent (极好)
A0A166HLT6.pdb,0.9,Excellent (极好)
Q4E256.pdb,0.9,Good (良好)
F9VNB1.pdb,0.9,Good (良好)
Q8TLW1.pdb,0.9,Good (良好)
Q5VB44.pdb,0.9,Good (良好)
P23469.pdb,0.9,Good (良好)
A3DEX4.pdb,0.9,Excellent (极好)
Q9R0X4.pdb,0.9,Excellent (极好)
B5BQ69.pdb,0.9,Excellent (极好)
P63086.pdb,0.9,Excellent (极好)
A0A024FSF5.pdb,0.9,Good (良好)
P00356.pdb,0.9,Excellent (极好)
Q5UFR5.pdb,0.9,Good (良好)
Q8TGW8.pdb,0.9,Excellent (极好)
Q8T6J6.pdb,0.9,Excellent (极好)
A0A1Z2QRD5.pdb,0.9,Excellent (极好)
G2QPS0.pdb,0.9,Excellent (极好)
P0A9T0.pdb,0.9,Excellent (极好)
Q9HJF2.pdb,0.9,Excellent (极好)
A0A2Z5VC92.pdb,0.9,Excellent (极好)
O86786.pdb,0.9,Good (良好)
C0IRI0.pdb,0.9,Excellent (极好)
Q9AGA6.pdb,0.9,Good (良好)
P0DI77.pdb,0.9,Excellent (极好)
Q93I48.pdb,0.9,Excellent (极好)
Q8GH59.pdb,0.9,Excellent (极好)
Q72HS4.pdb,0.9,Good (良好)
Q1K5M0.pdb,0.9,Good (良好)
Q8BM11.pdb,0.9,Good (良好)
Q5LVM3.pdb,0.9,Good (良好)
P0CJ63.pdb,0.9,Good (良好)
Q6QLL4.pdb,0.9,Excellent (极好)
Q8NMD5.pdb,0.9,Excellent (极好)
Q75T82.pdb,0.9,Good (良好)
Q6D291.pdb,0.9,Good (良好)
O67625.pdb,0.9,Good (良好)
A7YN26.pdb,0.9,Good (良好)
Q5NHR1.pdb,0.9,Good (良好)
Q8KTX0.pdb,0.9,Excellent (极好)
Q6T484.pdb,0.9,Good (良好)
Q8RAK6.pdb,0.9,Good (良好)
P77044.pdb,0.9,Good (良好)
Q59Q46.pdb,0.9,Good (良好)
Q9S1B4.pdb,0.9,Good (良好)
Q8X1C7.pdb,0.9,Excellent (极好)
O30012.pdb,0.9,Excellent (极好)
C7ASJ5.pdb,0.9,Excellent (极好)
Q3L1D1.pdb,0.9,Excellent (极好)
O33853.pdb,0.9,Excellent (极好)
P51105.pdb,0.9,Good (良好)
C7SEV1.pdb,0.9,Excellent (极好)
Q96DN0.pdb,0.9,Good (良好)
Q5F809.pdb,0.9,Excellent (极好)
C4M387.pdb,0.9,Good (良好)
A0A089N0W4.pdb,0.9,Good (良好)
K9Y6Y9.pdb,0.9,Excellent (极好)
M1JUH6.pdb,0.9,Good (良好)
Q8CWX6.pdb,0.9,Good (良好)
A0A075FFV0.pdb,0.9,Excellent (极好)
Q8KTW6.pdb,0.9,Good (良好)
C6GFH7.pdb,0.9,Excellent (极好)
G4V4T6.pdb,0.9,Good (良好)
A1U3L3.pdb,0.9,Good (良好)
P15558.pdb,0.9,Excellent (极好)
P13551.pdb,0.9,Good (良好)
Q9UUY8.pdb,0.9,Good (良好)
A0A2U8JPY3.pdb,0.9,Good (良好)
Q96VF5.pdb,0.9,Excellent (极好)
Q45NB5.pdb,0.9,Good (良好)
Q9Z2L6.pdb,0.9,Excellent (极好)
Q9AIV2.pdb,0.9,Excellent (极好)
O32085.pdb,0.9,Excellent (极好)
P24397.pdb,0.9,Good (良好)
Q8GYW7.pdb,0.9,Good (良好)
Q48F48.pdb,0.9,Good (良好)
Q8P9S0.pdb,0.9,Good (良好)
A4URQ8.pdb,0.9,Excellent (极好)
Q3ZCI9.pdb,0.9,Good (良好)
A0A0C7DVW3.pdb,0.9,Good (良好)
P19571.pdb,0.9,Good (良好)
V5J3M5.pdb,0.9,Good (良好)
A5H0J6.pdb,0.9,Excellent (极好)
Q3LB11.pdb,0.9,Excellent (极好)
Q88QT2.pdb,0.9,Excellent (极好)
Q62WE3.pdb,0.9,Good (良好)
P32189.pdb,0.9,Good (良好)
Q8EBE0.pdb,0.9,Good (良好)
P53095.pdb,0.9,Good (良好)
P08499.pdb,0.9,Excellent (极好)
Q6Y9Y8.pdb,0.9,Excellent (极好)
A0QWG6.pdb,0.9,Good (良好)
Q9L6D3.pdb,0.9,Excellent (极好)
Q6E593.pdb,0.9,Excellent (极好)
P47897.pdb,0.9,Excellent (极好)
P36979.pdb,0.9,Good (良好)
Q88S84.pdb,0.9,Good (良好)
P58137.pdb,0.9,Excellent (极好)
D1MX70.pdb,0.9,Good (良好)
Q9Y337.pdb,0.9,Excellent (极好)
G2LDI3.pdb,0.9,Excellent (极好)
C0IRH9.pdb,0.9,Good (良好)
O95822.pdb,0.9,Good (良好)
O00142.pdb,0.9,Excellent (极好)
Q9I1X3.pdb,0.9,Excellent (极好)
O07427.pdb,0.9,Excellent (极好)
Q16878.pdb,0.9,Good (良好)
A0A4D6BS73.pdb,0.9,Good (良好)
P80193.pdb,0.9,Good (良好)
A6P7M9.pdb,0.9,Excellent (极好)
B5BNY1.pdb,0.9,Good (良好)
Q9QUI0.pdb,0.9,Excellent (极好)
O26253.pdb,0.9,Good (良好)
P95474.pdb,0.9,Excellent (极好)
A8PYK0.pdb,0.9,Good (良好)
Q58517.pdb,0.9,Excellent (极好)
Q58249.pdb,0.9,Excellent (极好)
P37136.pdb,0.9,Excellent (极好)
Q3LIE5.pdb,0.9,Excellent (极好)
P69478.pdb,0.9,Excellent (极好)
Q9MB73.pdb,0.9,Excellent (极好)
Q9XB60.pdb,0.9,Good (良好)
C3UVB0.pdb,0.9,Excellent (极好)
P33333.pdb,0.9,Excellent (极好)
Q8K4D7.pdb,0.9,Excellent (极好)
D0QF43.pdb,0.9,Excellent (极好)
Q96H96.pdb,0.9,Excellent (极好)
Q9NPF2.pdb,0.9,Excellent (极好)
P10724.pdb,0.9,Good (良好)
P38298.pdb,0.9,Excellent (极好)
Q700B8.pdb,0.9,Good (良好)
Q6PI48.pdb,0.9,Good (良好)
C9WIW7.pdb,0.89,Good (良好)
W0SLW8.pdb,0.89,Good (良好)
P9WMN3.pdb,0.89,Good (良好)
P02794.pdb,0.89,Good (良好)
Q5FC15.pdb,0.89,Good (良好)
G4I5P8.pdb,0.89,Good (良好)
Q96PD7.pdb,0.89,Good (良好)
A0FHA8.pdb,0.89,Good (良好)
R9W5L0.pdb,0.89,Good (良好)
Q8R3B1.pdb,0.89,Good (良好)
B1VBB0.pdb,0.89,Good (良好)
D2J2T6.pdb,0.89,Good (良好)
O96009.pdb,0.89,Good (良好)
Q9C1V4.pdb,0.89,Good (良好)
P00339.pdb,0.89,Good (良好)
P9WHN9.pdb,0.89,Good (良好)
A9ZT55.pdb,0.89,Good (良好)
P61502.pdb,0.89,Good (良好)
Q96XT2.pdb,0.89,Good (良好)
Q9X4Q7.pdb,0.89,Good (良好)
Q9M9H6.pdb,0.89,Good (良好)
A0A160PV21.pdb,0.89,Good (良好)
M5DDN2.pdb,0.89,Good (良好)
P20115.pdb,0.89,Good (良好)
Q7TP52.pdb,0.89,Good (良好)
Q9HKS9.pdb,0.89,Good (良好)
Q2LC82.pdb,0.89,Good (良好)
Q01578.pdb,0.89,Good (良好)
Q33CQ4.pdb,0.89,Good (良好)
A5JTM5.pdb,0.89,Good (良好)
A0A1B2F298.pdb,0.89,Good (良好)
B9GJG7.pdb,0.89,Good (良好)
Q57VC7.pdb,0.89,Good (良好)
D4GR07.pdb,0.89,Good (良好)
Q5FI04.pdb,0.89,Good (良好)
P23721.pdb,0.89,Good (良好)
G7YHA8.pdb,0.89,Good (良好)
A5U161.pdb,0.89,Good (良好)
C6DAH4.pdb,0.89,Good (良好)
P41939.pdb,0.89,Good (良好)
P28248.pdb,0.89,Good (良好)
F1CYZ5.pdb,0.89,Good (良好)
A5UP31.pdb,0.89,Good (良好)
Q1EM71.pdb,0.89,Good (良好)
Q9FSD6.pdb,0.89,Good (良好)
A0QZ42.pdb,0.89,Good (良好)
A2IBI0.pdb,0.89,Good (良好)
B9VSZ3.pdb,0.89,Good (良好)
Q9ZSZ7.pdb,0.89,Good (良好)
A0A0G2QUN1.pdb,0.89,Good (良好)
O85040.pdb,0.89,Good (良好)
I7MAL0.pdb,0.89,Good (良好)
Q8BTW3.pdb,0.89,Good (良好)
B3VFX0.pdb,0.89,Good (良好)
P17987.pdb,0.89,Good (良好)
M5AIH9.pdb,0.89,Good (良好)
P30632.pdb,0.89,Good (良好)
Q4W2K4.pdb,0.89,Good (良好)
Q8YPB4.pdb,0.89,Good (良好)
A0A1B1Y5P4.pdb,0.89,Good (良好)
Q57878.pdb,0.89,Good (良好)
K7QK60.pdb,0.89,Good (良好)
Q9EV86.pdb,0.89,Good (良好)
Q86TN4.pdb,0.89,Good (良好)
A0A075BSX9.pdb,0.89,Good (良好)
P34802.pdb,0.89,Good (良好)
A0JC76.pdb,0.89,Good (良好)
Q9GZX7.pdb,0.89,Good (良好)
Q9RJ84.pdb,0.89,Good (良好)
T1Z249.pdb,0.89,Good (良好)
Q9UVK7.pdb,0.89,Good (良好)
O66844.pdb,0.89,Good (良好)
O80612.pdb,0.89,Good (良好)
O29976.pdb,0.89,Good (良好)
Q1XBU5.pdb,0.89,Good (良好)
P80299.pdb,0.89,Good (良好)
P49244.pdb,0.89,Good (良好)
A0A0K2SQX4.pdb,0.89,Good (良好)
O52185.pdb,0.89,Good (良好)
Q7WUI6.pdb,0.89,Good (良好)
Q8U4M3.pdb,0.89,Good (良好)
A0B8F1.pdb,0.89,Good (良好)
Q8W427.pdb,0.89,Good (良好)
Q1KLC8.pdb,0.89,Good (良好)
P23971.pdb,0.89,Good (良好)
E0Y3X1.pdb,0.89,Good (良好)
Q9DCV3.pdb,0.89,Good (良好)
Q57600.pdb,0.89,Good (良好)
P51853.pdb,0.89,Good (良好)
A0A0K2RV92.pdb,0.89,Good (良好)
Q86PD7.pdb,0.89,Good (良好)
Q94ID3.pdb,0.89,Good (良好)
A0A191KCR0.pdb,0.89,Good (良好)
O66064.pdb,0.89,Good (良好)
A0A1S6XZP1.pdb,0.89,Good (良好)
Q8G7J3.pdb,0.89,Good (良好)
O74634.pdb,0.89,Good (良好)
Q5JFK3.pdb,0.89,Good (良好)
A0A168GPL0.pdb,0.89,Good (良好)
A3RE51.pdb,0.89,Good (良好)
Q9AF93.pdb,0.89,Good (良好)
Q6QGP4.pdb,0.89,Good (良好)
Q97VD6.pdb,0.89,Good (良好)
P14941.pdb,0.89,Good (良好)
F1QCV2.pdb,0.89,Good (良好)
O66880.pdb,0.89,Good (良好)
Q8H2B4.pdb,0.89,Good (良好)
P9WNS5.pdb,0.89,Good (良好)
Q59825.pdb,0.89,Good (良好)
D3PZ76.pdb,0.89,Good (良好)
E9N3U9.pdb,0.89,Good (良好)
Q97DP6.pdb,0.89,Good (良好)
Q9C1M9.pdb,0.89,Good (良好)
A0FHB0.pdb,0.89,Good (良好)
A8W969.pdb,0.89,Good (良好)
P48735.pdb,0.89,Good (良好)
A0A5E8GM52.pdb,0.89,Good (良好)
P78549.pdb,0.89,Good (良好)
Q9H8P0.pdb,0.89,Good (良好)
P39639.pdb,0.89,Good (良好)
F5CI28.pdb,0.89,Good (良好)
K4L7X3.pdb,0.89,Good (良好)
P06189.pdb,0.89,Good (良好)
D4N892.pdb,0.89,Good (良好)
O09005.pdb,0.89,Good (良好)
A1XWY7.pdb,0.89,Good (良好)
A0A2U9N6D2.pdb,0.89,Good (良好)
Q8T6B1.pdb,0.89,Good (良好)
Q3IF07.pdb,0.89,Good (良好)
Q8U2E5.pdb,0.89,Good (良好)
A8Q3I7.pdb,0.89,Good (良好)
P76273.pdb,0.89,Good (良好)
P0A9J4.pdb,0.89,Good (良好)
Q9LCB4.pdb,0.89,Good (良好)
P0A6W9.pdb,0.89,Good (良好)
Q49150.pdb,0.89,Good (良好)
A0A144YEA5.pdb,0.89,Good (良好)
B6ZGN5.pdb,0.89,Good (良好)
Q15126.pdb,0.89,Good (良好)
Q9UZ14.pdb,0.89,Good (良好)
Q1LJK6.pdb,0.89,Good (良好)
F7J5X9.pdb,0.89,Good (良好)
Q2PWU9.pdb,0.89,Good (良好)
B2GV06.pdb,0.89,Good (良好)
Q108T5.pdb,0.89,Good (良好)
Q1KNE3.pdb,0.89,Good (良好)
Q8DNE6.pdb,0.89,Good (良好)
O60488.pdb,0.89,Good (良好)
O25130.pdb,0.89,Good (良好)
P20035.pdb,0.89,Good (良好)
Q8ZKE6.pdb,0.89,Good (良好)
Q81K34.pdb,0.89,Good (良好)
Q96Y66.pdb,0.89,Good (良好)
Q75P26.pdb,0.89,Good (良好)
G1UII1.pdb,0.89,Good (良好)
P23316.pdb,0.89,Good (良好)
P50295.pdb,0.89,Good (良好)
S7UJV5.pdb,0.89,Good (良好)
O24325.pdb,0.89,Good (良好)
Q9NVH6.pdb,0.89,Good (良好)
I3ZR32.pdb,0.89,Good (良好)
Q9LA72.pdb,0.89,Good (良好)
Q8U263.pdb,0.89,Good (良好)
Q3LS76.pdb,0.89,Good (良好)
A0A220NLA7.pdb,0.89,Good (良好)
Q88Z02.pdb,0.89,Good (良好)
A0A075XFI8.pdb,0.89,Good (良好)
Q8GJ90.pdb,0.89,Good (良好)
Q6N8N2.pdb,0.89,Good (良好)
B9X0I2.pdb,0.89,Good (良好)
A0A0H3K9R1.pdb,0.89,Good (良好)
Q9LBX2.pdb,0.89,Good (良好)
H8XA83.pdb,0.89,Good (良好)
Q04631.pdb,0.89,Good (良好)
A0A0A7H9C0.pdb,0.89,Good (良好)
Q5Q0U2.pdb,0.89,Good (良好)
E9RGV6.pdb,0.89,Good (良好)
Q0NZW5.pdb,0.89,Good (良好)
Q9HFW5.pdb,0.89,Good (良好)
Q1PDD2.pdb,0.89,Good (良好)
A8YGS2.pdb,0.89,Good (良好)
Q00870.pdb,0.89,Good (良好)
P75897.pdb,0.89,Good (良好)
G8Z9T0.pdb,0.89,Good (良好)
E4PMA5.pdb,0.89,Good (良好)
A9JIF3.pdb,0.89,Good (良好)
Q2I0L7.pdb,0.89,Good (良好)
E9KLD9.pdb,0.89,Good (良好)
Q9FYS3.pdb,0.89,Good (良好)
A1DRD5.pdb,0.89,Good (良好)
P25297.pdb,0.89,Good (良好)
D9IL10.pdb,0.89,Good (良好)
Q8ITU3.pdb,0.89,Good (良好)
Q96ZY1.pdb,0.89,Good (良好)
P03697.pdb,0.89,Good (良好)
Q7LX98.pdb,0.89,Good (良好)
Q7A4G0.pdb,0.89,Good (良好)
O58231.pdb,0.89,Good (良好)
Q72SB4.pdb,0.89,Good (良好)
B0CN31.pdb,0.89,Good (良好)
E8MGH8.pdb,0.89,Good (良好)
G5DAC8.pdb,0.89,Good (良好)
D1GFE6.pdb,0.89,Good (良好)
P29030.pdb,0.89,Good (良好)
Q43528.pdb,0.89,Good (良好)
P15538.pdb,0.89,Good (良好)
F8DQT0.pdb,0.89,Good (良好)
O00767.pdb,0.89,Good (良好)
Q94ID7.pdb,0.89,Good (良好)
U5KC58.pdb,0.89,Good (良好)
Q99873.pdb,0.89,Good (良好)
P58539.pdb,0.89,Good (良好)
P10619.pdb,0.89,Good (良好)
A0A1D8NJ27.pdb,0.89,Good (良好)
A0A286S1Z7.pdb,0.89,Good (良好)
J9E728.pdb,0.89,Good (良好)
P21437.pdb,0.89,Good (良好)
P76524.pdb,0.89,Good (良好)
Q9FEX0.pdb,0.89,Good (良好)
B0SKV7.pdb,0.89,Good (良好)
P9WQA3.pdb,0.89,Good (良好)
I6XNY7.pdb,0.89,Good (良好)
Q4WBS1.pdb,0.89,Good (良好)
Q8KTW5.pdb,0.89,Good (良好)
A0A1J0AHX8.pdb,0.89,Good (良好)
Q68G83.pdb,0.89,Good (良好)
Q6UWV6.pdb,0.89,Good (良好)
A9KSL5.pdb,0.89,Good (良好)
Q9KBQ2.pdb,0.89,Good (良好)
Q59971.pdb,0.89,Good (良好)
B6ZKM3.pdb,0.89,Good (良好)
Q8VY09.pdb,0.89,Good (良好)
D2KAT1.pdb,0.89,Good (良好)
B8NKE9.pdb,0.89,Good (良好)
Q9RN49.pdb,0.89,Good (良好)
A0A0P0UPC6.pdb,0.89,Good (良好)
Q86WU2.pdb,0.89,Good (良好)
A0A0H3JER5.pdb,0.89,Good (良好)
A0A7G4NVP2.pdb,0.89,Good (良好)
P00363.pdb,0.89,Good (良好)
A0A3G1ICG7.pdb,0.89,Good (良好)
G3BJX5.pdb,0.89,Good (良好)
Q6W9D4.pdb,0.89,Good (良好)
Q8ILF7.pdb,0.89,Good (良好)
Q8NM29.pdb,0.89,Good (良好)
A0A0H3KB22.pdb,0.89,Good (良好)
O85057.pdb,0.89,Good (良好)
Q8C172.pdb,0.89,Good (良好)
X5CIW4.pdb,0.89,Good (良好)
Q47R94.pdb,0.89,Good (良好)
A9KM56.pdb,0.89,Good (良好)
P00338.pdb,0.89,Good (良好)
Q8W259.pdb,0.89,Good (良好)
O54833.pdb,0.89,Good (良好)
Q3S401.pdb,0.89,Good (良好)
Q96DG6.pdb,0.89,Good (良好)
O29975.pdb,0.89,Good (良好)
P0A8Z0.pdb,0.89,Good (良好)
P52784.pdb,0.89,Good (良好)
Q6Q2T4.pdb,0.89,Good (良好)
C6L823.pdb,0.89,Good (良好)
Q9L555.pdb,0.89,Good (良好)
Q12463.pdb,0.89,Good (良好)
O13935.pdb,0.89,Good (良好)
Q72SL8.pdb,0.89,Good (良好)
Q5CD72.pdb,0.89,Good (良好)
P23368.pdb,0.89,Good (良好)
Q4U338.pdb,0.89,Good (良好)
Q3HSE4.pdb,0.89,Good (良好)
O14684.pdb,0.89,Good (良好)
Q9LUD9.pdb,0.89,Good (良好)
Q8MZS4.pdb,0.89,Good (良好)
A0A0F6TMI2.pdb,0.89,Good (良好)
Q9SQT8.pdb,0.89,Good (良好)
O43175.pdb,0.89,Good (良好)
Q5KTW9.pdb,0.89,Good (良好)
I3STR7.pdb,0.89,Good (良好)
A8FAG9.pdb,0.89,Good (良好)
O74339.pdb,0.89,Good (良好)
Q42629.pdb,0.89,Good (良好)
Q877I3.pdb,0.89,Good (良好)
A0A116LEI2.pdb,0.89,Good (良好)
Q8GB62.pdb,0.89,Good (良好)
P94523.pdb,0.89,Good (良好)
A0FHB3.pdb,0.89,Good (良好)
Q8LDN8.pdb,0.89,Good (良好)
E2QJB8.pdb,0.89,Good (良好)
P29715.pdb,0.89,Good (良好)
P24215.pdb,0.89,Good (良好)
Q6F494.pdb,0.89,Good (良好)
H6WVX3.pdb,0.89,Good (良好)
B0I560.pdb,0.89,Good (良好)
Q56R01.pdb,0.89,Good (良好)
Q9I966.pdb,0.89,Good (良好)
Q841V6.pdb,0.89,Good (良好)
Q09IZ4.pdb,0.89,Good (良好)
A0A0G2K502.pdb,0.89,Good (良好)
P00591.pdb,0.89,Good (良好)
Q73Y99.pdb,0.89,Good (良好)
W8GG09.pdb,0.89,Good (良好)
D5LIR7.pdb,0.89,Good (良好)
Q8LK04.pdb,0.89,Good (良好)
Q6DYE7.pdb,0.89,Good (良好)
Q93X60.pdb,0.89,Good (良好)
A0A2Z5V6P3.pdb,0.89,Good (良好)
A0A2H4ER88.pdb,0.89,Good (良好)
Q9R0P9.pdb,0.89,Good (良好)
P35520.pdb,0.89,Good (良好)
P58540.pdb,0.89,Good (良好)
A5A699.pdb,0.89,Good (良好)
Q331Q6.pdb,0.89,Good (良好)
Q7WYV4.pdb,0.89,Good (良好)
Q9WYR4.pdb,0.89,Good (良好)
P00962.pdb,0.89,Good (良好)
Q68SL6.pdb,0.89,Good (良好)
P24171.pdb,0.89,Good (良好)
Q9M040.pdb,0.89,Good (良好)
P13674.pdb,0.89,Good (良好)
Q8K0L2.pdb,0.89,Good (良好)
Q6ETN3.pdb,0.89,Good (良好)
Q2KTH3.pdb,0.89,Good (良好)
F8WSY7.pdb,0.89,Good (良好)
Q8NDV1.pdb,0.89,Good (良好)
A0A3S8RK07.pdb,0.89,Good (良好)
Q8NA58.pdb,0.89,Good (良好)
A0A0A0R2Z1.pdb,0.89,Good (良好)
H7C831.pdb,0.89,Good (良好)
Q9RP48.pdb,0.89,Good (良好)
Q8GCH2.pdb,0.89,Good (良好)
O29786.pdb,0.89,Good (良好)
Q75V72.pdb,0.89,Good (良好)
Q939C9.pdb,0.89,Good (良好)
Q0V8R6.pdb,0.89,Good (良好)
K7T9D9.pdb,0.89,Good (良好)
Q9Z4P9.pdb,0.89,Good (良好)
Q9Y763.pdb,0.89,Good (良好)
P63359.pdb,0.89,Good (良好)
P54869.pdb,0.89,Good (良好)
Q006Q0.pdb,0.89,Good (良好)
G8XQY5.pdb,0.89,Good (良好)
A0A218MJF1.pdb,0.89,Good (良好)
Q6HA27.pdb,0.89,Good (良好)
A0A024JUE5.pdb,0.89,Good (良好)
G0TES6.pdb,0.89,Good (良好)
Q93RE1.pdb,0.89,Good (良好)
Q9NPC4.pdb,0.89,Good (良好)
Q88L87.pdb,0.89,Good (良好)
Q316W1.pdb,0.89,Good (良好)
Q13496.pdb,0.89,Good (良好)
P9WNU7.pdb,0.89,Good (良好)
Q96VT2.pdb,0.89,Good (良好)
Q65JI9.pdb,0.89,Good (良好)
Q9I297.pdb,0.89,Good (良好)
Q8PVV3.pdb,0.89,Good (良好)
Q9Y7X5.pdb,0.89,Good (良好)
Q4K423.pdb,0.89,Good (良好)
Q97VW7.pdb,0.89,Good (良好)
Q49SB0.pdb,0.89,Good (良好)
C6ZH48.pdb,0.89,Good (良好)
P42588.pdb,0.89,Good (良好)
A0A2C9EVE6.pdb,0.89,Good (良好)
P93349.pdb,0.89,Good (良好)
B3EY95.pdb,0.89,Good (良好)
Q88K54.pdb,0.89,Good (良好)
A0A0C6DRW4.pdb,0.89,Good (良好)
Q6SJC5.pdb,0.89,Good (良好)
E7E815.pdb,0.89,Good (良好)
Q9RFR0.pdb,0.89,Good (良好)
D0KN27.pdb,0.89,Good (良好)
V7PVE5.pdb,0.89,Good (良好)
Q9TW67.pdb,0.89,Good (良好)
P0AE08.pdb,0.89,Good (良好)
O88844.pdb,0.89,Good (良好)
P06855.pdb,0.89,Good (良好)
P0CD66.pdb,0.89,Good (良好)
Q9FM97.pdb,0.89,Good (良好)
D5FKJ3.pdb,0.89,Good (良好)
Q9URQ3.pdb,0.89,Good (良好)
Q970Z7.pdb,0.89,Good (良好)
Q8DL82.pdb,0.89,Good (良好)
O93295.pdb,0.89,Good (良好)
P07308.pdb,0.89,Good (良好)
Q8R1G2.pdb,0.89,Good (良好)
P72578.pdb,0.89,Good (良好)
Q973G3.pdb,0.89,Good (良好)
Q9KQJ0.pdb,0.89,Good (良好)
Q8H2B5.pdb,0.89,Good (良好)
Q5U923.pdb,0.89,Good (良好)
G5CSR9.pdb,0.89,Good (良好)
C9V492.pdb,0.89,Good (良好)
Q9AL99.pdb,0.89,Good (良好)
S5RVR8.pdb,0.89,Good (良好)
Q7QF91.pdb,0.89,Good (良好)
Q141Z6.pdb,0.89,Good (良好)
Q76EV4.pdb,0.89,Good (良好)
D6EQU8.pdb,0.89,Good (良好)
P37669.pdb,0.89,Good (良好)
Q9LPR4.pdb,0.89,Good (良好)
D5LNB6.pdb,0.89,Good (良好)
P95493.pdb,0.89,Good (良好)
Q6VAK6.pdb,0.89,Good (良好)
Q8FL89.pdb,0.89,Good (良好)
Q0JRM8.pdb,0.89,Good (良好)
D1MW98.pdb,0.89,Good (良好)
Q4DZJ3.pdb,0.89,Good (良好)
P36419.pdb,0.89,Good (良好)
A0A0K2X0F2.pdb,0.89,Good (良好)
Q8H1D8.pdb,0.89,Good (良好)
A0A0S2VC96.pdb,0.89,Good (良好)
A8J110.pdb,0.89,Good (良好)
Q9NRN7.pdb,0.89,Good (良好)
P49435.pdb,0.89,Good (良好)
Q59475.pdb,0.89,Good (良好)
D4GS48.pdb,0.89,Good (良好)
Q6L2Z7.pdb,0.89,Good (良好)
Q74NE4.pdb,0.89,Good (良好)
H9BIH8.pdb,0.89,Good (良好)
B1NLD3.pdb,0.89,Good (良好)
G4VQJ4.pdb,0.89,Good (良好)
P06276.pdb,0.89,Good (良好)
P0ADI4.pdb,0.89,Good (良好)
C6KID9.pdb,0.89,Good (良好)
Q9HKZ0.pdb,0.89,Good (良好)
Q9YI16.pdb,0.89,Good (良好)
Q75ZW9.pdb,0.89,Good (良好)
P50861.pdb,0.89,Good (良好)
P16469.pdb,0.89,Good (良好)
F4I4K7.pdb,0.89,Good (良好)
Q9WVE0.pdb,0.89,Good (良好)
Q6BDD5.pdb,0.89,Good (良好)
Q7SIG4.pdb,0.89,Good (良好)
Q7SFB0.pdb,0.89,Good (良好)
E2IKQ9.pdb,0.89,Good (良好)
M9VU49.pdb,0.89,Good (良好)
Q09WE7.pdb,0.89,Good (良好)
A2A1A1.pdb,0.89,Good (良好)
A0A024SN40.pdb,0.89,Good (良好)
Q8P8J6.pdb,0.89,Good (良好)
A0QQS4.pdb,0.89,Good (良好)
P25539.pdb,0.89,Good (良好)
Q32P41.pdb,0.89,Good (良好)
Q2HYA0.pdb,0.89,Good (良好)
Q8TFE5.pdb,0.89,Good (良好)
A0A0K2S4R5.pdb,0.89,Good (良好)
O22141.pdb,0.89,Good (良好)
Q5JDJ7.pdb,0.89,Good (良好)
A0A0B6XK99.pdb,0.89,Good (良好)
G0RV93.pdb,0.89,Good (良好)
Q9ULX7.pdb,0.89,Good (良好)
Q5B2E8.pdb,0.89,Good (良好)
P19099.pdb,0.89,Good (良好)
A4H2J0.pdb,0.89,Good (良好)
Q9P999.pdb,0.89,Good (良好)
Q6C5L8.pdb,0.89,Good (良好)
Q58822.pdb,0.89,Good (良好)
Q5MY95.pdb,0.89,Good (良好)
Q8GZD5.pdb,0.89,Good (良好)
F2VRY9.pdb,0.89,Good (良好)
P44783.pdb,0.89,Good (良好)
Q5U925.pdb,0.89,Good (良好)
P09936.pdb,0.89,Good (良好)
Q8RW99.pdb,0.89,Good (良好)
Q8R7L0.pdb,0.89,Good (良好)
Q2VMT2.pdb,0.89,Good (良好)
O05268.pdb,0.89,Good (良好)
Q64285.pdb,0.89,Good (良好)
A0A0N7IZL9.pdb,0.89,Good (良好)
Q9STD7.pdb,0.89,Good (良好)
Q8GYW8.pdb,0.89,Good (良好)
P00729.pdb,0.89,Good (良好)
I6YDN6.pdb,0.89,Good (良好)
P49273.pdb,0.89,Good (良好)
D8S724.pdb,0.89,Good (良好)
A0A218NGS0.pdb,0.89,Good (良好)
P34914.pdb,0.89,Good (良好)
Q9NG18.pdb,0.89,Good (良好)
Q6QA21.pdb,0.89,Good (良好)
Q257D4.pdb,0.89,Good (良好)
A0A1C9ZZ39.pdb,0.89,Good (良好)
O48944.pdb,0.89,Good (良好)
Q65CX5.pdb,0.89,Good (良好)
Q58280.pdb,0.89,Good (良好)
Q39103.pdb,0.89,Good (良好)
Q6ZMG9.pdb,0.89,Good (良好)
F8RL01.pdb,0.89,Good (良好)
Q8VPF3.pdb,0.89,Good (良好)
Q0NZW6.pdb,0.89,Good (良好)
P34413.pdb,0.89,Good (良好)
P75898.pdb,0.89,Good (良好)
Q41539.pdb,0.89,Good (良好)
Q8J1V6.pdb,0.89,Good (良好)
Q8J2Z5.pdb,0.89,Good (良好)
Q1XH05.pdb,0.89,Good (良好)
Q93AL8.pdb,0.89,Good (良好)
A0A287BBZ0.pdb,0.89,Good (良好)
O34667.pdb,0.89,Good (良好)
Q3V1F8.pdb,0.89,Good (良好)
A0A0H2URG4.pdb,0.89,Good (良好)
Q5B7X2.pdb,0.89,Good (良好)
Q5ZVV9.pdb,0.89,Good (良好)
P19915.pdb,0.89,Good (良好)
C4M5H3.pdb,0.89,Good (良好)
Q6YDN9.pdb,0.89,Good (良好)
Q7Z975.pdb,0.89,Good (良好)
E2GDF4.pdb,0.89,Good (良好)
Q8KTW8.pdb,0.89,Good (良好)
Q9HYA4.pdb,0.89,Good (良好)
A0A2Z6BCG6.pdb,0.89,Good (良好)
C6G1Y8.pdb,0.89,Good (良好)
P61086.pdb,0.89,Good (良好)
P06721.pdb,0.89,Good (良好)
Q70J58.pdb,0.89,Good (良好)
P42216.pdb,0.89,Good (良好)
P96107.pdb,0.89,Good (良好)
Q5XPL5.pdb,0.89,Good (良好)
Q9K1F1.pdb,0.89,Good (良好)
A0A1J9W3F9.pdb,0.89,Good (良好)
P29930.pdb,0.89,Good (良好)
O14734.pdb,0.89,Good (良好)
P58538.pdb,0.89,Good (良好)
B5MGR0.pdb,0.89,Good (良好)
F4GZY2.pdb,0.89,Good (良好)
B6VGJ3.pdb,0.89,Good (良好)
Q65J10.pdb,0.89,Good (良好)
A0A143T1M7.pdb,0.89,Good (良好)
B0LV85.pdb,0.89,Good (良好)
Q2FWH5.pdb,0.89,Good (良好)
Q9STI6.pdb,0.89,Good (良好)
B9X0I1.pdb,0.89,Good (良好)
Q8EY89.pdb,0.89,Good (良好)
P9WIN5.pdb,0.89,Good (良好)
P24521.pdb,0.89,Good (良好)
Q50755.pdb,0.89,Good (良好)
Q4JIX4.pdb,0.89,Good (良好)
Q9ZPI5.pdb,0.89,Good (良好)
Q6RUJ0.pdb,0.89,Good (良好)
P49789.pdb,0.89,Good (良好)
P45723.pdb,0.89,Good (良好)
P04180.pdb,0.89,Good (良好)
Q93RA0.pdb,0.89,Good (良好)
Q6RUI9.pdb,0.89,Good (良好)
A4YGR1.pdb,0.89,Good (良好)
I3XLC2.pdb,0.89,Good (良好)
B7J413.pdb,0.89,Good (良好)
Q81JK4.pdb,0.89,Good (良好)
P22320.pdb,0.89,Good (良好)
Q9NRX4.pdb,0.89,Good (良好)
G4VJD6.pdb,0.89,Good (良好)
P20839.pdb,0.89,Good (良好)
Q6WSQ4.pdb,0.89,Good (良好)
Q93KD6.pdb,0.89,Good (良好)
O50094.pdb,0.89,Good (良好)
A3MWV9.pdb,0.89,Good (良好)
S5R9V1.pdb,0.89,Good (良好)
Q4LEU0.pdb,0.89,Good (良好)
P15290.pdb,0.89,Good (良好)
Q57609.pdb,0.89,Good (良好)
Q8NET6.pdb,0.89,Good (良好)
O57878.pdb,0.89,Good (良好)
A0A286JZ72.pdb,0.89,Good (良好)
O48945.pdb,0.89,Good (良好)
O58323.pdb,0.89,Good (良好)
W0BU85.pdb,0.89,Good (良好)
A5VK58.pdb,0.89,Good (良好)
Q8RLY4.pdb,0.89,Good (良好)
Q306W4.pdb,0.89,Good (良好)
Q077R2.pdb,0.89,Good (良好)
A0A2Z5V6P8.pdb,0.89,Good (良好)
C5MR76.pdb,0.89,Good (良好)
Q9NQR4.pdb,0.89,Good (良好)
B3VPB3.pdb,0.89,Good (良好)
B9EZV5.pdb,0.89,Good (良好)
A0A0H3H393.pdb,0.89,Good (良好)
A0EQW8.pdb,0.89,Good (良好)
Q8KTW4.pdb,0.89,Good (良好)
Q9SYK0.pdb,0.89,Good (良好)
P80022.pdb,0.89,Good (良好)
A9ZND1.pdb,0.88,Good (良好)
A0A4P6X2C3.pdb,0.88,Good (良好)
Q5CRI9.pdb,0.88,Good (良好)
Q8GHB2.pdb,0.88,Good (良好)
O23240.pdb,0.88,Good (良好)
C4B6T1.pdb,0.88,Good (良好)
Q2V997.pdb,0.88,Good (良好)
Q72G76.pdb,0.88,Good (良好)
C8VAU8.pdb,0.88,Good (良好)
P14901.pdb,0.88,Good (良好)
B0B766.pdb,0.88,Good (良好)
Q4V6M1.pdb,0.88,Good (良好)
Q2KTH0.pdb,0.88,Good (良好)
P80644.pdb,0.88,Good (良好)
P17174.pdb,0.88,Good (良好)
Q2XQ11.pdb,0.88,Good (良好)
P0A7Y0.pdb,0.88,Good (良好)
Q381M1.pdb,0.88,Good (良好)
A0A0N9HMW6.pdb,0.88,Good (良好)
Q5W915.pdb,0.88,Good (良好)
W0G253.pdb,0.88,Good (良好)
P76558.pdb,0.88,Good (良好)
Q8AAW1.pdb,0.88,Good (良好)
Q1A7S9.pdb,0.88,Good (良好)
A5F5X0.pdb,0.88,Good (良好)
Q7YT16.pdb,0.88,Good (良好)
Q97JE0.pdb,0.88,Good (良好)
Q06203.pdb,0.88,Good (良好)
Q5PRC6.pdb,0.88,Good (良好)
P74576.pdb,0.88,Good (良好)
Q7SD67.pdb,0.88,Good (良好)
Q8GUE4.pdb,0.88,Good (良好)
D4GU69.pdb,0.88,Good (良好)
C4LUW9.pdb,0.88,Good (良好)
Q0P9B5.pdb,0.88,Good (良好)
B0V8W9.pdb,0.88,Good (良好)
O82647.pdb,0.88,Good (良好)
Q92903.pdb,0.88,Good (良好)
Q8A8Y4.pdb,0.88,Good (良好)
Q8KTW7.pdb,0.88,Good (良好)
P70080.pdb,0.88,Good (良好)
P0A9C9.pdb,0.88,Good (良好)
Q1GNW5.pdb,0.88,Good (良好)
Q8VQF6.pdb,0.88,Good (良好)
V9PD44.pdb,0.88,Good (良好)
Q9GZZ1.pdb,0.88,Good (良好)
A0LR95.pdb,0.88,Good (良好)
Q96551.pdb,0.88,Good (良好)
O74009.pdb,0.88,Good (良好)
K0JCW6.pdb,0.88,Good (良好)
P04746.pdb,0.88,Good (良好)
C0IRH4.pdb,0.88,Good (良好)
O49855.pdb,0.88,Good (良好)
Q8DVH2.pdb,0.88,Good (良好)
Q0GND8.pdb,0.88,Good (良好)
Q9U8X2.pdb,0.88,Good (良好)
Q44115.pdb,0.88,Good (良好)
Q8WPJ2.pdb,0.88,Good (良好)
P0A6I9.pdb,0.88,Good (良好)
H8ZPX1.pdb,0.88,Good (良好)
Q9VKY8.pdb,0.88,Good (良好)
D2RIQ2.pdb,0.88,Good (良好)
Q97V26.pdb,0.88,Good (良好)
Q8J0K7.pdb,0.88,Good (良好)
A0A0C5H8Q7.pdb,0.88,Good (良好)
A8QCW4.pdb,0.88,Good (良好)
Q8ZQM4.pdb,0.88,Good (良好)
Q7B8C0.pdb,0.88,Good (良好)
A0A1Z3GCD1.pdb,0.88,Good (良好)
Q8TCT0.pdb,0.88,Good (良好)
G3XD23.pdb,0.88,Good (良好)
A0A0A0K2U8.pdb,0.88,Good (良好)
Q8EMP4.pdb,0.88,Good (良好)
P24155.pdb,0.88,Good (良好)
Q6PLI2.pdb,0.88,Good (良好)
P56073.pdb,0.88,Good (良好)
Q709M0.pdb,0.88,Good (良好)
B5U8J9.pdb,0.88,Good (良好)
G2QVH7.pdb,0.88,Good (良好)
H9N290.pdb,0.88,Good (良好)
Q9T0A7.pdb,0.88,Good (良好)
Q9L9F1.pdb,0.88,Good (良好)
P22318.pdb,0.88,Good (良好)
Q42691.pdb,0.88,Good (良好)
A0A076N8Z0.pdb,0.88,Good (良好)
Q70EW6.pdb,0.88,Good (良好)
A0A0H3E2X6.pdb,0.88,Good (良好)
P60604.pdb,0.88,Good (良好)
Q8GN86.pdb,0.88,Good (良好)
Q7X480.pdb,0.88,Good (良好)
P39888.pdb,0.88,Good (良好)
B8YFX2.pdb,0.88,Good (良好)
P09601.pdb,0.88,Good (良好)
P15636.pdb,0.88,Good (良好)
O75908.pdb,0.88,Good (良好)
Q97JE4.pdb,0.88,Good (良好)
A4WMH3.pdb,0.88,Good (良好)
W8GV60.pdb,0.88,Good (良好)
P08148.pdb,0.88,Good (良好)
P51658.pdb,0.88,Good (良好)
A4YDT1.pdb,0.88,Good (良好)
X0JT48.pdb,0.88,Good (良好)
O29753.pdb,0.88,Good (良好)
Q9LIA0.pdb,0.88,Good (良好)
Q6RHX9.pdb,0.88,Good (良好)
G5DAC9.pdb,0.88,Good (良好)
G5ELM1.pdb,0.88,Good (良好)
Q46CH6.pdb,0.88,Good (良好)
P51107.pdb,0.88,Good (良好)
O34539.pdb,0.88,Good (良好)
A0A0B5L773.pdb,0.88,Good (良好)
Q4F867.pdb,0.88,Good (良好)
Q8K4Y7.pdb,0.88,Good (良好)
P31335.pdb,0.88,Good (良好)
Q72K16.pdb,0.88,Good (良好)
E5RWZ0.pdb,0.88,Good (良好)
Q4PJW3.pdb,0.88,Good (良好)
Q90W31.pdb,0.88,Good (良好)
Q5Z1T5.pdb,0.88,Good (良好)
I7A603.pdb,0.88,Good (良好)
Q12178.pdb,0.88,Good (良好)
P14324.pdb,0.88,Good (良好)
O00429.pdb,0.88,Good (良好)
Q153J0.pdb,0.88,Good (良好)
Q9ZAG3.pdb,0.88,Good (良好)
C4RA40.pdb,0.88,Good (良好)
A2QR21.pdb,0.88,Good (良好)
Q973W9.pdb,0.88,Good (良好)
Q8U1H5.pdb,0.88,Good (良好)
Q6F936.pdb,0.88,Good (良好)
B9A1J7.pdb,0.88,Good (良好)
P05804.pdb,0.88,Good (良好)
Q8L208.pdb,0.88,Good (良好)
Q6EMJ3.pdb,0.88,Good (良好)
Q4J9L0.pdb,0.88,Good (良好)
P0A433.pdb,0.88,Good (良好)
A0FHB1.pdb,0.88,Good (良好)
Q9CID5.pdb,0.88,Good (良好)
Q10469.pdb,0.88,Good (良好)
O02705.pdb,0.88,Good (良好)
P39638.pdb,0.88,Good (良好)
Q60860.pdb,0.88,Good (良好)
A0A0B4UL66.pdb,0.88,Good (良好)
Q6V0J1.pdb,0.88,Good (良好)
P52888.pdb,0.88,Good (良好)
B9MKT4.pdb,0.88,Good (良好)
P37349.pdb,0.88,Good (良好)
A0A451ENJ9.pdb,0.88,Good (良好)
Q0GND9.pdb,0.88,Good (良好)
B5ANU3.pdb,0.88,Good (良好)
B3XZQ2.pdb,0.88,Good (良好)
Q4ZV08.pdb,0.88,Good (良好)
P11964.pdb,0.88,Good (良好)
D6XZ22.pdb,0.88,Good (良好)
O00107.pdb,0.88,Good (良好)
A7KME9.pdb,0.88,Good (良好)
Q96YZ3.pdb,0.88,Good (良好)
A5Y5L5.pdb,0.88,Good (良好)
A4GXA0.pdb,0.88,Good (良好)
M4I6P1.pdb,0.88,Good (良好)
B6F143.pdb,0.88,Good (良好)
Q94734.pdb,0.88,Good (良好)
A0A0N9LQI1.pdb,0.88,Good (良好)
C0LJI8.pdb,0.88,Good (良好)
I3VE77.pdb,0.88,Good (良好)
P00336.pdb,0.88,Good (良好)
Q94515.pdb,0.88,Good (良好)
A2R4V5.pdb,0.88,Good (良好)
P9WMY3.pdb,0.88,Good (良好)
Q4CN04.pdb,0.88,Good (良好)
L0BXX7.pdb,0.88,Good (良好)
P06732.pdb,0.88,Good (良好)
Q8NRT7.pdb,0.88,Good (良好)
Q9M0B6.pdb,0.88,Good (良好)
E2E0Q4.pdb,0.88,Good (良好)
D3HTY9.pdb,0.88,Good (良好)
B6D7P2.pdb,0.88,Good (良好)
P14192.pdb,0.88,Good (良好)
Q9SMT7.pdb,0.88,Good (良好)
A0R2E2.pdb,0.88,Good (良好)
D0VYQ9.pdb,0.88,Good (良好)
O67572.pdb,0.88,Good (良好)
Q8TWU6.pdb,0.88,Good (良好)
A0A1B1NX89.pdb,0.88,Good (良好)
B1A7S3.pdb,0.88,Good (良好)
O66837.pdb,0.88,Good (良好)
I6P4V6.pdb,0.88,Good (良好)
Q2V984.pdb,0.88,Good (良好)
Q04760.pdb,0.88,Good (良好)
A0A093JNH5.pdb,0.88,Good (良好)
Q8KI79.pdb,0.88,Good (良好)
Q9YGB0.pdb,0.88,Good (良好)
A7LFK1.pdb,0.88,Good (良好)
L8B068.pdb,0.88,Good (良好)
Q9HHC4.pdb,0.88,Good (良好)
Q9BRR6.pdb,0.88,Good (良好)
A0A0D5A4L3.pdb,0.88,Good (良好)
A7U7M0.pdb,0.88,Good (良好)
Q58HF4.pdb,0.88,Good (良好)
Q9XFS9.pdb,0.88,Good (良好)
Q58HN1.pdb,0.88,Good (良好)
G5DAC7.pdb,0.88,Good (良好)
P52429.pdb,0.88,Good (良好)
U6C7K1.pdb,0.88,Good (良好)
Q6P7B9.pdb,0.88,Good (良好)
Q7WSQ7.pdb,0.88,Good (良好)
B0VH76.pdb,0.88,Good (良好)
A0A0H2UQY4.pdb,0.88,Good (良好)
A0A1L5JYH9.pdb,0.88,Good (良好)
Q97V23.pdb,0.88,Good (良好)
Q16698.pdb,0.88,Good (良好)
G0R7E2.pdb,0.88,Good (良好)
O28028.pdb,0.88,Good (良好)
P52788.pdb,0.88,Good (良好)
Q47SE5.pdb,0.88,Good (良好)
A0A0H3JT80.pdb,0.88,Good (良好)
H8WR05.pdb,0.88,Good (良好)
K9TVX3.pdb,0.88,Good (良好)
Q5EPE6.pdb,0.88,Good (良好)
O60476.pdb,0.88,Good (良好)
O97193.pdb,0.88,Good (良好)
P54071.pdb,0.88,Good (良好)
Q81K97.pdb,0.88,Good (良好)
A0A1X9ISP7.pdb,0.88,Good (良好)
Q8ZL58.pdb,0.88,Good (良好)
Q7Z2E3.pdb,0.88,Good (良好)
Q9LXC9.pdb,0.88,Good (良好)
Q01772.pdb,0.88,Good (良好)
Q7X9B3.pdb,0.88,Good (良好)
Q05KC1.pdb,0.88,Good (良好)
Q6R3F4.pdb,0.88,Good (良好)
Q92AS9.pdb,0.88,Good (良好)
P46395.pdb,0.88,Good (良好)
A0A0F6PAZ3.pdb,0.88,Good (良好)
H6LGM7.pdb,0.88,Good (良好)
O73940.pdb,0.88,Good (良好)
Q9SE00.pdb,0.88,Good (良好)
Q9HA47.pdb,0.88,Good (良好)
O60906.pdb,0.88,Good (良好)
Q8IJS1.pdb,0.88,Good (良好)
P43510.pdb,0.88,Good (良好)
P49354.pdb,0.88,Good (良好)
B7XBM0.pdb,0.88,Good (良好)
Q9A9Z2.pdb,0.88,Good (良好)
P31153.pdb,0.88,Good (良好)
Q8IXJ6.pdb,0.88,Good (良好)
Q8KLK7.pdb,0.88,Good (良好)
Q2TDY4.pdb,0.88,Good (良好)
C0H4F3.pdb,0.88,Good (良好)
O75752.pdb,0.88,Good (良好)
F2VRY7.pdb,0.88,Good (良好)
Q8N6T7.pdb,0.88,Good (良好)
P69327.pdb,0.88,Good (良好)
Q9AJF8.pdb,0.88,Good (良好)
Q84HQ2.pdb,0.88,Good (良好)
F2YP46.pdb,0.88,Good (良好)
Q700X4.pdb,0.88,Good (良好)
Q7UDT4.pdb,0.88,Good (良好)
G1JRK8.pdb,0.88,Good (良好)
Q1A7T0.pdb,0.88,Good (良好)
A0A1S6LQU3.pdb,0.88,Good (良好)
A0A068LJN3.pdb,0.88,Good (良好)
Q5AB99.pdb,0.88,Good (良好)
Q59478.pdb,0.88,Good (良好)
W8CJT2.pdb,0.88,Good (良好)
Q93XR3.pdb,0.88,Good (良好)
Q9FRT2.pdb,0.88,Good (良好)
Q9KPS1.pdb,0.88,Good (良好)
Q2KTH4.pdb,0.88,Good (良好)
Q93MQ1.pdb,0.88,Good (良好)
Q97WB7.pdb,0.88,Good (良好)
A8IJ34.pdb,0.88,Good (良好)
A0A0H3C9I3.pdb,0.88,Good (良好)
C0IRH8.pdb,0.88,Good (良好)
Q8X655.pdb,0.88,Good (良好)
D1MVE1.pdb,0.88,Good (良好)
Q3BEM2.pdb,0.88,Good (良好)
F5B9B9.pdb,0.88,Good (良好)
A0A1L2F0V9.pdb,0.88,Good (良好)
A0A1D9CEW3.pdb,0.88,Good (良好)
Q9X0F2.pdb,0.88,Good (良好)
Q709M1.pdb,0.88,Good (良好)
Q971K2.pdb,0.88,Good (良好)
A0FHA9.pdb,0.88,Good (良好)
Q8X8S5.pdb,0.88,Good (良好)
Q4JBJ3.pdb,0.88,Good (良好)
O29428.pdb,0.88,Good (良好)
E9P162.pdb,0.88,Good (良好)
Q9AXR9.pdb,0.88,Good (良好)
B5U8J8.pdb,0.88,Good (良好)
Q5DRK1.pdb,0.88,Good (良好)
Q12640.pdb,0.88,Good (良好)
A7XS03.pdb,0.88,Good (良好)
Q8H6E0.pdb,0.88,Good (良好)
Q5CYP8.pdb,0.88,Good (良好)
P61711.pdb,0.88,Good (良好)
C5XXT8.pdb,0.88,Good (良好)
B1PHD1.pdb,0.88,Good (良好)
Q4U3E8.pdb,0.88,Good (良好)
Q53688.pdb,0.88,Good (良好)
D9XDN2.pdb,0.88,Good (良好)
B6EEC1.pdb,0.88,Good (良好)
P76491.pdb,0.88,Good (良好)
Q4QE75.pdb,0.88,Good (良好)
I6YG32.pdb,0.88,Good (良好)
A0A0G3ZA16.pdb,0.88,Good (良好)
Q9D6K9.pdb,0.88,Good (良好)
A0A0M5K823.pdb,0.88,Good (良好)
B9UCR2.pdb,0.88,Good (良好)
B6D1P2.pdb,0.88,Good (良好)
Q2I6W5.pdb,0.88,Good (良好)
A0FHB2.pdb,0.88,Good (良好)
P30986.pdb,0.88,Good (良好)
P31434.pdb,0.88,Good (良好)
Q868I5.pdb,0.88,Good (良好)
D8KIT5.pdb,0.88,Good (良好)
Q9WXN1.pdb,0.88,Good (良好)
Q5E9F2.pdb,0.88,Good (良好)
Q9C7W7.pdb,0.88,Good (良好)
Q9KPS2.pdb,0.88,Good (良好)
Q9BVM4.pdb,0.88,Good (良好)
C0C0X3.pdb,0.88,Good (良好)
Q9C1S9.pdb,0.88,Good (良好)
Q5U9W0.pdb,0.88,Good (良好)
P29378.pdb,0.88,Good (良好)
Q81SL2.pdb,0.88,Good (良好)
A5F5X1.pdb,0.88,Good (良好)
Q9XEH9.pdb,0.88,Good (良好)
P92949.pdb,0.88,Good (良好)
Q5UNS1.pdb,0.88,Good (良好)
Q8TZW1.pdb,0.88,Good (良好)
B8E1U6.pdb,0.88,Good (良好)
P59846.pdb,0.88,Good (良好)
Q92SA6.pdb,0.88,Good (良好)
Q57635.pdb,0.88,Good (良好)
Q5SRI9.pdb,0.88,Good (良好)
Q9L8R8.pdb,0.88,Good (良好)
Q72I53.pdb,0.88,Good (良好)
Q8PZ67.pdb,0.88,Good (良好)
P17109.pdb,0.88,Good (良好)
Q8IJ32.pdb,0.88,Good (良好)
M9W6G9.pdb,0.88,Good (良好)
Q6ZMB0.pdb,0.88,Good (良好)
G3YE52.pdb,0.88,Good (良好)
D6MYS9.pdb,0.88,Good (良好)
Q8TCT8.pdb,0.88,Good (良好)
Q18AQ5.pdb,0.88,Good (良好)
A0A172WCE4.pdb,0.88,Good (良好)
Q29551.pdb,0.88,Good (良好)
A0A0A7H6F4.pdb,0.88,Good (良好)
O06644.pdb,0.88,Good (良好)
P30850.pdb,0.88,Good (良好)
Q2KTH2.pdb,0.88,Good (良好)
Q6PMI2.pdb,0.88,Good (良好)
W1QLN6.pdb,0.88,Good (良好)
Q9CE95.pdb,0.88,Good (良好)
P0CT87.pdb,0.88,Good (良好)
Q9V011.pdb,0.88,Good (良好)
B5LX62.pdb,0.88,Good (良好)
Q6TA39.pdb,0.88,Good (良好)
Q8N5B7.pdb,0.88,Good (良好)
Q9L816.pdb,0.88,Good (良好)
Q7QBF7.pdb,0.88,Good (良好)
B1XLK5.pdb,0.88,Good (良好)
Q93LD7.pdb,0.88,Good (良好)
Q3S2I3.pdb,0.88,Good (良好)
C0IRH6.pdb,0.88,Good (良好)
W0T4K1.pdb,0.88,Good (良好)
Q2UN98.pdb,0.88,Good (良好)
P77846.pdb,0.88,Good (良好)
B1N693.pdb,0.88,Good (良好)
Q9RWN5.pdb,0.88,Good (良好)
P47180.pdb,0.88,Good (良好)
C0IRI3.pdb,0.88,Good (良好)
A0A3T0YV60.pdb,0.88,Good (良好)
P0C0G6.pdb,0.88,Good (良好)
A0A0E4GVV3.pdb,0.88,Good (良好)
E4SDD0.pdb,0.88,Good (良好)
Q756Z6.pdb,0.88,Good (良好)
I3QNS9.pdb,0.88,Good (良好)
P28999.pdb,0.88,Good (良好)
O24319.pdb,0.88,Good (良好)
Q96553.pdb,0.88,Good (良好)
Q91ZW6.pdb,0.88,Good (良好)
A0A176VPW0.pdb,0.88,Good (良好)
Q6AW20.pdb,0.88,Good (良好)
Q1KTD9.pdb,0.88,Good (良好)
Q1W0X8.pdb,0.88,Good (良好)
H6UGW9.pdb,0.88,Good (良好)
Q91XT9.pdb,0.88,Good (良好)
B7GUP3.pdb,0.88,Good (良好)
P07203.pdb,0.88,Good (良好)
B0M3E8.pdb,0.88,Good (良好)
Q5JJ72.pdb,0.88,Good (良好)
Q9BR01.pdb,0.88,Good (良好)
C7FFK1.pdb,0.88,Good (良好)
P26935.pdb,0.88,Good (良好)
P19582.pdb,0.88,Good (良好)
Q01651.pdb,0.88,Good (良好)
Q5UB52.pdb,0.88,Good (良好)
P31939.pdb,0.88,Good (良好)
Q0C8G1.pdb,0.88,Good (良好)
A0A0S3WYP3.pdb,0.88,Good (良好)
Q8VWJ1.pdb,0.88,Good (良好)
O60825.pdb,0.88,Good (良好)
Q9FR51.pdb,0.88,Good (良好)
Q6NTF7.pdb,0.88,Good (良好)
P0A434.pdb,0.88,Good (良好)
B5MGF8.pdb,0.88,Good (良好)
J9VQN5.pdb,0.88,Good (良好)
Q58IJ6.pdb,0.88,Good (良好)
Q8MIR4.pdb,0.88,Good (良好)
O42729.pdb,0.88,Good (良好)
Q4WYG3.pdb,0.88,Good (良好)
Q9P9H4.pdb,0.88,Good (良好)
A0A0F7JI94.pdb,0.88,Good (良好)
O82521.pdb,0.88,Good (良好)
A0A0F7N1T1.pdb,0.88,Good (良好)
Q9T0N8.pdb,0.88,Good (良好)
A9WC34.pdb,0.88,Good (良好)
P41903.pdb,0.88,Good (良好)
P65388.pdb,0.88,Good (良好)
D3G6S4.pdb,0.88,Good (良好)
P09599.pdb,0.88,Good (良好)
P68175.pdb,0.88,Good (良好)
S5MK25.pdb,0.88,Good (良好)
P05618.pdb,0.88,Good (良好)
P13989.pdb,0.88,Good (良好)
O77836.pdb,0.88,Good (良好)
Q5JB56.pdb,0.88,Good (良好)
Q9HZQ8.pdb,0.88,Good (良好)
Q9UWY8.pdb,0.88,Good (良好)
P61088.pdb,0.88,Good (良好)
Q84ZW8.pdb,0.88,Good (良好)
Q4ACU7.pdb,0.88,Good (良好)
P56216.pdb,0.88,Good (良好)
O28471.pdb,0.88,Good (良好)
A0A142EHU4.pdb,0.88,Good (良好)
S4TYB2.pdb,0.88,Good (良好)
A0A0K0Q1Y2.pdb,0.88,Good (良好)
Q46E79.pdb,0.88,Good (良好)
P11955.pdb,0.88,Good (良好)
Q68HB1.pdb,0.88,Good (良好)
P36372.pdb,0.88,Good (良好)
P49459.pdb,0.88,Good (良好)
G0S9G3.pdb,0.88,Good (良好)
P96878.pdb,0.88,Good (良好)
Q0P8J8.pdb,0.88,Good (良好)
I6Z823.pdb,0.88,Good (良好)
Q97U27.pdb,0.88,Good (良好)
Q97U94.pdb,0.88,Good (良好)
M1RNN3.pdb,0.88,Good (良好)
I3QNS8.pdb,0.88,Good (良好)
Q7U4Z8.pdb,0.88,Good (良好)
G2QDB9.pdb,0.88,Good (良好)
C7F8M0.pdb,0.88,Good (良好)
Q9FHA4.pdb,0.88,Good (良好)
Q4J9K9.pdb,0.88,Good (良好)
A0A0P0W2E0.pdb,0.88,Good (良好)
O00584.pdb,0.88,Good (良好)
Q9FRV1.pdb,0.88,Good (良好)
B7FWR0.pdb,0.88,Good (良好)
Q06HA3.pdb,0.88,Good (良好)
A0A1B5G0A1.pdb,0.88,Good (良好)
Q9GQ37.pdb,0.88,Good (良好)
A8QX00.pdb,0.88,Good (良好)
Q1XHL7.pdb,0.88,Good (良好)
O48882.pdb,0.88,Good (良好)
P33198.pdb,0.88,Good (良好)
Q9C550.pdb,0.88,Good (良好)
A0A060S684.pdb,0.88,Good (良好)
D3JV03.pdb,0.88,Good (良好)
Q7B8C4.pdb,0.88,Good (良好)
A0A2H4QH72.pdb,0.88,Good (良好)
P11350.pdb,0.88,Good (良好)
Q7B8C1.pdb,0.88,Good (良好)
Q5AIA2.pdb,0.88,Good (良好)
P09917.pdb,0.88,Good (良好)
Q8NLN1.pdb,0.88,Good (良好)
Q208S4.pdb,0.88,Good (良好)
Q9CA67.pdb,0.88,Good (良好)
P07920.pdb,0.88,Good (良好)
A8CH95.pdb,0.88,Good (良好)
P00636.pdb,0.88,Good (良好)
B2ABS0.pdb,0.88,Good (良好)
A8CF74.pdb,0.88,Good (良好)
M4I787.pdb,0.88,Good (良好)
E1VA04.pdb,0.88,Good (良好)
A8QW53.pdb,0.88,Good (良好)
P52564.pdb,0.88,Good (良好)
Q9UQ49.pdb,0.88,Good (良好)
P26997.pdb,0.88,Good (良好)
Q43772.pdb,0.88,Good (良好)
A0A1L5IUR2.pdb,0.88,Good (良好)
P29350.pdb,0.88,Good (良好)
P9WK21.pdb,0.88,Good (良好)
Q0ASS9.pdb,0.88,Good (良好)
A0A1Q2U2H0.pdb,0.88,Good (良好)
J9VMM2.pdb,0.88,Good (良好)
A0A0U1QTI9.pdb,0.88,Good (良好)
E6UBR9.pdb,0.88,Good (良好)
Q5JIZ3.pdb,0.88,Good (良好)
A5A8M5.pdb,0.88,Good (良好)
D1ABU6.pdb,0.88,Good (良好)
A8QDF0.pdb,0.88,Good (良好)
Q8SAG1.pdb,0.88,Good (良好)
P37059.pdb,0.88,Good (良好)
Q19AX0.pdb,0.88,Good (良好)
O95340.pdb,0.88,Good (良好)
O95363.pdb,0.88,Good (良好)
Q5XNQ9.pdb,0.88,Good (良好)
Q9ZV40.pdb,0.88,Good (良好)
P00488.pdb,0.88,Good (良好)
A5ILB0.pdb,0.88,Good (良好)
Q7B8C2.pdb,0.88,Good (良好)
L7Z3F8.pdb,0.88,Good (良好)
Q197W1.pdb,0.88,Good (良好)
A0A0C5CE51.pdb,0.88,Good (良好)
A0A109P1X1.pdb,0.88,Good (良好)
O14678.pdb,0.88,Good (良好)
Q5APF3.pdb,0.88,Good (良好)
A0A2H5BHJ6.pdb,0.88,Good (良好)
A9BPK4.pdb,0.88,Good (良好)
A0A0M3PZA4.pdb,0.88,Good (良好)
Q93YU6.pdb,0.88,Good (良好)
Q2LC81.pdb,0.88,Good (良好)
Q5JD38.pdb,0.88,Good (良好)
Q9NWW6.pdb,0.88,Good (良好)
Q8L0X1.pdb,0.88,Good (良好)
Q602L6.pdb,0.87,Good (良好)
Q568I9.pdb,0.87,Good (良好)
W8CR80.pdb,0.87,Good (良好)
P33284.pdb,0.87,Good (良好)
Q8TBZ6.pdb,0.87,Good (良好)
O33830.pdb,0.87,Good (良好)
Q96FI4.pdb,0.87,Good (良好)
P12277.pdb,0.87,Good (良好)
H9A5F8.pdb,0.87,Good (良好)
O14717.pdb,0.87,Good (良好)
D5KS97.pdb,0.87,Good (良好)
Q19R71.pdb,0.87,Good (良好)
A4D0H5.pdb,0.87,Good (良好)
H9ZGD1.pdb,0.87,Good (良好)
O48741.pdb,0.87,Good (良好)
J9XTR7.pdb,0.87,Good (良好)
D7R812.pdb,0.87,Good (良好)
Q5NEV0.pdb,0.87,Good (良好)
S5M3K7.pdb,0.87,Good (良好)
Q9FJB4.pdb,0.87,Good (良好)
Q5YEW3.pdb,0.87,Good (良好)
Q9F9T3.pdb,0.87,Good (良好)
P61823.pdb,0.87,Good (良好)
A0A3Q1MJ30.pdb,0.87,Good (良好)
A0A2U9GGW3.pdb,0.87,Good (良好)
B8YPW8.pdb,0.87,Good (良好)
P31797.pdb,0.87,Good (良好)
Q55629.pdb,0.87,Good (良好)
Q973H4.pdb,0.87,Good (良好)
A4YGC7.pdb,0.87,Good (良好)
H2EUL5.pdb,0.87,Good (良好)
P13513.pdb,0.87,Good (良好)
Q6Q271.pdb,0.87,Good (良好)
A5YRG4.pdb,0.87,Good (良好)
B1VC16.pdb,0.87,Good (良好)
O31527.pdb,0.87,Good (良好)
C5HG86.pdb,0.87,Good (良好)
Q5UNS2.pdb,0.87,Good (良好)
O75354.pdb,0.87,Good (良好)
A4I213.pdb,0.87,Good (良好)
C0Z3X6.pdb,0.87,Good (良好)
Q92IC3.pdb,0.87,Good (良好)
Q9LMM0.pdb,0.87,Good (良好)
P19080.pdb,0.87,Good (良好)
Q9ZNB6.pdb,0.87,Good (良好)
B7VFD0.pdb,0.87,Good (良好)
P33734.pdb,0.87,Good (良好)
A0A0A7EQR3.pdb,0.87,Good (良好)
P9WQN9.pdb,0.87,Good (良好)
Q0PQY8.pdb,0.87,Good (良好)
A0A384E136.pdb,0.87,Good (良好)
Q50403.pdb,0.87,Good (良好)
Q1GBI8.pdb,0.87,Good (良好)
A4PEU6.pdb,0.87,Good (良好)
E9AWJ0.pdb,0.87,Good (良好)
C1G1C3.pdb,0.87,Good (良好)
Q387Q3.pdb,0.87,Good (良好)
Q9R0E0.pdb,0.87,Good (良好)
Q8GGG1.pdb,0.87,Good (良好)
B8NJ86.pdb,0.87,Good (良好)
Q9NX74.pdb,0.87,Good (良好)
B2MWN0.pdb,0.87,Good (良好)
X2JCV5.pdb,0.87,Good (良好)
Q6UN40.pdb,0.87,Good (良好)
P15454.pdb,0.87,Good (良好)
Q9WZ19.pdb,0.87,Good (良好)
A0A133Q8U5.pdb,0.87,Good (良好)
X0M5X0.pdb,0.87,Good (良好)
G0SGU4.pdb,0.87,Good (良好)
A5K3U9.pdb,0.87,Good (良好)
Q03NE0.pdb,0.87,Good (良好)
Q6W7J7.pdb,0.87,Good (良好)
Q8PUQ1.pdb,0.87,Good (良好)
Q5F6P7.pdb,0.87,Good (良好)
I3QNT6.pdb,0.87,Good (良好)
A0A169PW02.pdb,0.87,Good (良好)
A0A067XRK9.pdb,0.87,Good (良好)
Q0QJZ3.pdb,0.87,Good (良好)
P9WN21.pdb,0.87,Good (良好)
P06762.pdb,0.87,Good (良好)
A0A1I7MT66.pdb,0.87,Good (良好)
Q75JI3.pdb,0.87,Good (良好)
A5F5Y6.pdb,0.87,Good (良好)
B1B6U5.pdb,0.87,Good (良好)
P31941.pdb,0.87,Good (良好)
P32173.pdb,0.87,Good (良好)
A0A1R4FYB1.pdb,0.87,Good (良好)
A0A6C7EEG6.pdb,0.87,Good (良好)
A3DHT2.pdb,0.87,Good (良好)
C4TJD3.pdb,0.87,Good (良好)
P55214.pdb,0.87,Good (良好)
Q9AT27.pdb,0.87,Good (良好)
H6WSA2.pdb,0.87,Good (良好)
Q9X4Q6.pdb,0.87,Good (良好)
B0FLN6.pdb,0.87,Good (良好)
C7DRQ4.pdb,0.87,Good (良好)
Q8EEB1.pdb,0.87,Good (良好)
M1WA41.pdb,0.87,Good (良好)
M4WFN0.pdb,0.87,Good (良好)
P46925.pdb,0.87,Good (良好)
Q9KJ20.pdb,0.87,Good (良好)
Q6Q272.pdb,0.87,Good (良好)
Q55214.pdb,0.87,Good (良好)
P35028.pdb,0.87,Good (良好)
O60930.pdb,0.87,Good (良好)
P9WNX5.pdb,0.87,Good (良好)
Q7Y0K5.pdb,0.87,Good (良好)
A0A024FS29.pdb,0.87,Good (良好)
Q8U1H4.pdb,0.87,Good (良好)
B5L3F2.pdb,0.87,Good (良好)
Q5J7C6.pdb,0.87,Good (良好)
G9MBE4.pdb,0.87,Good (良好)
Q42839.pdb,0.87,Good (良好)
Q3S559.pdb,0.87,Good (良好)
P86453.pdb,0.87,Good (良好)
P21958.pdb,0.87,Good (良好)
P49427.pdb,0.87,Good (良好)
Q9ZS50.pdb,0.87,Good (良好)
P60752.pdb,0.87,Good (良好)
Q93AD3.pdb,0.87,Good (良好)
Q0GYS1.pdb,0.87,Good (良好)
G3Y8T6.pdb,0.87,Good (良好)
Q01682.pdb,0.87,Good (良好)
C9K1X5.pdb,0.87,Good (良好)
Q1A5X4.pdb,0.87,Good (良好)
Q43210.pdb,0.87,Good (良好)
B6E623.pdb,0.87,Good (良好)
Q9C5I1.pdb,0.87,Good (良好)
U5HT00.pdb,0.87,Good (良好)
M4T971.pdb,0.87,Good (良好)
Q8LNZ3.pdb,0.87,Good (良好)
Q0JYJ1.pdb,0.87,Good (良好)
Q9SDW9.pdb,0.87,Good (良好)
Q93TU6.pdb,0.87,Good (良好)
O30126.pdb,0.87,Good (良好)
A4YGF9.pdb,0.87,Good (良好)
C9E9N6.pdb,0.87,Good (良好)
A0A1C9CXI1.pdb,0.87,Good (良好)
P21980.pdb,0.87,Good (良好)
B1YBY4.pdb,0.87,Good (良好)
Q9SUG3.pdb,0.87,Good (良好)
A0A023IUM3.pdb,0.87,Good (良好)
Q3BJY5.pdb,0.87,Good (良好)
G5D7B5.pdb,0.87,Good (良好)
A2TEY6.pdb,0.87,Good (良好)
P08294.pdb,0.87,Good (良好)
Q97Z21.pdb,0.87,Good (良好)
Q924S2.pdb,0.87,Good (良好)
Q70JP0.pdb,0.87,Good (良好)
Q13547.pdb,0.87,Good (良好)
Q3KN75.pdb,0.87,Good (良好)
Q9LYT1.pdb,0.87,Good (良好)
A0A1A5VII5.pdb,0.87,Good (良好)
I3QNT0.pdb,0.87,Good (良好)
Q9N0A4.pdb,0.87,Good (良好)
A0A0U4VEK2.pdb,0.87,Good (良好)
Q7KF27.pdb,0.87,Good (良好)
P06622.pdb,0.87,Good (良好)
P09148.pdb,0.87,Good (良好)
Q76KX0.pdb,0.87,Good (良好)
P18054.pdb,0.87,Good (良好)
V5W6K5.pdb,0.87,Good (良好)
B2AAQ0.pdb,0.87,Good (良好)
P56517.pdb,0.87,Good (良好)
P9WKI7.pdb,0.87,Good (良好)
Q6UB73.pdb,0.87,Good (良好)
P22643.pdb,0.87,Good (良好)
O67203.pdb,0.87,Good (良好)
Q07510.pdb,0.87,Good (良好)
A0A223GEG1.pdb,0.87,Good (良好)
P40912.pdb,0.87,Good (良好)
O33838.pdb,0.87,Good (良好)
B9VU66.pdb,0.87,Good (良好)
O34536.pdb,0.87,Good (良好)
P23495.pdb,0.87,Good (良好)
P49245.pdb,0.87,Good (良好)
O77475.pdb,0.87,Good (良好)
Q2LC83.pdb,0.87,Good (良好)
P19139.pdb,0.87,Good (良好)
U5YTM6.pdb,0.87,Good (良好)
Q08647.pdb,0.87,Good (良好)
P15848.pdb,0.87,Good (良好)
P24481.pdb,0.87,Good (良好)
F7J663.pdb,0.87,Good (良好)
Q9SLN9.pdb,0.87,Good (良好)
Q4JBP4.pdb,0.87,Good (良好)
Q9SS45.pdb,0.87,Good (良好)
H2ESB9.pdb,0.87,Good (良好)
F2DQG9.pdb,0.87,Good (良好)
Q4U1A6.pdb,0.87,Good (良好)
Q15819.pdb,0.87,Good (良好)
P56744.pdb,0.87,Good (良好)
Q9K2V8.pdb,0.87,Good (良好)
Q9NRW3.pdb,0.87,Good (良好)
Q9S7E4.pdb,0.87,Good (良好)
E7FKF4.pdb,0.87,Good (良好)
D5HP43.pdb,0.87,Good (良好)
Q84KL3.pdb,0.87,Good (良好)
Q6YNE9.pdb,0.87,Good (良好)
P62253.pdb,0.87,Good (良好)
G0Y287.pdb,0.87,Good (良好)
O82390.pdb,0.87,Good (良好)
D8QZ31.pdb,0.87,Good (良好)
A0A3Q8S421.pdb,0.87,Good (良好)
D0C7J2.pdb,0.87,Good (良好)
Q96AK3.pdb,0.87,Good (良好)
Q8KZT5.pdb,0.87,Good (良好)
A8CF75.pdb,0.87,Good (良好)
Q16739.pdb,0.87,Good (良好)
Q5V5N6.pdb,0.87,Good (良好)
Q90WX0.pdb,0.87,Good (良好)
P09391.pdb,0.87,Good (良好)
Q57U24.pdb,0.87,Good (良好)
Q6S3E3.pdb,0.87,Good (良好)
Q47809.pdb,0.87,Good (良好)
P43478.pdb,0.87,Good (良好)
E2GHW5.pdb,0.87,Good (良好)
P14930.pdb,0.87,Good (良好)
A0A1S0QVH4.pdb,0.87,Good (良好)
P39581.pdb,0.87,Good (良好)
A9CL08.pdb,0.87,Good (良好)
Q8WVN8.pdb,0.87,Good (良好)
Q9HC16.pdb,0.87,Good (良好)
Q9UH17.pdb,0.87,Good (良好)
Q712K3.pdb,0.87,Good (良好)
Q9EPA7.pdb,0.87,Good (良好)
P10538.pdb,0.87,Good (良好)
A0ZXZ4.pdb,0.87,Good (良好)
H2ER12.pdb,0.87,Good (良好)
A5IL44.pdb,0.87,Good (良好)
Q40144.pdb,0.87,Good (良好)
O05208.pdb,0.87,Good (良好)
Q90WM1.pdb,0.87,Good (良好)
Q02759.pdb,0.87,Good (良好)
D1MX66.pdb,0.87,Good (良好)
Q0JZG9.pdb,0.87,Good (良好)
P27544.pdb,0.87,Good (良好)
A9YZX5.pdb,0.87,Good (良好)
Q9XYQ1.pdb,0.87,Good (良好)
Q6F4N4.pdb,0.87,Good (良好)
P11458.pdb,0.87,Good (良好)
X5DTB0.pdb,0.87,Good (良好)
Q81A42.pdb,0.87,Good (良好)
Q58605.pdb,0.87,Good (良好)
Q964D3.pdb,0.87,Good (良好)
P07998.pdb,0.87,Good (良好)
G3Y683.pdb,0.87,Good (良好)
P54861.pdb,0.87,Good (良好)
P50076.pdb,0.87,Good (良好)
P9WQB3.pdb,0.87,Good (良好)
A7L6C9.pdb,0.87,Good (良好)
Q0ZS22.pdb,0.87,Good (良好)
Q5AZ53.pdb,0.87,Good (良好)
Q7URP0.pdb,0.87,Good (良好)
P37661.pdb,0.87,Good (良好)
E7DDG2.pdb,0.87,Good (良好)
I3QNT4.pdb,0.87,Good (良好)
A1C3J6.pdb,0.87,Good (良好)
Q5NEQ5.pdb,0.87,Good (良好)
P9WN83.pdb,0.87,Good (良好)
Q9FFT4.pdb,0.87,Good (良好)
Q7K9G0.pdb,0.87,Good (良好)
Q5KPK7.pdb,0.87,Good (良好)
Q0WL44.pdb,0.87,Good (良好)
Q4QCW3.pdb,0.87,Good (良好)
Q4VRV8.pdb,0.87,Good (良好)
Q93RU6.pdb,0.87,Good (良好)
B3VA59.pdb,0.87,Good (良好)
C0HJ40.pdb,0.87,Good (良好)
Q2KTH1.pdb,0.87,Good (良好)
Q0GA81.pdb,0.87,Good (良好)
P50750.pdb,0.87,Good (良好)
Q63151.pdb,0.87,Good (良好)
Q1GY13.pdb,0.87,Good (良好)
C7DIA5.pdb,0.87,Good (良好)
Q96552.pdb,0.87,Good (良好)
Q9AHJ8.pdb,0.87,Good (良好)
Q9S434.pdb,0.87,Good (良好)
I3QNT2.pdb,0.87,Good (良好)
Q99KQ4.pdb,0.87,Good (良好)
Q9YDW0.pdb,0.87,Good (良好)
E7BYE4.pdb,0.87,Good (良好)
G2IQQ3.pdb,0.87,Good (良好)
P0ABN1.pdb,0.87,Good (良好)
Q4W2K6.pdb,0.87,Good (良好)
A0A451FEC8.pdb,0.87,Good (良好)
Q9CZR2.pdb,0.87,Good (良好)
B7ZF08.pdb,0.87,Good (良好)
Q9UBK8.pdb,0.87,Good (良好)
P55073.pdb,0.87,Good (良好)
I3QHK7.pdb,0.87,Good (良好)
P16068.pdb,0.87,Good (良好)
P04993.pdb,0.87,Good (良好)
Q97D83.pdb,0.87,Good (良好)
Q92947.pdb,0.87,Good (良好)
Q2SYH7.pdb,0.87,Good (良好)
A0A1S1YTI6.pdb,0.87,Good (良好)
B5ANV6.pdb,0.87,Good (良好)
Q8TQP8.pdb,0.87,Good (良好)
D5GU63.pdb,0.87,Good (良好)
Q8IEG9.pdb,0.87,Good (良好)
Q9NY33.pdb,0.87,Good (良好)
P51697.pdb,0.87,Good (良好)
Q96C86.pdb,0.87,Good (良好)
Q59495.pdb,0.87,Good (良好)
Q81X74.pdb,0.87,Good (良好)
O31526.pdb,0.87,Good (良好)
Q9LAG3.pdb,0.87,Good (良好)
A1R2C3.pdb,0.87,Good (良好)
Q9CAY3.pdb,0.87,Good (良好)
Q13057.pdb,0.87,Good (良好)
O05207.pdb,0.87,Good (良好)
P28288.pdb,0.87,Good (良好)
P09467.pdb,0.87,Good (良好)
P29022.pdb,0.87,Good (良好)
P04063.pdb,0.87,Good (良好)
Q0ZS25.pdb,0.87,Good (良好)
Q949J1.pdb,0.87,Good (良好)
A3E7Z6.pdb,0.87,Good (良好)
H9NJ43.pdb,0.87,Good (良好)
Q5AJZ3.pdb,0.87,Good (良好)
B2ZAA4.pdb,0.87,Good (良好)
D7GXG0.pdb,0.87,Good (良好)
M1PA89.pdb,0.87,Good (良好)
P19487.pdb,0.87,Good (良好)
Q93V56.pdb,0.87,Good (良好)
I3J7Q8.pdb,0.87,Good (良好)
P00634.pdb,0.87,Good (良好)
O30144.pdb,0.87,Good (良好)
Q9HH07.pdb,0.87,Good (良好)
P16243.pdb,0.87,Good (良好)
A0FHA7.pdb,0.87,Good (良好)
Q9HEM6.pdb,0.87,Good (良好)
P95231.pdb,0.87,Good (良好)
A7ZG21.pdb,0.87,Good (良好)
Q9SKX5.pdb,0.87,Good (良好)
A0A1L3GZ76.pdb,0.87,Good (良好)
I3PML9.pdb,0.87,Good (良好)
O60942.pdb,0.87,Good (良好)
C5XXT9.pdb,0.87,Good (良好)
P49017.pdb,0.87,Good (良好)
Q06124.pdb,0.87,Good (良好)
B2LME8.pdb,0.87,Good (良好)
P07524.pdb,0.87,Good (良好)
O34425.pdb,0.87,Good (良好)
P55792.pdb,0.87,Good (良好)
P00750.pdb,0.87,Good (良好)
Q9LD80.pdb,0.87,Good (良好)
D2DMF3.pdb,0.87,Good (良好)
Q58043.pdb,0.87,Good (良好)
Q13093.pdb,0.87,Good (良好)
B0B758.pdb,0.87,Good (良好)
Q94AX4.pdb,0.87,Good (良好)
P63146.pdb,0.87,Good (良好)
P42676.pdb,0.87,Good (良好)
Q83ZD0.pdb,0.87,Good (良好)
Q9SN58.pdb,0.87,Good (良好)
A0A385TZ63.pdb,0.87,Good (良好)
Q4QEZ7.pdb,0.87,Good (良好)
A0A1S6LQU9.pdb,0.87,Good (良好)
Q90WM0.pdb,0.87,Good (良好)
Q8KLV4.pdb,0.87,Good (良好)
Q8C9A2.pdb,0.87,Good (良好)
Q6IWZ0.pdb,0.87,Good (良好)
A0A059Q746.pdb,0.87,Good (良好)
B5SU85.pdb,0.87,Good (良好)
A8D930.pdb,0.87,Good (良好)
E2JA32.pdb,0.87,Good (良好)
A2R1N3.pdb,0.87,Good (良好)
I7CKJ5.pdb,0.87,Good (良好)
P50294.pdb,0.87,Good (良好)
O52646.pdb,0.87,Good (良好)
P19531.pdb,0.87,Good (良好)
P23711.pdb,0.87,Good (良好)
O51799.pdb,0.87,Good (良好)
A0A0H3GCV8.pdb,0.87,Good (良好)
P27545.pdb,0.86,Good (良好)
O35303.pdb,0.86,Good (良好)
Q006P9.pdb,0.86,Good (良好)
Q9SBJ1.pdb,0.86,Good (良好)
P15807.pdb,0.86,Good (良好)
Q9FL33.pdb,0.86,Good (良好)
Q9LLY4.pdb,0.86,Good (良好)
O34714.pdb,0.86,Good (良好)
A9KT32.pdb,0.86,Good (良好)
O34360.pdb,0.86,Good (良好)
Q6T1W6.pdb,0.86,Good (良好)
Q7X0P2.pdb,0.86,Good (良好)
Q84KL6.pdb,0.86,Good (良好)
C0LA90.pdb,0.86,Good (良好)
P12931.pdb,0.86,Good (良好)
Q12R32.pdb,0.86,Good (良好)
A1BPG9.pdb,0.86,Good (良好)
Q8KXD2.pdb,0.86,Good (良好)
Q9HLD0.pdb,0.86,Good (良好)
P34754.pdb,0.86,Good (良好)
P31013.pdb,0.86,Good (良好)
O35776.pdb,0.86,Good (良好)
Q4W1X2.pdb,0.86,Good (良好)
Q9LFG7.pdb,0.86,Good (良好)
A0A2L0E8U4.pdb,0.86,Good (良好)
A9YZY0.pdb,0.86,Good (良好)
B9K760.pdb,0.86,Good (良好)
Q1H8W8.pdb,0.86,Good (良好)
P22674.pdb,0.86,Good (良好)
B6SZW0.pdb,0.86,Good (良好)
Q9K5E4.pdb,0.86,Good (良好)
A0A290U7B6.pdb,0.86,Good (良好)
Q9RLV9.pdb,0.86,Good (良好)
F1M5N4.pdb,0.86,Good (良好)
D0VP31.pdb,0.86,Good (良好)
Q59977.pdb,0.86,Good (良好)
O80458.pdb,0.86,Good (良好)
P11275.pdb,0.86,Good (良好)
A0A2Z6IAJ2.pdb,0.86,Good (良好)
P22894.pdb,0.86,Good (良好)
A2GH85.pdb,0.86,Good (良好)
A0A0B5GQL6.pdb,0.86,Good (良好)
Q6FBP5.pdb,0.86,Good (良好)
P0A9G6.pdb,0.86,Good (良好)
B0F411.pdb,0.86,Good (良好)
P35790.pdb,0.86,Good (良好)
Q969A8.pdb,0.86,Good (良好)
P31658.pdb,0.86,Good (良好)
A0A172EJV6.pdb,0.86,Good (良好)
Q99832.pdb,0.86,Good (良好)
A5JZ19.pdb,0.86,Good (良好)
A0A0H2ZHZ8.pdb,0.86,Good (良好)
Q53I75.pdb,0.86,Good (良好)
Q5W9U0.pdb,0.86,Good (良好)
Q9FN52.pdb,0.86,Good (良好)
B5BSV2.pdb,0.86,Good (良好)
D9TIY8.pdb,0.86,Good (良好)
A7GXH2.pdb,0.86,Good (良好)
A0A2I6STS0.pdb,0.86,Good (良好)
Q8LB01.pdb,0.86,Good (良好)
Q4W7T3.pdb,0.86,Good (良好)
A0A3S5HJL9.pdb,0.86,Good (良好)
Q9YE85.pdb,0.86,Good (良好)
Q9YF05.pdb,0.86,Good (良好)
D3DIA1.pdb,0.86,Good (良好)
Q6SSE0.pdb,0.86,Good (良好)
A0A078H868.pdb,0.86,Good (良好)
H8F9Y0.pdb,0.86,Good (良好)
Q8AAK9.pdb,0.86,Good (良好)
A0A059SVJ4.pdb,0.86,Good (良好)
Q9NS00.pdb,0.86,Good (良好)
Q8YWM0.pdb,0.86,Good (良好)
Q82L49.pdb,0.86,Good (良好)
Q9GV45.pdb,0.86,Good (良好)
Q93V61.pdb,0.86,Good (良好)
Q95V75.pdb,0.86,Good (良好)
Q52QH3.pdb,0.86,Good (良好)
Q9HTE3.pdb,0.86,Good (良好)
P07335.pdb,0.86,Good (良好)
Q9AXU4.pdb,0.86,Good (良好)
A0A1D5VHV8.pdb,0.86,Good (良好)
Q46CH5.pdb,0.86,Good (良好)
A3F9M7.pdb,0.86,Good (良好)
Q04585.pdb,0.86,Good (良好)
Q0JB48.pdb,0.86,Good (良好)
Q643C8.pdb,0.86,Good (良好)
A0A150CP14.pdb,0.86,Good (良好)
P35510.pdb,0.86,Good (良好)
Q14AZ4.pdb,0.86,Good (良好)
Q8IL11.pdb,0.86,Good (良好)
P04824.pdb,0.86,Good (良好)
B4XC07.pdb,0.86,Good (良好)
Q6ST23.pdb,0.86,Good (良好)
O95674.pdb,0.86,Good (良好)
Q16875.pdb,0.86,Good (良好)
B1PHD2.pdb,0.86,Good (良好)
F6KV61.pdb,0.86,Good (良好)
Q9LIS3.pdb,0.86,Good (良好)
C8CCV9.pdb,0.86,Good (良好)
A0A090KI56.pdb,0.86,Good (良好)
A8QX04.pdb,0.86,Good (良好)
P50554.pdb,0.86,Good (良好)
P04718.pdb,0.86,Good (良好)
O02827.pdb,0.86,Good (良好)
P04830.pdb,0.86,Good (良好)
I6NC69.pdb,0.86,Good (良好)
Q5UVY7.pdb,0.86,Good (良好)
Q8I2B1.pdb,0.86,Good (良好)
P28496.pdb,0.86,Good (良好)
P22352.pdb,0.86,Good (良好)
G7J7Q5.pdb,0.86,Good (良好)
P35511.pdb,0.86,Good (良好)
C0JBW5.pdb,0.86,Good (良好)
Q14EH6.pdb,0.86,Good (良好)
O59248.pdb,0.86,Good (良好)
H1AE12.pdb,0.86,Good (良好)
U3U715.pdb,0.86,Good (良好)
A8DPS4.pdb,0.86,Good (良好)
A7LBQ4.pdb,0.86,Good (良好)
A0A2U8LMQ1.pdb,0.86,Good (良好)
A0A6P3CW87.pdb,0.86,Good (良好)
Q9Y2J8.pdb,0.86,Good (良好)
Q8RQQ0.pdb,0.86,Good (良好)
Q96286.pdb,0.86,Good (良好)
G0XZD8.pdb,0.86,Good (良好)
E1V913.pdb,0.86,Good (良好)
Q16222.pdb,0.86,Good (良好)
Q56265.pdb,0.86,Good (良好)
Q9ZV87.pdb,0.86,Good (良好)
H5ZXI1.pdb,0.86,Good (良好)
Q83WC4.pdb,0.86,Good (良好)
T2M2J4.pdb,0.86,Good (良好)
Q9FLW2.pdb,0.86,Good (良好)
Q3HW35.pdb,0.86,Good (良好)
Q9BYG0.pdb,0.86,Good (良好)
D9I0I9.pdb,0.86,Good (良好)
P00690.pdb,0.86,Good (良好)
A0A0U2LZJ6.pdb,0.86,Good (良好)
B6V6V5.pdb,0.86,Good (良好)
A0A1R1AUM9.pdb,0.86,Good (良好)
Q0GYS2.pdb,0.86,Good (良好)
B2LWN3.pdb,0.86,Good (良好)
G5ELA4.pdb,0.86,Good (良好)
P78356.pdb,0.86,Good (良好)
A0A2T4C4X5.pdb,0.86,Good (良好)
A0A1S2XQM1.pdb,0.86,Good (良好)
Q12062.pdb,0.86,Good (良好)
P38218.pdb,0.86,Good (良好)
A0A2U9N624.pdb,0.86,Good (良好)
Q96VP5.pdb,0.86,Good (良好)
P00439.pdb,0.86,Good (良好)
Q9Z2D1.pdb,0.86,Good (良好)
Q9UQM7.pdb,0.86,Good (良好)
Q8NFF5.pdb,0.86,Good (良好)
A0EJ12.pdb,0.86,Good (良好)
P04179.pdb,0.86,Good (良好)
O64816.pdb,0.86,Good (良好)
A0A168GPR3.pdb,0.86,Good (良好)
P41227.pdb,0.86,Good (良好)
P17706.pdb,0.86,Good (良好)
Q8C2W3.pdb,0.86,Good (良好)
P32783.pdb,0.86,Good (良好)
P25098.pdb,0.86,Good (良好)
A0A1D8EJG8.pdb,0.86,Good (良好)
P9WIU7.pdb,0.86,Good (良好)
Q58584.pdb,0.86,Good (良好)
A0A0X9PFK4.pdb,0.86,Good (良好)
P9WI71.pdb,0.86,Good (良好)
A0A0X9FVC0.pdb,0.86,Good (良好)
A0NLY7.pdb,0.86,Good (良好)
Q60I38.pdb,0.86,Good (良好)
P51688.pdb,0.86,Good (良好)
B0LS89.pdb,0.86,Good (良好)
A0A069AW73.pdb,0.86,Good (良好)
C7G3B8.pdb,0.86,Good (良好)
A7LB47.pdb,0.86,Good (良好)
P75713.pdb,0.86,Good (良好)
E7DXB6.pdb,0.86,Good (良好)
O64903.pdb,0.86,Good (良好)
J7GQ11.pdb,0.86,Good (良好)
P54419.pdb,0.86,Good (良好)
A5HZ59.pdb,0.86,Good (良好)
W1Q801.pdb,0.86,Good (良好)
A7E948.pdb,0.86,Good (良好)
C0WZ89.pdb,0.86,Good (良好)
Q764C1.pdb,0.86,Good (良好)
Q97YI8.pdb,0.86,Good (良好)
A8J4Z8.pdb,0.86,Good (良好)
P22033.pdb,0.86,Good (良好)
R4NNL0.pdb,0.86,Good (良好)
Q9NWM0.pdb,0.86,Good (良好)
P11411.pdb,0.86,Good (良好)
A0A0W1QGK2.pdb,0.86,Good (良好)
P15334.pdb,0.86,Good (良好)
O32223.pdb,0.86,Good (良好)
P50613.pdb,0.86,Good (良好)
P56528.pdb,0.86,Good (良好)
P36370.pdb,0.86,Good (良好)
V5TD11.pdb,0.86,Good (良好)
P00654.pdb,0.86,Good (良好)
Q9RME2.pdb,0.86,Good (良好)
Q7WSJ4.pdb,0.86,Good (良好)
Q8N159.pdb,0.86,Good (良好)
P55211.pdb,0.86,Good (良好)
Q0QFQ7.pdb,0.86,Good (良好)
Q9A5I5.pdb,0.86,Good (良好)
Q04119.pdb,0.86,Good (良好)
Q2WCS9.pdb,0.86,Good (良好)
Q8ST54.pdb,0.86,Good (良好)
Q2U4P3.pdb,0.86,Good (良好)
P43490.pdb,0.86,Good (良好)
Q4ZH57.pdb,0.86,Good (良好)
W8QRE4.pdb,0.86,Good (良好)
X5DQW0.pdb,0.86,Good (良好)
A0A1B1FUW4.pdb,0.86,Good (良好)
O54804.pdb,0.86,Good (良好)
O50123.pdb,0.86,Good (良好)
Q9ULW8.pdb,0.86,Good (良好)
A0A3T0KHC6.pdb,0.86,Good (良好)
O50325.pdb,0.86,Good (良好)
L0CM48.pdb,0.86,Good (良好)
A4XHV7.pdb,0.86,Good (良好)
O00085.pdb,0.86,Good (良好)
A0A2U9Q8M3.pdb,0.86,Good (良好)
H9CWQ0.pdb,0.86,Good (良好)
B8YM30.pdb,0.86,Good (良好)
A8C927.pdb,0.86,Good (良好)
Q4KCY5.pdb,0.86,Good (良好)
A0A0C5QH30.pdb,0.86,Good (良好)
A0A2U8LMQ3.pdb,0.86,Good (良好)
Q5GKZ7.pdb,0.86,Good (良好)
G7YVB4.pdb,0.86,Good (良好)
P07987.pdb,0.86,Good (良好)
Q8K4Q7.pdb,0.86,Good (良好)
P48439.pdb,0.86,Good (良好)
P74468.pdb,0.86,Good (良好)
Q8GQE7.pdb,0.86,Good (良好)
P0ABJ9.pdb,0.86,Good (良好)
O14556.pdb,0.86,Good (良好)
Q9ZVL6.pdb,0.86,Good (良好)
Q5JIY7.pdb,0.86,Good (良好)
L0N7M7.pdb,0.86,Good (良好)
O80437.pdb,0.86,Good (良好)
Q4E4E1.pdb,0.86,Good (良好)
D3Y5L6.pdb,0.86,Good (良好)
Q8NCH0.pdb,0.86,Good (良好)
Q46920.pdb,0.86,Good (良好)
C5YCD6.pdb,0.86,Good (良好)
A8PUY5.pdb,0.86,Good (良好)
C4M4T4.pdb,0.86,Good (良好)
Q8H191.pdb,0.86,Good (良好)
Q9HK10.pdb,0.86,Good (良好)
A0A0M3VGH5.pdb,0.86,Good (良好)
Q6QD76.pdb,0.86,Good (良好)
P07762.pdb,0.86,Good (良好)
Q9BYT8.pdb,0.86,Good (良好)
O66680.pdb,0.86,Good (良好)
Q75WV3.pdb,0.86,Good (良好)
P14555.pdb,0.86,Good (良好)
P21643.pdb,0.86,Good (良好)
Q4KXC9.pdb,0.86,Good (良好)
Q9LVM4.pdb,0.86,Good (良好)
C0LL35.pdb,0.86,Good (良好)
Q5JH57.pdb,0.86,Good (良好)
A0A0C5GWS2.pdb,0.86,Good (良好)
Q9WYJ4.pdb,0.86,Good (良好)
O93634.pdb,0.86,Good (良好)
Q1PE48.pdb,0.86,Good (良好)
P45725.pdb,0.86,Good (良好)
Q988D3.pdb,0.86,Good (良好)
Q6RHY1.pdb,0.86,Good (良好)
D2RTP2.pdb,0.86,Good (良好)
O53444.pdb,0.86,Good (良好)
B0CN28.pdb,0.86,Good (良好)
F1CMY8.pdb,0.86,Good (良好)
P35610.pdb,0.86,Good (良好)
J9PXA2.pdb,0.86,Good (良好)
W8V7X4.pdb,0.86,Good (良好)
O58001.pdb,0.86,Good (良好)
D0QU16.pdb,0.86,Good (良好)
Q6ZXJ1.pdb,0.86,Good (良好)
Q9VL76.pdb,0.86,Good (良好)
H2N0D4.pdb,0.86,Good (良好)
Q4GZD1.pdb,0.86,Good (良好)
Q8VI95.pdb,0.86,Good (良好)
Q9D2R0.pdb,0.86,Good (良好)
B2VFD8.pdb,0.86,Good (良好)
P14769.pdb,0.86,Good (良好)
P21146.pdb,0.86,Good (良好)
Q3LGA9.pdb,0.86,Good (良好)
Q47QL8.pdb,0.86,Good (良好)
Q9RMM4.pdb,0.86,Good (良好)
B4Y0U2.pdb,0.86,Good (良好)
Q79ZT3.pdb,0.86,Good (良好)
Q8GRC8.pdb,0.86,Good (良好)
Q8BH86.pdb,0.86,Good (良好)
Q08IT1.pdb,0.86,Good (良好)
D2SZY5.pdb,0.86,Good (良好)
P83788.pdb,0.86,Good (良好)
P50264.pdb,0.86,Good (良好)
P06279.pdb,0.86,Good (良好)
Q8A8X4.pdb,0.86,Good (良好)
Q45QT1.pdb,0.86,Good (良好)
Q8N8M0.pdb,0.86,Good (良好)
A0A3S5YA89.pdb,0.86,Good (良好)
M1RFK9.pdb,0.86,Good (良好)
G3LI08.pdb,0.86,Good (良好)
B8K2W7.pdb,0.86,Good (良好)
P9WQ77.pdb,0.86,Good (良好)
F6HB41.pdb,0.86,Good (良好)
Q8GQP8.pdb,0.86,Good (良好)
Q2URT3.pdb,0.86,Good (良好)
Q949Y3.pdb,0.86,Good (良好)
A0A168GPQ3.pdb,0.86,Good (良好)
O58235.pdb,0.86,Good (良好)
P33677.pdb,0.86,Good (良好)
P32750.pdb,0.86,Good (良好)
Q21KE5.pdb,0.86,Good (良好)
A3RLW7.pdb,0.86,Good (良好)
A0A291I5R3.pdb,0.86,Good (良好)
K5BJH8.pdb,0.86,Good (良好)
O59072.pdb,0.86,Good (良好)
O70582.pdb,0.86,Good (良好)
J9VFF7.pdb,0.86,Good (良好)
A3C4S4.pdb,0.86,Good (良好)
B9WNA0.pdb,0.86,Good (良好)
A3R0T9.pdb,0.86,Good (良好)
Q07560.pdb,0.86,Good (良好)
Q9KJ22.pdb,0.86,Good (良好)
Q6Z3Y3.pdb,0.85,Good (良好)
P07872.pdb,0.85,Good (良好)
P72145.pdb,0.85,Good (良好)
P0A0C1.pdb,0.85,Good (良好)
X5IDD2.pdb,0.85,Good (良好)
Q8YWS9.pdb,0.85,Good (良好)
B6EKJ5.pdb,0.85,Good (良好)
Q25C77.pdb,0.85,Good (良好)
Q84CU3.pdb,0.85,Good (良好)
Q9A9H3.pdb,0.85,Good (良好)
A0A0H3AFW5.pdb,0.85,Good (良好)
O95453.pdb,0.85,Good (良好)
A7RDD3.pdb,0.85,Good (良好)
D2KWC2.pdb,0.85,Good (良好)
Q9RM92.pdb,0.85,Good (良好)
Q9AI65.pdb,0.85,Good (良好)
Q29495.pdb,0.85,Good (良好)
P35218.pdb,0.85,Good (良好)
P44886.pdb,0.85,Good (良好)
Q43445.pdb,0.85,Good (良好)
A0A3Q1MVP2.pdb,0.85,Good (良好)
Q08548.pdb,0.85,Good (良好)
Q8IFU8.pdb,0.85,Good (良好)
A6LGF6.pdb,0.85,Good (良好)
Q2FUA9.pdb,0.85,Good (良好)
Q9HHB0.pdb,0.85,Good (良好)
Q15382.pdb,0.85,Good (良好)
Q6GIL8.pdb,0.85,Good (良好)
Q883P5.pdb,0.85,Good (良好)
Q0ZS26.pdb,0.85,Good (良好)
P27338.pdb,0.85,Good (良好)
I2CMF9.pdb,0.85,Good (良好)
Q68SL7.pdb,0.85,Good (良好)
A0A0M4MCX5.pdb,0.85,Good (良好)
B5U990.pdb,0.85,Good (良好)
Q8IEX1.pdb,0.85,Good (良好)
F2VRZ0.pdb,0.85,Good (良好)
Q9S762.pdb,0.85,Good (良好)
P80313.pdb,0.85,Good (良好)
O42713.pdb,0.85,Good (良好)
Q50754.pdb,0.85,Good (良好)
Q9UBJ2.pdb,0.85,Good (良好)
Q61847.pdb,0.85,Good (良好)
P9WG45.pdb,0.85,Good (良好)
Q03084.pdb,0.85,Good (良好)
Q8IIB7.pdb,0.85,Good (良好)
P29562.pdb,0.85,Good (良好)
A2TLM3.pdb,0.85,Good (良好)
A0A345K402.pdb,0.85,Good (良好)
C2F9L5.pdb,0.85,Good (良好)
Q76KA8.pdb,0.85,Good (良好)
B7VF77.pdb,0.85,Good (良好)
B6EPH0.pdb,0.85,Good (良好)
O00219.pdb,0.85,Good (良好)
Q9AVQ1.pdb,0.85,Good (良好)
Q8VU79.pdb,0.85,Good (良好)
Q5AAR6.pdb,0.85,Good (良好)
Q1XIQ9.pdb,0.85,Good (良好)
Q9XYQ5.pdb,0.85,Good (良好)
Q3AEU2.pdb,0.85,Good (良好)
Q890D8.pdb,0.85,Good (良好)
P95868.pdb,0.85,Good (良好)
Q47KB1.pdb,0.85,Good (良好)
P21396.pdb,0.85,Good (良好)
K0EFJ2.pdb,0.85,Good (良好)
F8U969.pdb,0.85,Good (良好)
Q5XIF5.pdb,0.85,Good (良好)
Q6TEC1.pdb,0.85,Good (良好)
C0L3S4.pdb,0.85,Good (良好)
B0B744.pdb,0.85,Good (良好)
I4DST8.pdb,0.85,Good (良好)
Q84VZ1.pdb,0.85,Good (良好)
P04176.pdb,0.85,Good (良好)
Q96UT7.pdb,0.85,Good (良好)
O83023.pdb,0.85,Good (良好)
O32323.pdb,0.85,Good (良好)
A0A4D6BQ82.pdb,0.85,Good (良好)
P61136.pdb,0.85,Good (良好)
F2KPY9.pdb,0.85,Good (良好)
Q92769.pdb,0.85,Good (良好)
E9URP8.pdb,0.85,Good (良好)
Q56839.pdb,0.85,Good (良好)
P28826.pdb,0.85,Good (良好)
Q9ZSA2.pdb,0.85,Good (良好)
Q6Z1Y6.pdb,0.85,Good (良好)
B5U983.pdb,0.85,Good (良好)
U3MJP5.pdb,0.85,Good (良好)
B5U8J7.pdb,0.85,Good (良好)
W0C1H2.pdb,0.85,Good (良好)
O25176.pdb,0.85,Good (良好)
A0R109.pdb,0.85,Good (良好)
Q9HBK9.pdb,0.85,Good (良好)
F4YTG7.pdb,0.85,Good (良好)
Q9W1L5.pdb,0.85,Good (良好)
Q95V76.pdb,0.85,Good (良好)
D2T083.pdb,0.85,Good (良好)
P06547.pdb,0.85,Good (良好)
P45984.pdb,0.85,Good (良好)
P24040.pdb,0.85,Good (良好)
P33316.pdb,0.85,Good (良好)
A0A0H3JPH0.pdb,0.85,Good (良好)
Q8A916.pdb,0.85,Good (良好)
Q93PS9.pdb,0.85,Good (良好)
Q8ZNC4.pdb,0.85,Good (良好)
Q8RHM6.pdb,0.85,Good (良好)
O08841.pdb,0.85,Good (良好)
P97207.pdb,0.85,Good (良好)
Q2WEC6.pdb,0.85,Good (良好)
B2AVF1.pdb,0.85,Good (良好)
B9E972.pdb,0.85,Good (良好)
A0A0M4S9Q1.pdb,0.85,Good (良好)
Q12009.pdb,0.85,Good (良好)
Q12211.pdb,0.85,Good (良好)
O42783.pdb,0.85,Good (良好)
A0A3R5WSX8.pdb,0.85,Good (良好)
Q7LX99.pdb,0.85,Good (良好)
Q8CH92.pdb,0.85,Good (良好)
Q6RH62.pdb,0.85,Good (良好)
P26817.pdb,0.85,Good (良好)
Q49422.pdb,0.85,Good (良好)
Q9X2A8.pdb,0.85,Good (良好)
Q2QXY1.pdb,0.85,Good (良好)
Q9SDY2.pdb,0.85,Good (良好)
O70138.pdb,0.85,Good (良好)
A6N8C1.pdb,0.85,Good (良好)
Q92819.pdb,0.85,Good (良好)
P27793.pdb,0.85,Good (良好)
Q71E77.pdb,0.85,Good (良好)
Q9JHX6.pdb,0.85,Good (良好)
P11935.pdb,0.85,Good (良好)
Q72GT2.pdb,0.85,Good (良好)
Q18AQ6.pdb,0.85,Good (良好)
Q93HU3.pdb,0.85,Good (良好)
Q58247.pdb,0.85,Good (良好)
P0A776.pdb,0.85,Good (良好)
A0A0X9E4F6.pdb,0.85,Good (良好)
A0A1J4N453.pdb,0.85,Good (良好)
J9RYI6.pdb,0.85,Good (良好)
Q9L3J2.pdb,0.85,Good (良好)
Q9SN86.pdb,0.85,Good (良好)
P80491.pdb,0.85,Good (良好)
G2IKE5.pdb,0.85,Good (良好)
Q6J213.pdb,0.85,Good (良好)
P9WPP9.pdb,0.85,Good (良好)
Q33DR0.pdb,0.85,Good (良好)
A0A023J5W7.pdb,0.85,Good (良好)
D9IWR7.pdb,0.85,Good (良好)
P36667.pdb,0.85,Good (良好)
P07059.pdb,0.85,Good (良好)
P17888.pdb,0.85,Good (良好)
Q8GR22.pdb,0.85,Good (良好)
O22213.pdb,0.85,Good (良好)
Q07009.pdb,0.85,Good (良好)
P16442.pdb,0.85,Good (良好)
Q52TE7.pdb,0.85,Good (良好)
A4Q8H0.pdb,0.85,Good (良好)
A0A2Z5VGL1.pdb,0.85,Good (良好)
B3TLA6.pdb,0.85,Good (良好)
Q7SIB5.pdb,0.85,Good (良好)
F2XG10.pdb,0.85,Good (良好)
U6C6H1.pdb,0.85,Good (良好)
Q9GPP8.pdb,0.85,Good (良好)
Q13404.pdb,0.85,Good (良好)
P0ABK9.pdb,0.85,Good (良好)
B1ZU21.pdb,0.85,Good (良好)
Q9ER34.pdb,0.85,Good (良好)
Q9H999.pdb,0.85,Good (良好)
Q8YNV6.pdb,0.85,Good (良好)
Q8NT73.pdb,0.85,Good (良好)
Q7UIS7.pdb,0.85,Good (良好)
Q9LIK9.pdb,0.85,Good (良好)
Q4WCM9.pdb,0.85,Good (良好)
Q5L868.pdb,0.85,Good (良好)
Q9DBK0.pdb,0.85,Good (良好)
Q6WZB4.pdb,0.85,Good (良好)
O00154.pdb,0.85,Good (良好)
P41814.pdb,0.85,Good (良好)
P24133.pdb,0.85,Good (良好)
P18266.pdb,0.85,Good (良好)
A0A1B1MQM8.pdb,0.85,Good (良好)
P37064.pdb,0.85,Good (良好)
L0ECT7.pdb,0.85,Good (良好)
P48775.pdb,0.85,Good (良好)
O53223.pdb,0.85,Good (良好)
D2D5G4.pdb,0.85,Good (良好)
Q42588.pdb,0.85,Good (良好)
A0A3B6UEP6.pdb,0.85,Good (良好)
Q93NG1.pdb,0.85,Good (良好)
A0A1D5YL35.pdb,0.85,Good (良好)
M1QZ44.pdb,0.85,Good (良好)
Q8W471.pdb,0.85,Good (良好)
B4FFJ0.pdb,0.85,Good (良好)
Q8J0S3.pdb,0.85,Good (良好)
P19265.pdb,0.85,Good (良好)
Q27J91.pdb,0.85,Good (良好)
Q16851.pdb,0.85,Good (良好)
D8IS59.pdb,0.85,Good (良好)
Q3YAW3.pdb,0.85,Good (良好)
F9VPH0.pdb,0.85,Good (良好)
O44750.pdb,0.85,Good (良好)
Q4CVA1.pdb,0.85,Good (良好)
G3FBL1.pdb,0.85,Good (良好)
Q9MTQ6.pdb,0.85,Good (良好)
Q9NSD9.pdb,0.85,Good (良好)
H5ZXI0.pdb,0.85,Good (良好)
Q9SXL5.pdb,0.85,Good (良好)
Q57430.pdb,0.85,Good (良好)
B0JDP9.pdb,0.85,Good (良好)
Q9Y9L0.pdb,0.85,Good (良好)
C7TMK0.pdb,0.85,Good (良好)
Q8U3K2.pdb,0.85,Good (良好)
P15639.pdb,0.85,Good (良好)
Q97YG7.pdb,0.85,Good (良好)
Q401L5.pdb,0.85,Good (良好)
B8PUQ5.pdb,0.85,Good (良好)
A8QYL0.pdb,0.85,Good (良好)
A0A0M3KL46.pdb,0.85,Good (良好)
A8N2G5.pdb,0.85,Good (良好)
Q70GL3.pdb,0.85,Good (良好)
Q99321.pdb,0.85,Good (良好)
Q9CA40.pdb,0.85,Good (良好)
P32009.pdb,0.85,Good (良好)
A0A0H3FP92.pdb,0.85,Good (良好)
A8CF65.pdb,0.85,Good (良好)
Q8DT52.pdb,0.85,Good (良好)
Q10LH0.pdb,0.85,Good (良好)
A0A0N7E7X2.pdb,0.85,Good (良好)
A0A0H3WG62.pdb,0.85,Good (良好)
A0PM49.pdb,0.85,Good (良好)
P17989.pdb,0.85,Good (良好)
A9BHI9.pdb,0.85,Good (良好)
D7NPL0.pdb,0.85,Good (良好)
A0A144QFN1.pdb,0.85,Good (良好)
A5LHX0.pdb,0.85,Good (良好)
Q5DM89.pdb,0.85,Good (良好)
A9X3M0.pdb,0.85,Good (良好)
Q54735.pdb,0.85,Good (良好)
Q7K237.pdb,0.85,Good (良好)
Q7X479.pdb,0.85,Good (良好)
Q9ALS9.pdb,0.85,Good (良好)
A8CH91.pdb,0.85,Good (良好)
Q84EK3.pdb,0.85,Good (良好)
Q4Q0M0.pdb,0.85,Good (良好)
A0A2D3HJ61.pdb,0.85,Good (良好)
O97020.pdb,0.85,Good (良好)
B2B629.pdb,0.85,Good (良好)
E5RP65.pdb,0.85,Good (良好)
Q50EL0.pdb,0.85,Good (良好)
Q6DND9.pdb,0.85,Good (良好)
Q60FX1.pdb,0.85,Good (良好)
Q8VY26.pdb,0.85,Good (良好)
Q7Z0T2.pdb,0.85,Good (良好)
A6XP71.pdb,0.85,Good (良好)
B9VTP5.pdb,0.85,Good (良好)
P0AGJ9.pdb,0.85,Good (良好)
Q5NTE5.pdb,0.85,Good (良好)
A6Q1E0.pdb,0.85,Good (良好)
P54493.pdb,0.85,Good (良好)
Q0KB75.pdb,0.85,Good (良好)
B5LXD7.pdb,0.85,Good (良好)
P28607.pdb,0.85,Good (良好)
Q5G1U0.pdb,0.85,Good (良好)
C7EW69.pdb,0.85,Good (良好)
B5DFD5.pdb,0.85,Good (良好)
P52278.pdb,0.85,Good (良好)
F7J5X4.pdb,0.85,Good (良好)
P33897.pdb,0.85,Good (良好)
Q9UJA5.pdb,0.85,Good (良好)
O15111.pdb,0.85,Good (良好)
A3FJ49.pdb,0.85,Good (良好)
A2ICH1.pdb,0.85,Good (良好)
S7ZRR2.pdb,0.85,Good (良好)
O34767.pdb,0.85,Good (良好)
A7LCL0.pdb,0.85,Good (良好)
Q97YX6.pdb,0.85,Good (良好)
E3TBJ3.pdb,0.85,Good (良好)
P71875.pdb,0.85,Good (良好)
Q9UM07.pdb,0.85,Good (良好)
C9K502.pdb,0.85,Good (良好)
O57935.pdb,0.85,Good (良好)
P36371.pdb,0.85,Good (良好)
D7GJ95.pdb,0.85,Good (良好)
Q9QT64.pdb,0.85,Good (良好)
Q6PHW0.pdb,0.85,Good (良好)
P29000.pdb,0.85,Good (良好)
B7XCV4.pdb,0.85,Good (良好)
A0A0H2WVX4.pdb,0.85,Good (良好)
Q81PP9.pdb,0.85,Good (良好)
D5LLN7.pdb,0.85,Good (良好)
B2ZFM0.pdb,0.85,Good (良好)
D5L1S4.pdb,0.85,Good (良好)
G4XUJ8.pdb,0.85,Good (良好)
Q9Y223.pdb,0.85,Good (良好)
Q16134.pdb,0.85,Good (良好)
Q15181.pdb,0.85,Good (良好)
O24297.pdb,0.85,Good (良好)
Q2WE96.pdb,0.85,Good (良好)
P0A6H8.pdb,0.85,Good (良好)
Q2G8F3.pdb,0.85,Good (良好)
Q9SL43.pdb,0.85,Good (良好)
O35002.pdb,0.85,Good (良好)
P31749.pdb,0.85,Good (良好)
J4X756.pdb,0.85,Good (良好)
Q9UBX1.pdb,0.85,Good (良好)
A1YQE2.pdb,0.85,Good (良好)
Q27J90.pdb,0.85,Good (良好)
Q8S8S2.pdb,0.85,Good (良好)
P32752.pdb,0.85,Good (良好)
Q05514.pdb,0.85,Good (良好)
Q5JFG9.pdb,0.85,Good (良好)
O14920.pdb,0.85,Good (良好)
Q30NV2.pdb,0.85,Good (良好)
C7EX18.pdb,0.84,Good (良好)
O60551.pdb,0.84,Good (良好)
Q9RN59.pdb,0.84,Good (良好)
C7ACH5.pdb,0.84,Good (良好)
I3RJK8.pdb,0.84,Good (良好)
B8YJM2.pdb,0.84,Good (良好)
Q6Q8A5.pdb,0.84,Good (良好)
Q9AGJ6.pdb,0.84,Good (良好)
Q8X999.pdb,0.84,Good (良好)
W1QKE8.pdb,0.84,Good (良好)
Q94F00.pdb,0.84,Good (良好)
A0A0B2V3X6.pdb,0.84,Good (良好)
A0A076N4W8.pdb,0.84,Good (良好)
P9WI83.pdb,0.84,Good (良好)
Q3HTM1.pdb,0.84,Good (良好)
V5NQ89.pdb,0.84,Good (良好)
D3YGV3.pdb,0.84,Good (良好)
P23830.pdb,0.84,Good (良好)
B2ZXX8.pdb,0.84,Good (良好)
Q8RSQ2.pdb,0.84,Good (良好)
O70310.pdb,0.84,Good (良好)
W5FUB4.pdb,0.84,Good (良好)
Q8NHU3.pdb,0.84,Good (良好)
P40566.pdb,0.84,Good (良好)
Q05509.pdb,0.84,Good (良好)
U3PAU3.pdb,0.84,Good (良好)
Q8KHZ8.pdb,0.84,Good (良好)
W5FJN8.pdb,0.84,Good (良好)
Q8T1C6.pdb,0.84,Good (良好)
P0A853.pdb,0.84,Good (良好)
Q94JM2.pdb,0.84,Good (良好)
I2DBY1.pdb,0.84,Good (良好)
O52552.pdb,0.84,Good (良好)
Q71KM3.pdb,0.84,Good (良好)
D8V3F2.pdb,0.84,Good (良好)
G5EDH7.pdb,0.84,Good (良好)
A0A1B1Y7V0.pdb,0.84,Good (良好)
A0A1J1EM40.pdb,0.84,Good (良好)
P29728.pdb,0.84,Good (良好)
B3IXL6.pdb,0.84,Good (良好)
P26443.pdb,0.84,Good (良好)
P39898.pdb,0.84,Good (良好)
Q9HKW6.pdb,0.84,Good (良好)
B7ZF10.pdb,0.84,Good (良好)
P11353.pdb,0.84,Good (良好)
Q6WUB6.pdb,0.84,Good (良好)
Q8W000.pdb,0.84,Good (良好)
Q6XK23.pdb,0.84,Good (良好)
Q45NB3.pdb,0.84,Good (良好)
Q6NPM8.pdb,0.84,Good (良好)
B1WSS6.pdb,0.84,Good (良好)
Q9I234.pdb,0.84,Good (良好)
A1JMA5.pdb,0.84,Good (良好)
A9CEJ9.pdb,0.84,Good (良好)
D2DK62.pdb,0.84,Good (良好)
K4HYB0.pdb,0.84,Good (良好)
D5LNE5.pdb,0.84,Good (良好)
A0A1L1YPD7.pdb,0.84,Good (良好)
Q969X2.pdb,0.84,Good (良好)
A1RDD3.pdb,0.84,Good (良好)
E7CYQ0.pdb,0.84,Good (良好)
A0A165QBG6.pdb,0.84,Good (良好)
A0A1Z2RWY4.pdb,0.84,Good (良好)
Q19R72.pdb,0.84,Good (良好)
Q8GXV5.pdb,0.84,Good (良好)
Q8NBP7.pdb,0.84,Good (良好)
Q9SU56.pdb,0.84,Good (良好)
L7VQ35.pdb,0.84,Good (良好)
Q8TFL9.pdb,0.84,Good (良好)
A0A0H3LLR0.pdb,0.84,Good (良好)
P46959.pdb,0.84,Good (良好)
Q3L8N0.pdb,0.84,Good (良好)
Q6F4D7.pdb,0.84,Good (良好)
A0A221LFZ6.pdb,0.84,Good (良好)
P00740.pdb,0.84,Good (良好)
Q9LA16.pdb,0.84,Good (良好)
F1CMX0.pdb,0.84,Good (良好)
Q8I2J3.pdb,0.84,Good (良好)
Q9M6R6.pdb,0.84,Good (良好)
Q6RET7.pdb,0.84,Good (良好)
E7EF85.pdb,0.84,Good (良好)
D0IZN8.pdb,0.84,Good (良好)
Q53U15.pdb,0.84,Good (良好)
Q16774.pdb,0.84,Good (良好)
Q9SC14.pdb,0.84,Good (良好)
F8U971.pdb,0.84,Good (良好)
Q16654.pdb,0.84,Good (良好)
P15289.pdb,0.84,Good (良好)
B5L363.pdb,0.84,Good (良好)
P36553.pdb,0.84,Good (良好)
B5A8W5.pdb,0.84,Good (良好)
A3UT33.pdb,0.84,Good (良好)
Q8WZK8.pdb,0.84,Good (良好)
P10537.pdb,0.84,Good (良好)
P12955.pdb,0.84,Good (良好)
G3YAL0.pdb,0.84,Good (良好)
P73495.pdb,0.84,Good (良好)
O59925.pdb,0.84,Good (良好)
Q8WNR3.pdb,0.84,Good (良好)
Q8W5G9.pdb,0.84,Good (良好)
Q5XPV2.pdb,0.84,Good (良好)
A7YBX0.pdb,0.84,Good (良好)
Q9YFY3.pdb,0.84,Good (良好)
A0A0F7YYA5.pdb,0.84,Good (良好)
D1ZHN6.pdb,0.84,Good (良好)
Q6XK24.pdb,0.84,Good (良好)
A0A380NDK1.pdb,0.84,Good (良好)
Q9H832.pdb,0.84,Good (良好)
P23616.pdb,0.84,Good (良好)
Q3HUR2.pdb,0.84,Good (良好)
Q9QXN5.pdb,0.84,Good (良好)
Q8VI97.pdb,0.84,Good (良好)
Q8X268.pdb,0.84,Good (良好)
Q8CH93.pdb,0.84,Good (良好)
B4YQU1.pdb,0.84,Good (良好)
Q8L8A9.pdb,0.84,Good (良好)
A7LBQ5.pdb,0.84,Good (良好)
A0A2R4K332.pdb,0.84,Good (良好)
O23179.pdb,0.84,Good (良好)
A8BWM5.pdb,0.84,Good (良好)
Q91Y74.pdb,0.84,Good (良好)
A0A1B1X3I2.pdb,0.84,Good (良好)
F8WSQ2.pdb,0.84,Good (良好)
A7AW73.pdb,0.84,Good (良好)
Q84HH6.pdb,0.84,Good (良好)
Q0CQ16.pdb,0.84,Good (良好)
Q13555.pdb,0.84,Good (良好)
B2XVS9.pdb,0.84,Good (良好)
I7FDJ2.pdb,0.84,Good (良好)
K4P5F3.pdb,0.84,Good (良好)
Q7XJM2.pdb,0.84,Good (良好)
P10719.pdb,0.84,Good (良好)
B9RK42.pdb,0.84,Good (良好)
Q9AW95.pdb,0.84,Good (良好)
Q95PT6.pdb,0.84,Good (良好)
Q6TA03.pdb,0.84,Good (良好)
B3VS85.pdb,0.84,Good (良好)
Q4J6E1.pdb,0.84,Good (良好)
Q3BS04.pdb,0.84,Good (良好)
Q90495.pdb,0.84,Good (良好)
P77690.pdb,0.84,Good (良好)
P52700.pdb,0.84,Good (良好)
M4I1C6.pdb,0.84,Good (良好)
A0A286R847.pdb,0.84,Good (良好)
P0CS93.pdb,0.84,Good (良好)
Q9CAF2.pdb,0.84,Good (良好)
Q08891.pdb,0.84,Good (良好)
Q1WR93.pdb,0.84,Good (良好)
A0A2H4PJM7.pdb,0.84,Good (良好)
G5EDR5.pdb,0.84,Good (良好)
A0A2Z5J5J9.pdb,0.84,Good (良好)
P09960.pdb,0.84,Good (良好)
Q82IZ1.pdb,0.84,Good (良好)
Q70KY3.pdb,0.84,Good (良好)
A0A0E3JDD8.pdb,0.84,Good (良好)
P03956.pdb,0.84,Good (良好)
Q75PK7.pdb,0.84,Good (良好)
Q585M6.pdb,0.84,Good (良好)
Q55FE6.pdb,0.84,Good (良好)
B9MPC3.pdb,0.84,Good (良好)
Q03774.pdb,0.84,Good (良好)
O60882.pdb,0.84,Good (良好)
Q32TF5.pdb,0.84,Good (良好)
Q84V83.pdb,0.84,Good (良好)
C7ZKN4.pdb,0.84,Good (良好)
P81428.pdb,0.84,Good (良好)
Q1H537.pdb,0.84,Good (良好)
Q8L831.pdb,0.84,Good (良好)
P62368.pdb,0.84,Good (良好)
G4NAP4.pdb,0.84,Good (良好)
O43252.pdb,0.84,Good (良好)
P72848.pdb,0.84,Good (良好)
A2TBB4.pdb,0.84,Good (良好)
Q9Z6D6.pdb,0.84,Good (良好)
Q09790.pdb,0.84,Good (良好)
B4FJN0.pdb,0.84,Good (良好)
A8BT09.pdb,0.84,Good (良好)
Q9WZP2.pdb,0.84,Good (良好)
Q16763.pdb,0.84,Good (良好)
C5HDG5.pdb,0.84,Good (良好)
Q7M181.pdb,0.84,Good (良好)
Q9KIF2.pdb,0.84,Good (良好)
B5L6N2.pdb,0.84,Good (良好)
A0A110AZ24.pdb,0.84,Good (良好)
Q58P26.pdb,0.84,Good (良好)
P47924.pdb,0.84,Good (良好)
O18767.pdb,0.84,Good (良好)
B3Y6D3.pdb,0.84,Good (良好)
A0SWS3.pdb,0.84,Good (良好)
A0A0M4N5N7.pdb,0.84,Good (良好)
Q9STD9.pdb,0.84,Good (良好)
Q8RL87.pdb,0.84,Good (良好)
E5FGC5.pdb,0.84,Good (良好)
P49366.pdb,0.84,Good (良好)
P08709.pdb,0.84,Good (良好)
Q9SFU3.pdb,0.84,Good (良好)
Q9NR34.pdb,0.84,Good (良好)
A0A1Z2QRE2.pdb,0.84,Good (良好)
Q4Q1I9.pdb,0.84,Good (良好)
Q9FQ07.pdb,0.84,Good (良好)
P26315.pdb,0.84,Good (良好)
A0A140CWW4.pdb,0.84,Good (良好)
P38703.pdb,0.84,Good (良好)
Q9SI64.pdb,0.84,Good (良好)
P77215.pdb,0.84,Good (良好)
O66223.pdb,0.84,Good (良好)
Q06755.pdb,0.84,Good (良好)
K9JTB0.pdb,0.84,Good (良好)
A0A3S6IVW5.pdb,0.84,Good (良好)
Q46079.pdb,0.84,Good (良好)
P00751.pdb,0.84,Good (良好)
Q41510.pdb,0.84,Good (良好)
Q97ZS7.pdb,0.84,Good (良好)
Q8ZHG8.pdb,0.84,Good (良好)
E0X6R4.pdb,0.84,Good (良好)
Q3LS17.pdb,0.84,Good (良好)
Q82K30.pdb,0.84,Good (良好)
Q0P7I5.pdb,0.84,Good (良好)
P32356.pdb,0.84,Good (良好)
D5HRC1.pdb,0.84,Good (良好)
I3QNS7.pdb,0.84,Good (良好)
P48567.pdb,0.84,Good (良好)
Q2RAP0.pdb,0.84,Good (良好)
Q96YK1.pdb,0.84,Good (良好)
H8YHP4.pdb,0.84,Good (良好)
A0A1J4YSL8.pdb,0.84,Good (良好)
A1A5H8.pdb,0.84,Good (良好)
B2IZG6.pdb,0.84,Good (良好)
T1WFD0.pdb,0.84,Good (良好)
B9VTP0.pdb,0.84,Good (良好)
Q9SUW4.pdb,0.84,Good (良好)
A0A482EWM9.pdb,0.84,Good (良好)
F8WSQ4.pdb,0.84,Good (良好)
A0A0K2SQZ9.pdb,0.84,Good (良好)
Q711P7.pdb,0.84,Good (良好)
Q8RXG3.pdb,0.84,Good (良好)
P36897.pdb,0.84,Good (良好)
E6UIS7.pdb,0.84,Good (良好)
Q8IUX4.pdb,0.84,Good (良好)
Q49HN0.pdb,0.84,Good (良好)
Q5FMT1.pdb,0.84,Good (良好)
Q0K9H3.pdb,0.84,Good (良好)
A0A089QAB6.pdb,0.84,Good (良好)
Q4JQJ3.pdb,0.84,Good (良好)
V5QZ74.pdb,0.84,Good (良好)
Q94KE3.pdb,0.84,Good (良好)
K4P7S0.pdb,0.84,Good (良好)
A0A3G9FT71.pdb,0.83,Good (良好)
P15586.pdb,0.83,Good (良好)
C4PKL2.pdb,0.83,Good (良好)
Q9I4G8.pdb,0.83,Good (良好)
D6QSX9.pdb,0.83,Good (良好)
P27680.pdb,0.83,Good (良好)
B4E9I9.pdb,0.83,Good (良好)
Q6DRK7.pdb,0.83,Good (良好)
P32422.pdb,0.83,Good (良好)
G1UBD1.pdb,0.83,Good (良好)
Q9SEX2.pdb,0.83,Good (良好)
Q9F150.pdb,0.83,Good (良好)
F0ZJZ1.pdb,0.83,Good (良好)
P9WN45.pdb,0.83,Good (良好)
P00973.pdb,0.83,Good (良好)
P0ABK2.pdb,0.83,Good (良好)
C4PKL4.pdb,0.83,Good (良好)
O80952.pdb,0.83,Good (良好)
Q6KBS7.pdb,0.83,Good (良好)
P30419.pdb,0.83,Good (良好)
Q66GI4.pdb,0.83,Good (良好)
P11569.pdb,0.83,Good (良好)
B7SY86.pdb,0.83,Good (良好)
Q81EK9.pdb,0.83,Good (良好)
Q5S260.pdb,0.83,Good (良好)
A0A1S6XWY4.pdb,0.83,Good (良好)
B8E1T1.pdb,0.83,Good (良好)
B1N2P3.pdb,0.83,Good (良好)
O50490.pdb,0.83,Good (良好)
Q14749.pdb,0.83,Good (良好)
Q8KT80.pdb,0.83,Good (良好)
P13650.pdb,0.83,Good (良好)
Q02497.pdb,0.83,Good (良好)
Q9RTB7.pdb,0.83,Good (良好)
Q9DBL9.pdb,0.83,Good (良好)
Q9HTZ1.pdb,0.83,Good (良好)
O47881.pdb,0.83,Good (良好)
Q44493.pdb,0.83,Good (良好)
Q8RBF4.pdb,0.83,Good (良好)
Q4QC75.pdb,0.83,Good (良好)
D0MEP1.pdb,0.83,Good (良好)
Q7SID3.pdb,0.83,Good (良好)
P42575.pdb,0.83,Good (良好)
Q73QH2.pdb,0.83,Good (良好)
Q97VS7.pdb,0.83,Good (良好)
Q9ZGH0.pdb,0.83,Good (良好)
Q10M74.pdb,0.83,Good (良好)
O23180.pdb,0.83,Good (良好)
P55329.pdb,0.83,Good (良好)
A0A0F6N3N1.pdb,0.83,Good (良好)
O69787.pdb,0.83,Good (良好)
Q94JV5.pdb,0.83,Good (良好)
A0A0E3SSZ6.pdb,0.83,Good (良好)
P21890.pdb,0.83,Good (良好)
B3LF83.pdb,0.83,Good (良好)
Q94C06.pdb,0.83,Good (良好)
A0A1B1LZ58.pdb,0.83,Good (良好)
Q9UGB7.pdb,0.83,Good (良好)
Q5EU90.pdb,0.83,Good (良好)
A8CEP1.pdb,0.83,Good (良好)
Q6BE01.pdb,0.83,Good (良好)
Q46893.pdb,0.83,Good (良好)
W5ZSQ6.pdb,0.83,Good (良好)
Q9FA01.pdb,0.83,Good (良好)
P07861.pdb,0.83,Good (良好)
F1CMX6.pdb,0.83,Good (良好)
Q65XK0.pdb,0.83,Good (良好)
C4PKK9.pdb,0.83,Good (良好)
Q06703.pdb,0.83,Good (良好)
J7K6M3.pdb,0.83,Good (良好)
P10860.pdb,0.83,Good (良好)
Q92839.pdb,0.83,Good (良好)
Q87W57.pdb,0.83,Good (良好)
D5LNB5.pdb,0.83,Good (良好)
E3PRJ4.pdb,0.83,Good (良好)
E1A0Z9.pdb,0.83,Good (良好)
P37107.pdb,0.83,Good (良好)
Q9FNA2.pdb,0.83,Good (良好)
Q9SJQ0.pdb,0.83,Good (良好)
Q8P6Z9.pdb,0.83,Good (良好)
Q96I15.pdb,0.83,Good (良好)
P09383.pdb,0.83,Good (良好)
S5FU55.pdb,0.83,Good (良好)
I2CMG0.pdb,0.83,Good (良好)
Q5I7J0.pdb,0.83,Good (良好)
Q9AKS9.pdb,0.83,Good (良好)
Q8WN98.pdb,0.83,Good (良好)
J9R912.pdb,0.83,Good (良好)
P95619.pdb,0.83,Good (良好)
O02623.pdb,0.83,Good (良好)
A8IKQ0.pdb,0.83,Good (良好)
Q60856.pdb,0.83,Good (良好)
P28327.pdb,0.83,Good (良好)
C7GP37.pdb,0.83,Good (良好)
P00860.pdb,0.83,Good (良好)
Q8NF37.pdb,0.83,Good (良好)
P14655.pdb,0.83,Good (良好)
Q02108.pdb,0.83,Good (良好)
Q9XFX3.pdb,0.83,Good (良好)
Q96DE0.pdb,0.83,Good (良好)
A0A286S200.pdb,0.83,Good (良好)
Q8R173.pdb,0.83,Good (良好)
Q9Z2A5.pdb,0.83,Good (良好)
Q1EPR4.pdb,0.83,Good (良好)
A7UGD9.pdb,0.83,Good (良好)
Q59VG6.pdb,0.83,Good (良好)
Q9C920.pdb,0.83,Good (良好)
B1B6T1.pdb,0.83,Good (良好)
P16954.pdb,0.83,Good (良好)
Q41428.pdb,0.83,Good (良好)
B2VCC3.pdb,0.83,Good (良好)
Q03220.pdb,0.83,Good (良好)
Q6NYC1.pdb,0.83,Good (良好)
P47058.pdb,0.83,Good (良好)
Q48154.pdb,0.83,Good (良好)
Q8RHX8.pdb,0.83,Good (良好)
R9VY83.pdb,0.83,Good (良好)
A9S014.pdb,0.83,Good (良好)
Q9NSU2.pdb,0.83,Good (良好)
Q96B02.pdb,0.83,Good (良好)
O54857.pdb,0.83,Good (良好)
Q63159.pdb,0.83,Good (良好)
Q9UWU1.pdb,0.83,Good (良好)
O31272.pdb,0.83,Good (良好)
Q53692.pdb,0.83,Good (良好)
D8X181.pdb,0.83,Good (良好)
Q93ZQ3.pdb,0.83,Good (良好)
A8W7J6.pdb,0.83,Good (良好)
Q07422.pdb,0.83,Good (良好)
I6QS85.pdb,0.83,Good (良好)
O81893.pdb,0.83,Good (良好)
Q5KYQ3.pdb,0.83,Good (良好)
P40025.pdb,0.83,Good (良好)
Q969S2.pdb,0.83,Good (良好)
G5DDB2.pdb,0.83,Good (良好)
Q55949.pdb,0.83,Good (良好)
P9WM67.pdb,0.83,Good (良好)
P32099.pdb,0.83,Good (良好)
D4HRL0.pdb,0.83,Good (良好)
U2ZU49.pdb,0.83,Good (良好)
Q5A6L6.pdb,0.83,Good (良好)
P45983.pdb,0.83,Good (良好)
Q8T381.pdb,0.83,Good (良好)
G1EHI3.pdb,0.83,Good (良好)
Q8TUE6.pdb,0.83,Good (良好)
P36218.pdb,0.83,Good (良好)
A0A094XEM2.pdb,0.83,Good (良好)
A3F8V2.pdb,0.83,Good (良好)
D3DIA3.pdb,0.83,Good (良好)
E0X6R2.pdb,0.83,Good (良好)
P21170.pdb,0.83,Good (良好)
Q9RLB8.pdb,0.83,Good (良好)
Q8R1K1.pdb,0.83,Good (良好)
Q12362.pdb,0.83,Good (良好)
C4PKL6.pdb,0.83,Good (良好)
Q6BCL3.pdb,0.83,Good (良好)
R9UHL6.pdb,0.83,Good (良好)
G0S5Z5.pdb,0.83,Good (良好)
I2D0K8.pdb,0.83,Good (良好)
A0A077YGC3.pdb,0.83,Good (良好)
P93836.pdb,0.83,Good (良好)
Q84LM4.pdb,0.83,Good (良好)
Q9FUZ2.pdb,0.83,Good (良好)
Q9GT49.pdb,0.83,Good (良好)
P90648.pdb,0.83,Good (良好)
Q82T88.pdb,0.83,Good (良好)
D2J363.pdb,0.83,Good (良好)
P13988.pdb,0.83,Good (良好)
E2IHC5.pdb,0.83,Good (良好)
A4I2Z3.pdb,0.83,Good (良好)
Q9UNP4.pdb,0.83,Good (良好)
P72181.pdb,0.83,Good (良好)
Q45NB2.pdb,0.83,Good (良好)
B8HEC1.pdb,0.83,Good (良好)
Q93J76.pdb,0.83,Good (良好)
Q9YBF1.pdb,0.83,Good (良好)
P00366.pdb,0.83,Good (良好)
Q97YC2.pdb,0.83,Good (良好)
A9TLP4.pdb,0.83,Good (良好)
O23141.pdb,0.83,Good (良好)
Q0PB95.pdb,0.83,Good (良好)
Q8IWU9.pdb,0.83,Good (良好)
Q50402.pdb,0.83,Good (良好)
A0A286PT85.pdb,0.83,Good (良好)
P86181.pdb,0.83,Good (良好)
Q57580.pdb,0.83,Good (良好)
A0A1S6LQX4.pdb,0.83,Good (良好)
P53973.pdb,0.83,Good (良好)
Q4UDC3.pdb,0.83,Good (良好)
P06634.pdb,0.83,Good (良好)
P19687.pdb,0.83,Good (良好)
P39669.pdb,0.83,Good (良好)
A0A1L9P8I4.pdb,0.83,Good (良好)
A3F8Z8.pdb,0.83,Good (良好)
P95547.pdb,0.83,Good (良好)
P56817.pdb,0.83,Good (良好)
I0GZ55.pdb,0.83,Good (良好)
A8NS89.pdb,0.83,Good (良好)
Q10Q09.pdb,0.83,Good (良好)
A0A384J5R9.pdb,0.83,Good (良好)
O81985.pdb,0.83,Good (良好)
O75792.pdb,0.83,Good (良好)
P09057.pdb,0.83,Good (良好)
P13255.pdb,0.83,Good (良好)
D9MZ14.pdb,0.83,Good (良好)
S5ZIP8.pdb,0.82,Good (良好)
C7AU21.pdb,0.82,Good (良好)
P33300.pdb,0.82,Good (良好)
B8JMZ1.pdb,0.82,Good (良好)
Q06K28.pdb,0.82,Good (良好)
Q6Z4G3.pdb,0.82,Good (良好)
P74165.pdb,0.82,Good (良好)
Q9M9V6.pdb,0.82,Good (良好)
F5BWX4.pdb,0.82,Good (良好)
D3DIA2.pdb,0.82,Good (良好)
Q8QG87.pdb,0.82,Good (良好)
H2JEN2.pdb,0.82,Good (良好)
Q9JLI6.pdb,0.82,Good (良好)
Q6JHV2.pdb,0.82,Good (良好)
P48025.pdb,0.82,Good (良好)
B7GTV0.pdb,0.82,Good (良好)
A4XJ56.pdb,0.82,Good (良好)
Q54TD0.pdb,0.82,Good (良好)
O05576.pdb,0.82,Good (良好)
B5G555.pdb,0.82,Good (良好)
O81030.pdb,0.82,Good (良好)
Q6QHT8.pdb,0.82,Good (良好)
P43099.pdb,0.82,Good (良好)
Q12052.pdb,0.82,Good (良好)
Q9C6Z2.pdb,0.82,Good (良好)
E0SDR9.pdb,0.82,Good (良好)
G0T3B3.pdb,0.82,Good (良好)
I4DXK5.pdb,0.82,Good (良好)
O29876.pdb,0.82,Good (良好)
Q64428.pdb,0.82,Good (良好)
Q9HWS0.pdb,0.82,Good (良好)
Q84C08.pdb,0.82,Good (良好)
Q8AYR3.pdb,0.82,Good (良好)
A3DJL8.pdb,0.82,Good (良好)
Q8TPU4.pdb,0.82,Good (良好)
A0A2H4PJM2.pdb,0.82,Good (良好)
L8B3Z6.pdb,0.82,Good (良好)
P53350.pdb,0.82,Good (良好)
Q7WSN5.pdb,0.82,Good (良好)
O60989.pdb,0.82,Good (良好)
C7FF04.pdb,0.82,Good (良好)
Q8ZXY6.pdb,0.82,Good (良好)
Q1IZQ3.pdb,0.82,Good (良好)
A0R2E6.pdb,0.82,Good (良好)
P39900.pdb,0.82,Good (良好)
P63239.pdb,0.82,Good (良好)
W8VNI6.pdb,0.82,Good (良好)
V5IPE4.pdb,0.82,Good (良好)
A0A089FQH5.pdb,0.82,Good (良好)
Q9K2N0.pdb,0.82,Good (良好)
P27986.pdb,0.82,Good (良好)
Q7X3G5.pdb,0.82,Good (良好)
Q9QY93.pdb,0.82,Good (良好)
Q9Z5P8.pdb,0.82,Good (良好)
Q95158.pdb,0.82,Good (良好)
Q9NTG7.pdb,0.82,Good (良好)
P73322.pdb,0.82,Good (良好)
A6XP72.pdb,0.82,Good (良好)
D5MTT1.pdb,0.82,Good (良好)
Q56VN6.pdb,0.82,Good (良好)
Q7MUW6.pdb,0.82,Good (良好)
Q9HU72.pdb,0.82,Good (良好)
Q9AFG9.pdb,0.82,Good (良好)
T2A6Y2.pdb,0.82,Good (良好)
P22319.pdb,0.82,Good (良好)
Q94JQ4.pdb,0.82,Good (良好)
P38287.pdb,0.82,Good (良好)
G4VV60.pdb,0.82,Good (良好)
Q02750.pdb,0.82,Good (良好)
P12625.pdb,0.82,Good (良好)
Q94C05.pdb,0.82,Good (良好)
Q8ZNF9.pdb,0.82,Good (良好)
G2IQQ4.pdb,0.82,Good (良好)
A0A3B6UEQ6.pdb,0.82,Good (良好)
Q7WST1.pdb,0.82,Good (良好)
B7GPC7.pdb,0.82,Good (良好)
O67432.pdb,0.82,Good (良好)
G2QHR7.pdb,0.82,Good (良好)
Q5TBB1.pdb,0.82,Good (良好)
A4UU36.pdb,0.82,Good (良好)
A3FQA5.pdb,0.82,Good (良好)
P97364.pdb,0.82,Good (良好)
Q42536.pdb,0.82,Good (良好)
Q9TTF5.pdb,0.82,Good (良好)
S5UGW5.pdb,0.82,Good (良好)
P28796.pdb,0.82,Good (良好)
Q93X45.pdb,0.82,Good (良好)
O81082.pdb,0.82,Good (良好)
P36107.pdb,0.82,Good (良好)
Q9AQT8.pdb,0.82,Good (良好)
P21218.pdb,0.82,Good (良好)
H6WET3.pdb,0.82,Good (良好)
Q8KN04.pdb,0.82,Good (良好)
A0A1A9GS29.pdb,0.82,Good (良好)
Q86VZ5.pdb,0.82,Good (良好)
U6A8H3.pdb,0.82,Good (良好)
A7KS54.pdb,0.82,Good (良好)
A8D2K7.pdb,0.82,Good (良好)
A0A0S3TVE8.pdb,0.82,Good (良好)
Q16820.pdb,0.82,Good (良好)
Q13557.pdb,0.82,Good (良好)
Q54J94.pdb,0.82,Good (良好)
Q96RR1.pdb,0.82,Good (良好)
K1QT40.pdb,0.82,Good (良好)
Q00XA5.pdb,0.82,Good (良好)
A0A077JGG8.pdb,0.82,Good (良好)
Q8S337.pdb,0.82,Good (良好)
A8I7F7.pdb,0.82,Good (良好)
G8XQN2.pdb,0.82,Good (良好)
P08196.pdb,0.82,Good (良好)
Q9FWQ2.pdb,0.82,Good (良好)
Q91WC9.pdb,0.82,Good (良好)
C0LTQ2.pdb,0.82,Good (良好)
P26819.pdb,0.82,Good (良好)
C4TGF1.pdb,0.82,Good (良好)
O28603.pdb,0.82,Good (良好)
Q9A613.pdb,0.82,Good (良好)
O58049.pdb,0.82,Good (良好)
P25323.pdb,0.82,Good (良好)
P09237.pdb,0.82,Good (良好)
Q9QXN4.pdb,0.82,Good (良好)
K4BS77.pdb,0.82,Good (良好)
D2D3B2.pdb,0.82,Good (良好)
O68609.pdb,0.82,Good (良好)
P17119.pdb,0.82,Good (良好)
Q9C8W3.pdb,0.82,Good (良好)
Q9ERM3.pdb,0.82,Good (良好)
Q9XUS5.pdb,0.82,Good (良好)
F4JKB6.pdb,0.82,Good (良好)
Q8VWZ6.pdb,0.82,Good (良好)
Q9SR43.pdb,0.82,Good (良好)
A4PIB0.pdb,0.82,Good (良好)
A0A2P1G1K5.pdb,0.82,Good (良好)
P53759.pdb,0.82,Good (良好)
Q9SWH5.pdb,0.82,Good (良好)
A7LCN3.pdb,0.82,Good (良好)
Q845T0.pdb,0.82,Good (良好)
F5HPR7.pdb,0.82,Good (良好)
A7WNU1.pdb,0.82,Good (良好)
P34947.pdb,0.82,Good (良好)
Q0P9D3.pdb,0.82,Good (良好)
Q58439.pdb,0.82,Good (良好)
Q9BZQ4.pdb,0.82,Good (良好)
A1SCS9.pdb,0.82,Good (良好)
Q4KCL8.pdb,0.82,Good (良好)
A0A1U7Z3Y9.pdb,0.82,Good (良好)
O09175.pdb,0.82,Good (良好)
Q53765.pdb,0.82,Good (良好)
A4UU35.pdb,0.82,Good (良好)
Q83UF3.pdb,0.82,Good (良好)
Q6UFW4.pdb,0.82,Good (良好)
Q9JJH5.pdb,0.82,Good (良好)
Q8GNT2.pdb,0.82,Good (良好)
Q2U7S5.pdb,0.82,Good (良好)
A0A161IUT7.pdb,0.82,Good (良好)
A0A0P0IZM9.pdb,0.82,Good (良好)
P23219.pdb,0.82,Good (良好)
A0A127JBT0.pdb,0.82,Good (良好)
I1MSF2.pdb,0.82,Good (良好)
Q9XFX4.pdb,0.82,Good (良好)
A0A0U2US60.pdb,0.82,Good (良好)
H6LGM8.pdb,0.82,Good (良好)
P40345.pdb,0.82,Good (良好)
Q7UXY8.pdb,0.82,Good (良好)
Q63065.pdb,0.82,Good (良好)
O64765.pdb,0.82,Good (良好)
Q9HBH1.pdb,0.82,Good (良好)
O15269.pdb,0.82,Good (良好)
G7X8S6.pdb,0.82,Good (良好)
Q9SM44.pdb,0.82,Good (良好)
Q0J290.pdb,0.82,Good (良好)
Q8H979.pdb,0.82,Good (良好)
K9NKH3.pdb,0.82,Good (良好)
M4TL26.pdb,0.82,Good (良好)
C4PAW8.pdb,0.82,Good (良好)
F8WSQ0.pdb,0.82,Good (良好)
Q2U9Z9.pdb,0.82,Good (良好)
Q8IXK2.pdb,0.82,Good (良好)
Q4KMI8.pdb,0.82,Good (良好)
O22975.pdb,0.82,Good (良好)
V9PQZ7.pdb,0.82,Good (良好)
A4UU34.pdb,0.82,Good (良好)
P30431.pdb,0.82,Good (良好)
Q2VPS1.pdb,0.82,Good (良好)
A9SNA2.pdb,0.82,Good (良好)
Q9FYC2.pdb,0.82,Good (良好)
Q12535.pdb,0.82,Good (良好)
O75907.pdb,0.82,Good (良好)
E7FHX4.pdb,0.82,Good (良好)
P14682.pdb,0.82,Good (良好)
Q8IU85.pdb,0.82,Good (良好)
P02592.pdb,0.82,Good (良好)
P49841.pdb,0.82,Good (良好)
Q8YYM9.pdb,0.82,Good (良好)
A2T1U6.pdb,0.82,Good (良好)
Q6TH77.pdb,0.82,Good (良好)
Q28653.pdb,0.82,Good (良好)
E3PQS3.pdb,0.82,Good (良好)
Q581W1.pdb,0.82,Good (良好)
A0A0A0Q4S7.pdb,0.82,Good (良好)
Q6C5M4.pdb,0.82,Good (良好)
Q90WG6.pdb,0.82,Good (良好)
Q93FU9.pdb,0.82,Good (良好)
A8PUY1.pdb,0.82,Good (良好)
Q9UVY4.pdb,0.82,Good (良好)
P79074.pdb,0.82,Good (良好)
T5I9M6.pdb,0.82,Good (良好)
P08413.pdb,0.82,Good (良好)
Q9JIA7.pdb,0.82,Good (良好)
O70311.pdb,0.82,Good (良好)
F1AQF9.pdb,0.82,Good (良好)
A0A1V0ELS9.pdb,0.82,Good (良好)
G1UHW5.pdb,0.82,Good (良好)
Q8WSQ3.pdb,0.82,Good (良好)
Q08J23.pdb,0.82,Good (良好)
Q58178.pdb,0.82,Good (良好)
I3VKD5.pdb,0.81,Good (良好)
P56818.pdb,0.81,Good (良好)
D0CY07.pdb,0.81,Good (良好)
H6WZS9.pdb,0.81,Good (良好)
Q13572.pdb,0.81,Good (良好)
P47712.pdb,0.81,Good (良好)
P0C5A3.pdb,0.81,Good (良好)
Q8H0W1.pdb,0.81,Good (良好)
Q9SGH6.pdb,0.81,Good (良好)
C7ENW3.pdb,0.81,Good (良好)
F7Y223.pdb,0.81,Good (良好)
B0BK99.pdb,0.81,Good (良好)
Q02745.pdb,0.81,Good (良好)
A5XCL5.pdb,0.81,Good (良好)
Q4JL88.pdb,0.81,Good (良好)
F5HPS0.pdb,0.81,Good (良好)
P0A415.pdb,0.81,Good (良好)
Q9M4V2.pdb,0.81,Good (良好)
S5U3X4.pdb,0.81,Good (良好)
Q6TEK4.pdb,0.81,Good (良好)
C7G532.pdb,0.81,Good (良好)
Q1QDV8.pdb,0.81,Good (良好)
A5GPQ6.pdb,0.81,Good (良好)
Q63932.pdb,0.81,Good (良好)
Q401R6.pdb,0.81,Good (良好)
V5K6J8.pdb,0.81,Good (良好)
G5D5D5.pdb,0.81,Good (良好)
Q8NCG7.pdb,0.81,Good (良好)
Q9UJ68.pdb,0.81,Good (良好)
I1SB08.pdb,0.81,Good (良好)
C1AGW8.pdb,0.81,Good (良好)
B4EKR2.pdb,0.81,Good (良好)
B3TNN8.pdb,0.81,Good (良好)
G0KZG8.pdb,0.81,Good (良好)
Q04179.pdb,0.81,Good (良好)
Q7LXU0.pdb,0.81,Good (良好)
K9LL63.pdb,0.81,Good (良好)
Q8NU97.pdb,0.81,Good (良好)
Q8TNM0.pdb,0.81,Good (良好)
D0EJL8.pdb,0.81,Good (良好)
Q00019.pdb,0.81,Good (良好)
P0AE22.pdb,0.81,Good (良好)
Q80Y20.pdb,0.81,Good (良好)
D0ZLR3.pdb,0.81,Good (良好)
M1VE66.pdb,0.81,Good (良好)
A1S3N8.pdb,0.81,Good (良好)
Q5B5D5.pdb,0.81,Good (良好)
Q45NB4.pdb,0.81,Good (良好)
A0A0G4JRN2.pdb,0.81,Good (良好)
Q75NT4.pdb,0.81,Good (良好)
Q96V00.pdb,0.81,Good (良好)
Q6ZFH6.pdb,0.81,Good (良好)
Q2MGB1.pdb,0.81,Good (良好)
P46275.pdb,0.81,Good (良好)
G2Q665.pdb,0.81,Good (良好)
D3JTC2.pdb,0.81,Good (良好)
P34059.pdb,0.81,Good (良好)
C4PKK7.pdb,0.81,Good (良好)
Q12069.pdb,0.81,Good (良好)
O54259.pdb,0.81,Good (良好)
P08432.pdb,0.81,Good (良好)
Q6JE91.pdb,0.81,Good (良好)
Q6PFX8.pdb,0.81,Good (良好)
A0A1D8PEU2.pdb,0.81,Good (良好)
Q0KKP0.pdb,0.81,Good (良好)
Q2UVB3.pdb,0.81,Good (良好)
Q8RJP2.pdb,0.81,Good (良好)
C4QZH8.pdb,0.81,Good (良好)
Q55020.pdb,0.81,Good (良好)
P22088.pdb,0.81,Good (良好)
P41238.pdb,0.81,Good (良好)
Q7L5N7.pdb,0.81,Good (良好)
J7I0S9.pdb,0.81,Good (良好)
Q4FME3.pdb,0.81,Good (良好)
Q8J0K6.pdb,0.81,Good (良好)
O23553.pdb,0.81,Good (良好)
M4MBM1.pdb,0.81,Good (良好)
P38483.pdb,0.81,Good (良好)
Q0PY32.pdb,0.81,Good (良好)
Q8IQV0.pdb,0.81,Good (良好)
Q8GR64.pdb,0.81,Good (良好)
A0A0S3X5N5.pdb,0.81,Good (良好)
O55123.pdb,0.81,Good (良好)
A0A3S4PHH6.pdb,0.81,Good (良好)
Q9PTN3.pdb,0.81,Good (良好)
Q8BYI6.pdb,0.81,Good (良好)
Q8L6H4.pdb,0.81,Good (良好)
P9WK19.pdb,0.81,Good (良好)
Q53EJ1.pdb,0.81,Good (良好)
Q15208.pdb,0.81,Good (良好)
C7C422.pdb,0.81,Good (良好)
Q9TZN8.pdb,0.81,Good (良好)
P97325.pdb,0.81,Good (良好)
P11926.pdb,0.81,Good (良好)
A0A140D8I8.pdb,0.81,Good (良好)
Q08649.pdb,0.81,Good (良好)
Q9PW89.pdb,0.81,Good (良好)
P35354.pdb,0.81,Good (良好)
Q08AC1.pdb,0.81,Good (良好)
A9QXC9.pdb,0.81,Good (良好)
A0A097PUC5.pdb,0.81,Good (良好)
A0Q5K1.pdb,0.81,Good (良好)
A0A016Q182.pdb,0.81,Good (良好)
G9N4E3.pdb,0.81,Good (良好)
A9UVU0.pdb,0.81,Good (良好)
Q93UV0.pdb,0.81,Good (良好)
Q89CN5.pdb,0.81,Good (良好)
P13264.pdb,0.81,Good (良好)
V9Q624.pdb,0.81,Good (良好)
U3GSN9.pdb,0.81,Good (良好)
Q9Z2A7.pdb,0.81,Good (良好)
Q39443.pdb,0.81,Good (良好)
P53065.pdb,0.81,Good (良好)
E0D5D7.pdb,0.81,Good (良好)
P37271.pdb,0.81,Good (良好)
Q9Z354.pdb,0.81,Good (良好)
Q9UXG1.pdb,0.81,Good (良好)
Q51662.pdb,0.81,Good (良好)
P31938.pdb,0.81,Good (良好)
Q2PCS4.pdb,0.81,Good (良好)
S6B1F6.pdb,0.81,Good (良好)
T2HV99.pdb,0.81,Good (良好)
A1T974.pdb,0.81,Good (良好)
S5M6X9.pdb,0.81,Good (良好)
P54646.pdb,0.81,Good (良好)
Q6NQ66.pdb,0.81,Good (良好)
Q9I434.pdb,0.81,Good (良好)
D2KKQ2.pdb,0.81,Good (良好)
Q4QZZ9.pdb,0.81,Good (良好)
A0A2P0HD08.pdb,0.81,Good (良好)
Q08225.pdb,0.81,Good (良好)
Q9S7H8.pdb,0.81,Good (良好)
D2YZL5.pdb,0.81,Good (良好)
Q5IS34.pdb,0.81,Good (良好)
O43916.pdb,0.81,Good (良好)
O54435.pdb,0.81,Good (良好)
A7Y9J1.pdb,0.81,Good (良好)
Q5LH68.pdb,0.81,Good (良好)
Q4KGW9.pdb,0.81,Good (良好)
O95544.pdb,0.81,Good (良好)
K7NBZ9.pdb,0.81,Good (良好)
Q99KK2.pdb,0.81,Good (良好)
Q16790.pdb,0.81,Good (良好)
Q9XDT1.pdb,0.81,Good (良好)
P13860.pdb,0.81,Good (良好)
B6SBM2.pdb,0.81,Good (良好)
D6A5I3.pdb,0.81,Good (良好)
Q9NRB3.pdb,0.81,Good (良好)
B3TNN9.pdb,0.81,Good (良好)
Q9BQB6.pdb,0.81,Good (良好)
D1MI97.pdb,0.81,Good (良好)
B0BK98.pdb,0.81,Good (良好)
B1Q4S7.pdb,0.81,Good (良好)
P53449.pdb,0.81,Good (良好)
Q80WS1.pdb,0.81,Good (良好)
P14679.pdb,0.8,Good (良好)
Q8Q2U5.pdb,0.8,Good (良好)
P16692.pdb,0.8,Good (良好)
Q9SDX0.pdb,0.8,Good (良好)
A8TGA1.pdb,0.8,Good (良好)
Q1XHM0.pdb,0.8,Good (良好)
P00630.pdb,0.8,Good (良好)
Q95AJ2.pdb,0.8,Good (良好)
A6NA25.pdb,0.8,Good (良好)
D3JC16.pdb,0.8,Good (良好)
I0CKV3.pdb,0.8,Good (良好)
P98060.pdb,0.8,Good (良好)
Q68NI4.pdb,0.8,Good (良好)
L7Y8B0.pdb,0.8,Good (良好)
P29127.pdb,0.8,Good (良好)
V5RE14.pdb,0.8,Good (良好)
Q9H4B4.pdb,0.8,Good (良好)
O24721.pdb,0.8,Good (良好)
Q0PIV8.pdb,0.8,Good (良好)
A0A0H4FQ60.pdb,0.8,Good (良好)
Q9NRA0.pdb,0.8,Good (良好)
B6CWJ4.pdb,0.8,Good (良好)
Q8TGH6.pdb,0.8,Good (良好)
P21161.pdb,0.8,Good (良好)
A0A346FEE5.pdb,0.8,Good (良好)
B6SBM1.pdb,0.8,Good (良好)
Q05769.pdb,0.8,Good (良好)
B9VXW6.pdb,0.8,Good (良好)
Q7LGC8.pdb,0.8,Good (良好)
B3V4Z0.pdb,0.8,Good (良好)
Q53U20.pdb,0.8,Good (良好)
A7WNU0.pdb,0.8,Good (良好)
Q84FR7.pdb,0.8,Good (良好)
O88885.pdb,0.8,Good (良好)
F5HPS1.pdb,0.8,Good (良好)
Q3SAG3.pdb,0.8,Good (良好)
D3PLE5.pdb,0.8,Good (良好)
B6K8Y1.pdb,0.8,Good (良好)
Q10472.pdb,0.8,Good (良好)
Q940S3.pdb,0.8,Good (良好)
B5MGR1.pdb,0.8,Good (良好)
Q1GNW6.pdb,0.8,Good (良好)
J7HDV0.pdb,0.8,Good (良好)
P68403.pdb,0.8,Good (良好)
Q00914.pdb,0.8,Good (良好)
D5MP61.pdb,0.8,Good (良好)
Q9FIY1.pdb,0.8,Good (良好)
Q79F77.pdb,0.8,Good (良好)
Q9VYY8.pdb,0.8,Good (良好)
Q2QPW1.pdb,0.8,Good (良好)
Q2MF17.pdb,0.8,Good (良好)
Q1W2L4.pdb,0.8,Good (良好)
O94925.pdb,0.8,Good (良好)
Q5XPL4.pdb,0.8,Good (良好)
G4XUJ7.pdb,0.8,Good (良好)
Q5MYA1.pdb,0.8,Good (良好)
H6BG92.pdb,0.8,Good (良好)
A0A411PNL0.pdb,0.8,Good (良好)
Q9QYT7.pdb,0.8,Good (良好)
A0A0P1DJE3.pdb,0.8,Good (良好)
O88199.pdb,0.8,Good (良好)
Q9V076.pdb,0.8,Good (良好)
Q2UIM2.pdb,0.8,Good (良好)
Q9J0W2.pdb,0.8,Good (良好)
P10098.pdb,0.8,Good (良好)
M9PLY0.pdb,0.8,Good (良好)
P29379.pdb,0.8,Good (良好)
A5EYI0.pdb,0.8,Good (良好)
D1L2X1.pdb,0.8,Good (良好)
A0A2H4W727.pdb,0.8,Good (良好)
O48723.pdb,0.8,Good (良好)
A2TBP7.pdb,0.8,Good (良好)
C5B2R8.pdb,0.8,Good (良好)
Q9R4W3.pdb,0.8,Good (良好)
Q9ZGH1.pdb,0.8,Good (良好)
Q60358.pdb,0.8,Good (良好)
P04014.pdb,0.8,Good (良好)
P20192.pdb,0.8,Good (良好)
Q8N884.pdb,0.8,Good (良好)
I0CKV2.pdb,0.8,Good (良好)
Q1M0P5.pdb,0.8,Good (良好)
Q58428.pdb,0.8,Good (良好)
P48629.pdb,0.8,Good (良好)
Q195N6.pdb,0.8,Good (良好)
Q8MZR8.pdb,0.8,Good (良好)
C7FF05.pdb,0.8,Good (良好)
Q6IYF5.pdb,0.8,Good (良好)
B6Q5I3.pdb,0.8,Good (良好)
O83032.pdb,0.8,Good (良好)
H9D3U7.pdb,0.8,Good (良好)
A0A0A1C3U6.pdb,0.8,Good (良好)
Q55215.pdb,0.8,Good (良好)
Q9BYC5.pdb,0.8,Good (良好)
Q86M43.pdb,0.8,Good (良好)
P38920.pdb,0.8,Good (良好)
F2YZ26.pdb,0.8,Good (良好)
P54751.pdb,0.8,Good (良好)
A8N3P5.pdb,0.8,Good (良好)
Q93X46.pdb,0.8,Good (良好)
D3EKC0.pdb,0.8,Good (良好)
Q5JNT6.pdb,0.8,Good (良好)
A0A0C6EX43.pdb,0.8,Good (良好)
A8DRH9.pdb,0.8,Good (良好)
Q9UJA2.pdb,0.8,Good (良好)
Q8IT75.pdb,0.8,Good (良好)
B7TXX4.pdb,0.8,Good (良好)
Q7DM12.pdb,0.8,Good (良好)
G4T3S7.pdb,0.8,Good (良好)
G7XTA8.pdb,0.8,Good (良好)
A0A0U5BQA3.pdb,0.8,Good (良好)
B2MWN3.pdb,0.8,Good (良好)
P03951.pdb,0.8,Good (良好)
K4C3H8.pdb,0.8,Good (良好)
Q7LIJ0.pdb,0.8,Good (良好)
P54150.pdb,0.8,Good (良好)
F2WP51.pdb,0.8,Good (良好)
A0A0F6N6D4.pdb,0.8,Good (良好)
Q19A54.pdb,0.8,Good (良好)
P25627.pdb,0.8,Good (良好)
Q969G6.pdb,0.8,Good (良好)
Q53563.pdb,0.8,Good (良好)
Q9JLI3.pdb,0.8,Good (良好)
A7LGL0.pdb,0.8,Good (良好)
P13280.pdb,0.8,Good (良好)
Q44002.pdb,0.8,Good (良好)
A0A088MAR6.pdb,0.8,Good (良好)
P10742.pdb,0.8,Good (良好)
A0A024FRL9.pdb,0.8,Good (良好)
S6D3Q2.pdb,0.8,Good (良好)
A7WNU2.pdb,0.8,Good (良好)
G7LSK3.pdb,0.8,Good (良好)
B7UB93.pdb,0.79,Good (良好)
A0A0E3Y582.pdb,0.79,Good (良好)
A0A0E3U204.pdb,0.79,Good (良好)
Q12039.pdb,0.79,Good (良好)
A0A141NXG8.pdb,0.79,Good (良好)
A0A0S2I591.pdb,0.79,Good (良好)
Q5JJ73.pdb,0.79,Good (良好)
T1KZQ3.pdb,0.79,Good (良好)
Q6PD10.pdb,0.79,Good (良好)
P32961.pdb,0.79,Good (良好)
Q8GXX0.pdb,0.79,Good (良好)
I2FIL2.pdb,0.79,Good (良好)
B3Y002.pdb,0.79,Good (良好)
A8YPP3.pdb,0.79,Good (良好)
C9QNK6.pdb,0.79,Good (良好)
O29903.pdb,0.79,Good (良好)
Q872L3.pdb,0.79,Good (良好)
P53128.pdb,0.79,Good (良好)
C0H3U9.pdb,0.79,Good (良好)
D6CJK0.pdb,0.79,Good (良好)
Q88BN6.pdb,0.79,Good (良好)
A0A0N9LQL8.pdb,0.79,Good (良好)
Q86D28.pdb,0.79,Good (良好)
D8VPP5.pdb,0.79,Good (良好)
P36136.pdb,0.79,Good (良好)
Q8W257.pdb,0.79,Good (良好)
A0A0E3D8K7.pdb,0.79,Good (良好)
Q9W3Z3.pdb,0.79,Good (良好)
Q9PF60.pdb,0.79,Good (良好)
A0A1W5QBK3.pdb,0.79,Good (良好)
Q608T3.pdb,0.79,Good (良好)
Q9Z1X2.pdb,0.79,Good (良好)
P94293.pdb,0.79,Good (良好)
Q68CP4.pdb,0.79,Good (良好)
P13254.pdb,0.79,Good (良好)
K2QXC4.pdb,0.79,Good (良好)
A4ADB8.pdb,0.79,Good (良好)
P45735.pdb,0.79,Good (良好)
B0FWI3.pdb,0.79,Good (良好)
Q92851.pdb,0.79,Good (良好)
A0A1L4FQZ9.pdb,0.79,Good (良好)
P20960.pdb,0.79,Good (良好)
Q5ZH56.pdb,0.79,Good (良好)
B4EY92.pdb,0.79,Good (良好)
Q6C3R2.pdb,0.79,Good (良好)
B2ZZ11.pdb,0.79,Good (良好)
Q6RVB3.pdb,0.79,Good (良好)
B0LAW4.pdb,0.79,Good (良好)
Q9LYD8.pdb,0.79,Good (良好)
D6MZJ6.pdb,0.79,Good (良好)
Q9QZL2.pdb,0.79,Good (良好)
Q99661.pdb,0.79,Good (良好)
Q840T2.pdb,0.79,Good (良好)
A0A140CUL9.pdb,0.79,Good (良好)
Q8L2Z7.pdb,0.79,Good (良好)
Q75S83.pdb,0.79,Good (良好)
C5IIS9.pdb,0.79,Good (良好)
Q9ZQC6.pdb,0.79,Good (良好)
R9UQG9.pdb,0.79,Good (良好)
Q8LJ81.pdb,0.79,Good (良好)
Q9P8P3.pdb,0.79,Good (良好)
A0A1P8VSL7.pdb,0.79,Good (良好)
Q9ALN8.pdb,0.79,Good (良好)
A0A0S2I5F8.pdb,0.79,Good (良好)
Q9LVQ0.pdb,0.79,Good (良好)
Q46EH3.pdb,0.79,Good (良好)
O96142.pdb,0.79,Good (良好)
Q5EBM0.pdb,0.79,Good (良好)
I6VVK9.pdb,0.79,Good (良好)
P62694.pdb,0.79,Good (良好)
Q9F1Y6.pdb,0.79,Good (良好)
A0A016VAH2.pdb,0.79,Good (良好)
Q157H4.pdb,0.79,Good (良好)
Q56DL0.pdb,0.79,Good (良好)
D6P3J1.pdb,0.79,Good (良好)
P00175.pdb,0.79,Good (良好)
P21220.pdb,0.79,Good (良好)
Q386Y7.pdb,0.79,Good (良好)
O64437.pdb,0.79,Good (良好)
P45741.pdb,0.79,Good (良好)
Q75S82.pdb,0.79,Good (良好)
Q92MM4.pdb,0.79,Good (良好)
C6F3U5.pdb,0.79,Good (良好)
Q9VYB7.pdb,0.79,Good (良好)
O49006.pdb,0.79,Good (良好)
O87833.pdb,0.79,Good (良好)
A0A2Y9CJ10.pdb,0.79,Good (良好)
O84920.pdb,0.79,Good (良好)
Q13131.pdb,0.79,Good (良好)
O43286.pdb,0.79,Good (良好)
Q980D0.pdb,0.79,Good (良好)
Q9SRT9.pdb,0.79,Good (良好)
A0A2D1N4Z8.pdb,0.79,Good (良好)
P12676.pdb,0.79,Good (良好)
G0HQ35.pdb,0.79,Good (良好)
A0A0C4Y3B2.pdb,0.79,Good (良好)
E3PRJ5.pdb,0.79,Good (良好)
A0A0F7VJ89.pdb,0.79,Good (良好)
P80656.pdb,0.79,Good (良好)
P38501.pdb,0.79,Good (良好)
J9QQ32.pdb,0.79,Good (良好)
Q6NLQ7.pdb,0.79,Good (良好)
A6UKD1.pdb,0.79,Good (良好)
O23181.pdb,0.79,Good (良好)
A9FVN3.pdb,0.79,Good (良好)
P29957.pdb,0.79,Good (良好)
Q1EPR5.pdb,0.79,Good (良好)
Q401L4.pdb,0.79,Good (良好)
Q16719.pdb,0.79,Good (良好)
D4GYV5.pdb,0.79,Good (良好)
F4H413.pdb,0.79,Good (良好)
C1JCL7.pdb,0.79,Good (良好)
P29029.pdb,0.79,Good (良好)
Q16819.pdb,0.79,Good (良好)
E5G727.pdb,0.79,Good (良好)
Q39218.pdb,0.79,Good (良好)
O57863.pdb,0.79,Good (良好)
O96100.pdb,0.79,Good (良好)
P05807.pdb,0.79,Good (良好)
Q9L514.pdb,0.79,Good (良好)
P40051.pdb,0.79,Good (良好)
D7RJ66.pdb,0.79,Good (良好)
A8J3M4.pdb,0.79,Good (良好)
O00762.pdb,0.79,Good (良好)
Q15118.pdb,0.79,Good (良好)
Q72JY1.pdb,0.78,Good (良好)
G0L2Y1.pdb,0.78,Good (良好)
A0A1W1WDM4.pdb,0.78,Good (良好)
P14740.pdb,0.78,Good (良好)
R9XVW6.pdb,0.78,Good (良好)
P17118.pdb,0.78,Good (良好)
H0FT96.pdb,0.78,Good (良好)
Q84VV0.pdb,0.78,Good (良好)
Q6VBI6.pdb,0.78,Good (良好)
Q12556.pdb,0.78,Good (良好)
Q58097.pdb,0.78,Good (良好)
P00598.pdb,0.78,Good (良好)
P22637.pdb,0.78,Good (良好)
B7SLY1.pdb,0.78,Good (良好)
P19835.pdb,0.78,Good (良好)
A0A024RXP8.pdb,0.78,Good (良好)
P05979.pdb,0.78,Good (良好)
Q0SH26.pdb,0.78,Good (良好)
P00518.pdb,0.78,Good (良好)
Q8RY79.pdb,0.78,Good (良好)
Q1DG84.pdb,0.78,Good (良好)
O95989.pdb,0.78,Good (良好)
Q08210.pdb,0.78,Good (良好)
O15922.pdb,0.78,Good (良好)
Q1L6A3.pdb,0.78,Good (良好)
Q8NRE6.pdb,0.78,Good (良好)
Q86D27.pdb,0.78,Good (良好)
P56100.pdb,0.78,Good (良好)
Q9Y3D2.pdb,0.78,Good (良好)
Q3HRV6.pdb,0.78,Good (良好)
Q7Z029.pdb,0.78,Good (良好)
A0A346FEE6.pdb,0.78,Good (良好)
A6X7I5.pdb,0.78,Good (良好)
A4LA85.pdb,0.78,Good (良好)
Q5KR04.pdb,0.78,Good (良好)
A7WNT9.pdb,0.78,Good (良好)
H9JW44.pdb,0.78,Good (良好)
Q969S8.pdb,0.78,Good (良好)
A0A1L1VVY8.pdb,0.78,Good (良好)
W6JQJ6.pdb,0.78,Good (良好)
D2Z0I0.pdb,0.78,Good (良好)
A8C781.pdb,0.78,Good (良好)
Q8PWY1.pdb,0.78,Good (良好)
A0A2I4KDZ0.pdb,0.78,Good (良好)
Q9SR86.pdb,0.78,Good (良好)
Q877I4.pdb,0.78,Good (良好)
L8B3D7.pdb,0.78,Good (良好)
B2VPR8.pdb,0.78,Good (良好)
Q6XQK5.pdb,0.78,Good (良好)
A0A096ZEC9.pdb,0.78,Good (良好)
P9WKG9.pdb,0.78,Good (良好)
G0RVK1.pdb,0.78,Good (良好)
Q6XMI1.pdb,0.78,Good (良好)
Q96G61.pdb,0.78,Good (良好)
W8VJU1.pdb,0.78,Good (良好)
F1NBH2.pdb,0.78,Good (良好)
P9WMK9.pdb,0.78,Good (良好)
Q8I6Z5.pdb,0.78,Good (良好)
P06617.pdb,0.78,Good (良好)
P32562.pdb,0.78,Good (良好)
Q9FY03.pdb,0.78,Good (良好)
Q04508.pdb,0.78,Good (良好)
B8YG19.pdb,0.78,Good (良好)
O43272.pdb,0.78,Good (良好)
C7GRB2.pdb,0.78,Good (良好)
Q9LFW1.pdb,0.78,Good (良好)
E1CJF8.pdb,0.78,Good (良好)
B7XEJ1.pdb,0.78,Good (良好)
P14407.pdb,0.78,Good (良好)
P25891.pdb,0.78,Good (良好)
Q59196.pdb,0.78,Good (良好)
C4TJD4.pdb,0.78,Good (良好)
Q86X55.pdb,0.78,Good (良好)
Q88QV1.pdb,0.78,Good (良好)
P08253.pdb,0.78,Good (良好)
Q8G8Y2.pdb,0.78,Good (良好)
A0A1E7YQH3.pdb,0.78,Good (良好)
M9VRD0.pdb,0.78,Good (良好)
Q7LHI2.pdb,0.78,Good (良好)
Q9X0Z7.pdb,0.78,Good (良好)
B3SXR0.pdb,0.78,Good (良好)
G9J616.pdb,0.78,Good (良好)
P77909.pdb,0.78,Good (良好)
B7XEJ0.pdb,0.78,Good (良好)
C4TJD2.pdb,0.78,Good (良好)
Q73KK9.pdb,0.78,Good (良好)
Q6RKQ1.pdb,0.78,Good (良好)
Q9AIX6.pdb,0.78,Good (良好)
Q09327.pdb,0.78,Good (良好)
P27487.pdb,0.78,Good (良好)
Q0WUC2.pdb,0.78,Good (良好)
F8WSQ3.pdb,0.78,Good (良好)
Q9LDH0.pdb,0.78,Good (良好)
A0A143G976.pdb,0.78,Good (良好)
Q4J894.pdb,0.78,Good (良好)
Q8RUF8.pdb,0.78,Good (良好)
H9NJ52.pdb,0.78,Good (良好)
Q9LL59.pdb,0.78,Good (良好)
Q8N9F0.pdb,0.78,Good (良好)
B3QYX9.pdb,0.78,Good (良好)
O87872.pdb,0.78,Good (良好)
Q8GJG7.pdb,0.78,Good (良好)
W8VZ39.pdb,0.78,Good (良好)
P0AC33.pdb,0.78,Good (良好)
Q59IT3.pdb,0.78,Good (良好)
P21549.pdb,0.78,Good (良好)
A0A0C5PRQ1.pdb,0.78,Good (良好)
P79208.pdb,0.78,Good (良好)
Q9ZTX2.pdb,0.78,Good (良好)
P59701.pdb,0.78,Good (良好)
P15332.pdb,0.78,Good (良好)
Q9WU79.pdb,0.78,Good (良好)
A0A1C9EFW4.pdb,0.78,Good (良好)
Q0TMI3.pdb,0.78,Good (良好)
Q335V9.pdb,0.78,Good (良好)
Q8NFP7.pdb,0.78,Good (良好)
G2QXZ9.pdb,0.78,Good (良好)
Q5VKJ7.pdb,0.78,Good (良好)
Q9SLD2.pdb,0.78,Good (良好)
E9KPK6.pdb,0.78,Good (良好)
P0AES0.pdb,0.78,Good (良好)
A3TM80.pdb,0.78,Good (良好)
Q197X6.pdb,0.78,Good (良好)
P33436.pdb,0.78,Good (良好)
O00105.pdb,0.78,Good (良好)
Q6NQL6.pdb,0.78,Good (良好)
Q6UWY0.pdb,0.78,Good (良好)
P46976.pdb,0.77,Good (良好)
T1T1K2.pdb,0.77,Good (良好)
P83948.pdb,0.77,Good (良好)
O50584.pdb,0.77,Good (良好)
Q2NKZ1.pdb,0.77,Good (良好)
Q8GS16.pdb,0.77,Good (良好)
Q07635.pdb,0.77,Good (良好)
P55241.pdb,0.77,Good (良好)
B1NM16.pdb,0.77,Good (良好)
P15280.pdb,0.77,Good (良好)
Q9VZW0.pdb,0.77,Good (良好)
E9AFE7.pdb,0.77,Good (良好)
P0A825.pdb,0.77,Good (良好)
D2SZY4.pdb,0.77,Good (良好)
Q3LSM4.pdb,0.77,Good (良好)
S5FT07.pdb,0.77,Good (良好)
Q6AVT2.pdb,0.77,Good (良好)
Q8VPD4.pdb,0.77,Good (良好)
A0A0J2E2M6.pdb,0.77,Good (良好)
Q6UB28.pdb,0.77,Good (良好)
A0A1L2BH72.pdb,0.77,Good (良好)
P26901.pdb,0.77,Good (良好)
A0A088T0J9.pdb,0.77,Good (良好)
Q73GL9.pdb,0.77,Good (良好)
P19801.pdb,0.77,Good (良好)
Q9LDD5.pdb,0.77,Good (良好)
A5YKJ2.pdb,0.77,Good (良好)
Q5MQ31.pdb,0.77,Good (良好)
Q78J03.pdb,0.77,Good (良好)
A9KQ75.pdb,0.77,Good (良好)
A3UR41.pdb,0.77,Good (良好)
Q3ET60.pdb,0.77,Good (良好)
Q9BVG9.pdb,0.77,Good (良好)
A0A0A1DYR7.pdb,0.77,Good (良好)
D3TNH1.pdb,0.77,Good (良好)
Q7YT63.pdb,0.77,Good (良好)
C9K501.pdb,0.77,Good (良好)
Q8GTM2.pdb,0.77,Good (良好)
Q7X478.pdb,0.77,Good (良好)
Q9AQQ9.pdb,0.77,Good (良好)
A0A179FQV9.pdb,0.77,Good (良好)
A0A411PNH6.pdb,0.77,Good (良好)
P50281.pdb,0.77,Good (良好)
A9KHK4.pdb,0.77,Good (良好)
G0YYC4.pdb,0.77,Good (良好)
Q9D142.pdb,0.77,Good (良好)
A0A2P9J4V0.pdb,0.77,Good (良好)
Q9UBV7.pdb,0.77,Good (良好)
B1NM15.pdb,0.77,Good (良好)
Q1JU60.pdb,0.77,Good (良好)
Q9LIR6.pdb,0.77,Good (良好)
Q9XDP2.pdb,0.77,Good (良好)
E9B8P8.pdb,0.77,Good (良好)
C7NVN0.pdb,0.77,Good (良好)
Q5EG61.pdb,0.77,Good (良好)
A2VA43.pdb,0.77,Good (良好)
P24298.pdb,0.77,Good (良好)
Q8NK02.pdb,0.77,Good (良好)
Q8RHX7.pdb,0.77,Good (良好)
A0A142LT01.pdb,0.77,Good (良好)
A9UKG4.pdb,0.77,Good (良好)
Q9SV43.pdb,0.77,Good (良好)
A0A1W1WET7.pdb,0.77,Good (良好)
Q9LCQ7.pdb,0.77,Good (良好)
A1SUU0.pdb,0.77,Good (良好)
A0A096ZED0.pdb,0.77,Good (良好)
P37303.pdb,0.77,Good (良好)
O64925.pdb,0.77,Good (良好)
A0A193DXA9.pdb,0.77,Good (良好)
B8BQQ3.pdb,0.77,Good (良好)
C7G3B7.pdb,0.77,Good (良好)
D5FM33.pdb,0.77,Good (良好)
F1NQP1.pdb,0.77,Good (良好)
A0A2H4PJM1.pdb,0.77,Good (良好)
A3REN3.pdb,0.77,Good (良好)
Q91XQ5.pdb,0.77,Good (良好)
Q588Z1.pdb,0.77,Good (良好)
A0A146FAY1.pdb,0.77,Good (良好)
A0A059VLI3.pdb,0.77,Good (良好)
Q1JU59.pdb,0.77,Good (良好)
B6UYJ2.pdb,0.77,Good (良好)
A0A0H3H964.pdb,0.77,Good (良好)
M2RF26.pdb,0.77,Good (良好)
B3GNT7.pdb,0.77,Good (良好)
O30511.pdb,0.77,Good (良好)
P48452.pdb,0.77,Good (良好)
B5HL29.pdb,0.77,Good (良好)
P48236.pdb,0.77,Good (良好)
Q9RBY6.pdb,0.77,Good (良好)
P69910.pdb,0.77,Good (良好)
Q6XMT1.pdb,0.77,Good (良好)
O95848.pdb,0.77,Good (良好)
P13721.pdb,0.77,Good (良好)
K4BTE6.pdb,0.77,Good (良好)
R9YJZ9.pdb,0.77,Good (良好)
Q9KKF5.pdb,0.77,Good (良好)
Q9V5E1.pdb,0.77,Good (良好)
F8JS69.pdb,0.77,Good (良好)
A3UR40.pdb,0.76,Good (良好)
B0FZD9.pdb,0.76,Good (良好)
O76739.pdb,0.76,Good (良好)
K9NLN7.pdb,0.76,Good (良好)
Q9S7Z3.pdb,0.76,Good (良好)
F1CYZ0.pdb,0.76,Good (良好)
Q8I360.pdb,0.76,Good (良好)
Q8NFU5.pdb,0.76,Good (良好)
P53632.pdb,0.76,Good (良好)
P61872.pdb,0.76,Good (良好)
H7CE71.pdb,0.76,Good (良好)
C1KBE7.pdb,0.76,Good (良好)
Q9FFN7.pdb,0.76,Good (良好)
W8CR61.pdb,0.76,Good (良好)
Q5W503.pdb,0.76,Good (良好)
U6BYK3.pdb,0.76,Good (良好)
G2QH47.pdb,0.76,Good (良好)
Q50538.pdb,0.76,Good (良好)
Q5LW89.pdb,0.76,Good (良好)
Q8R071.pdb,0.76,Good (良好)
Q5ZR76.pdb,0.76,Good (良好)
A8CEI3.pdb,0.76,Good (良好)
P53965.pdb,0.76,Good (良好)
Q0PB96.pdb,0.76,Good (良好)
Q1JU61.pdb,0.76,Good (良好)
Q688T8.pdb,0.76,Good (良好)
P39107.pdb,0.76,Good (良好)
A3UR44.pdb,0.76,Good (良好)
Q4W6G0.pdb,0.76,Good (良好)
Q40733.pdb,0.76,Good (良好)
Q9LJP4.pdb,0.76,Good (良好)
P15316.pdb,0.76,Good (良好)
A8YPP2.pdb,0.76,Good (良好)
Q2WG72.pdb,0.76,Good (良好)
C5A317.pdb,0.76,Good (良好)
Q91VL8.pdb,0.76,Good (良好)
P23677.pdb,0.76,Good (良好)
Q8U1P6.pdb,0.76,Good (良好)
Q9P4W2.pdb,0.76,Good (良好)
Q924X7.pdb,0.76,Good (良好)
Q15256.pdb,0.76,Good (良好)
A0T1V9.pdb,0.76,Good (良好)
B1HP60.pdb,0.76,Good (良好)
Q7TNJ7.pdb,0.76,Good (良好)
Q59329.pdb,0.76,Good (良好)
A0A3Q0KZS1.pdb,0.76,Good (良好)
Q6KF36.pdb,0.76,Good (良好)
C9WPK1.pdb,0.76,Good (良好)
Q6B0I6.pdb,0.76,Good (良好)
B2DEU8.pdb,0.76,Good (良好)
Q1JU62.pdb,0.76,Good (良好)
U5TRK6.pdb,0.76,Good (良好)
P15333.pdb,0.76,Good (良好)
Q9FG41.pdb,0.76,Good (良好)
O97143.pdb,0.76,Good (良好)
Q9NR20.pdb,0.76,Good (良好)
P23103.pdb,0.76,Good (良好)
Q69T99.pdb,0.76,Good (良好)
Q53728.pdb,0.76,Good (良好)
E1XUJ2.pdb,0.76,Good (良好)
H2ER19.pdb,0.76,Good (良好)
P14780.pdb,0.76,Good (良好)
Q16842.pdb,0.76,Good (良好)
B2DEV1.pdb,0.75,Good (良好)
Q41376.pdb,0.75,Good (良好)
Q2F5M8.pdb,0.75,Good (良好)
O43781.pdb,0.75,Good (良好)
B5B0E6.pdb,0.75,Good (良好)
Q8DMA8.pdb,0.75,Good (良好)
K7WTF8.pdb,0.75,Good (良好)
Q11205.pdb,0.75,Good (良好)
P39078.pdb,0.75,Good (良好)
Q0MVP2.pdb,0.75,Good (良好)
O80959.pdb,0.75,Good (良好)
Q96KS0.pdb,0.75,Good (良好)
A0SWL2.pdb,0.75,Good (良好)
P07328.pdb,0.75,Good (良好)
A1YPR3.pdb,0.75,Good (良好)
V9NFX1.pdb,0.75,Good (良好)
Q8TZE9.pdb,0.75,Good (良好)
A0A2Y0HLE8.pdb,0.75,Good (良好)
A9TXA6.pdb,0.75,Good (良好)
P90518.pdb,0.75,Good (良好)
Q99LH2.pdb,0.75,Good (良好)
P00505.pdb,0.75,Good (良好)
K7XPX5.pdb,0.75,Good (良好)
P05655.pdb,0.75,Good (良好)
Q19437.pdb,0.75,Good (良好)
Q0SH27.pdb,0.75,Good (良好)
Q13554.pdb,0.75,Good (良好)
S6BKQ9.pdb,0.75,Good (良好)
P20228.pdb,0.75,Good (良好)
Q11204.pdb,0.75,Good (良好)
Q03957.pdb,0.75,Good (良好)
Q8DVS2.pdb,0.75,Good (良好)
Q5NT93.pdb,0.75,Good (良好)
A0A0U4MTX7.pdb,0.75,Good (良好)
Q9UTR6.pdb,0.75,Good (良好)
F4ZCI3.pdb,0.75,Good (良好)
O96437.pdb,0.75,Good (良好)
B7J3C9.pdb,0.75,Good (良好)
P48845.pdb,0.75,Good (良好)
P12293.pdb,0.75,Good (良好)
A0A023UHK6.pdb,0.75,Good (良好)
Q09328.pdb,0.75,Good (良好)
Q8H133.pdb,0.75,Good (良好)
B4EMQ6.pdb,0.75,Good (良好)
Q7TSV6.pdb,0.75,Good (良好)
A4ZV25.pdb,0.75,Good (良好)
Q9GZT9.pdb,0.75,Good (良好)
A0A1Q2SVY7.pdb,0.75,Good (良好)
Q335W4.pdb,0.75,Good (良好)
P11387.pdb,0.75,Good (良好)
Q7G065.pdb,0.75,Good (良好)
E0D7I2.pdb,0.75,Good (良好)
I7H6W6.pdb,0.75,Good (良好)
A7UM95.pdb,0.75,Good (良好)
Q93YW7.pdb,0.75,Good (良好)
P00507.pdb,0.75,Good (良好)
Q9NYY3.pdb,0.75,Good (良好)
B6E8Y7.pdb,0.75,Good (良好)
P00432.pdb,0.75,Good (良好)
P14909.pdb,0.75,Good (良好)
Q46A52.pdb,0.75,Good (良好)
Q08834.pdb,0.75,Good (良好)
P97259.pdb,0.75,Good (良好)
Q8NT35.pdb,0.75,Good (良好)
Q6TQF8.pdb,0.75,Good (良好)
A1A3Y9.pdb,0.75,Good (良好)
W5PS11.pdb,0.75,Good (良好)
A5K8L9.pdb,0.75,Good (良好)
A0A1L7NZN4.pdb,0.75,Good (良好)
Q8Q2V9.pdb,0.75,Good (良好)
Q8IZ52.pdb,0.75,Good (良好)
Q53IZ1.pdb,0.75,Good (良好)
Q970N3.pdb,0.75,Good (良好)
A9QXE0.pdb,0.75,Good (良好)
H9JSH4.pdb,0.75,Good (良好)
Q58WP5.pdb,0.75,Good (良好)
Q94CE5.pdb,0.75,Good (良好)
A5XB38.pdb,0.75,Good (良好)
Q9FN30.pdb,0.75,Good (良好)
A0A223FUT7.pdb,0.75,Good (良好)
A0A067L5U2.pdb,0.75,Good (良好)
Q9C0B1.pdb,0.75,Good (良好)
Q84P52.pdb,0.74,Good (良好)
C0BTR1.pdb,0.74,Good (良好)
Q67Y55.pdb,0.74,Good (良好)
Q75R40.pdb,0.74,Good (良好)
M4VLM9.pdb,0.74,Good (良好)
O48709.pdb,0.74,Good (良好)
G2LJR9.pdb,0.74,Good (良好)
Q0GE18.pdb,0.74,Good (良好)
Q6QF57.pdb,0.74,Good (良好)
P80524.pdb,0.74,Good (良好)
Q6IQ20.pdb,0.74,Good (良好)
Q97UN3.pdb,0.74,Good (良好)
O22683.pdb,0.74,Good (良好)
Q8KRK5.pdb,0.74,Good (良好)
Q7YT62.pdb,0.74,Good (良好)
B9X1L2.pdb,0.74,Good (良好)
P96091.pdb,0.74,Good (良好)
Q5MAI6.pdb,0.74,Good (良好)
C0M9W4.pdb,0.74,Good (良好)
Q6XMH7.pdb,0.74,Good (良好)
P34896.pdb,0.74,Good (良好)
Q12083.pdb,0.74,Good (良好)
Q6E0B2.pdb,0.74,Good (良好)
Q16853.pdb,0.74,Good (良好)
I1JCA9.pdb,0.74,Good (良好)
Q8NHS2.pdb,0.74,Good (良好)
P21130.pdb,0.74,Good (良好)
Q06XM8.pdb,0.74,Good (良好)
Q6XMH6.pdb,0.74,Good (良好)
Q93QX0.pdb,0.74,Good (良好)
A4I1T8.pdb,0.74,Good (良好)
Q9ALW1.pdb,0.74,Good (良好)
Q19Q69.pdb,0.74,Good (良好)
P00734.pdb,0.74,Good (良好)
Q872L4.pdb,0.74,Good (良好)
Q27657.pdb,0.74,Good (良好)
Q7SXN1.pdb,0.74,Good (良好)
P38238.pdb,0.74,Good (良好)
A7E8M5.pdb,0.74,Good (良好)
A0A0G4DBU7.pdb,0.74,Good (良好)
Q25BT4.pdb,0.74,Good (良好)
K7WYY0.pdb,0.74,Good (良好)
A8B3D3.pdb,0.74,Good (良好)
Q56316.pdb,0.74,Good (良好)
P39076.pdb,0.74,Good (良好)
A0A0M3VI47.pdb,0.74,Good (良好)
Q9ZT48.pdb,0.74,Good (良好)
A9V766.pdb,0.74,Good (良好)
P18666.pdb,0.74,Good (良好)
A0A193DXP2.pdb,0.74,Good (良好)
F1DH12.pdb,0.74,Good (良好)
Q8C0N2.pdb,0.74,Good (良好)
R4WHQ8.pdb,0.74,Good (良好)
A6P4T5.pdb,0.73,Good (良好)
A6YH13.pdb,0.73,Good (良好)
Q9Z0K8.pdb,0.73,Good (良好)
B7J3E3.pdb,0.73,Good (良好)
P20689.pdb,0.73,Good (良好)
A9KIW5.pdb,0.73,Good (良好)
Q9KZL0.pdb,0.73,Good (良好)
Q9NY59.pdb,0.73,Good (良好)
Q8L3C7.pdb,0.73,Good (良好)
B6CWJ5.pdb,0.73,Good (良好)
Q980D1.pdb,0.73,Good (良好)
J9XGZ5.pdb,0.73,Good (良好)
A7XRY8.pdb,0.73,Good (良好)
P45686.pdb,0.73,Good (良好)
J9XGP8.pdb,0.73,Good (良好)
Q00001.pdb,0.73,Good (良好)
Q9FWK4.pdb,0.73,Good (良好)
O22666.pdb,0.73,Good (良好)
Q8BH82.pdb,0.73,Good (良好)
A0A223K4L6.pdb,0.73,Good (良好)
A1BIV2.pdb,0.73,Good (良好)
Q84P54.pdb,0.73,Good (良好)
P80489.pdb,0.73,Good (良好)
Q41233.pdb,0.73,Good (良好)
Q99PX1.pdb,0.73,Good (良好)
Q9RBY1.pdb,0.73,Good (良好)
A0A1S6LQU6.pdb,0.73,Good (良好)
A0A1V0NIQ5.pdb,0.73,Good (良好)
Q9JJY3.pdb,0.73,Good (良好)
D2KBH9.pdb,0.73,Good (良好)
Q769K2.pdb,0.73,Good (良好)
Q8SR45.pdb,0.73,Good (良好)
A8NBN1.pdb,0.73,Good (良好)
Q9I0K4.pdb,0.73,Good (良好)
Q9NRE1.pdb,0.73,Good (良好)
Q7XN11.pdb,0.73,Good (良好)
A8J7E8.pdb,0.73,Good (良好)
Q187D4.pdb,0.73,Good (良好)
O95237.pdb,0.73,Good (良好)
G1JSL4.pdb,0.73,Good (良好)
A3D2G6.pdb,0.73,Good (良好)
A0A193PYR8.pdb,0.72,Good (良好)
Q93ZN9.pdb,0.72,Good (良好)
Q95PK8.pdb,0.72,Good (良好)
Q0H9W2.pdb,0.72,Good (良好)
Q45NF5.pdb,0.72,Good (良好)
W0P1N8.pdb,0.72,Good (良好)
Q8L0V4.pdb,0.72,Good (良好)
Q6P6C2.pdb,0.72,Good (良好)
I1REW2.pdb,0.72,Good (良好)
Q8KKF9.pdb,0.72,Good (良好)
P94127.pdb,0.72,Good (良好)
Q10468.pdb,0.72,Good (良好)
A0A0U3JTC9.pdb,0.72,Good (良好)
G0ZDR5.pdb,0.72,Good (良好)
Q9AR41.pdb,0.72,Good (良好)
D7VEX3.pdb,0.72,Good (良好)
Q8GW43.pdb,0.72,Good (良好)
Q670W0.pdb,0.72,Good (良好)
Q8YK97.pdb,0.72,Good (良好)
S8EY38.pdb,0.72,Good (良好)
Q8IUN0.pdb,0.72,Good (良好)
E3VL26.pdb,0.72,Good (良好)
Q53562.pdb,0.72,Good (良好)
P34897.pdb,0.72,Good (良好)
Q9S7N2.pdb,0.72,Good (良好)
P29758.pdb,0.72,Good (良好)
Q4KNC9.pdb,0.72,Good (良好)
Q53766.pdb,0.72,Good (良好)
Q9CA75.pdb,0.72,Good (良好)
Q9W3K5.pdb,0.72,Good (良好)
P10547.pdb,0.72,Good (良好)
A9XR52.pdb,0.72,Good (良好)
Q9LVY1.pdb,0.72,Good (良好)
P04182.pdb,0.72,Good (良好)
A9LDD9.pdb,0.72,Good (良好)
P39358.pdb,0.72,Good (良好)
P04181.pdb,0.72,Good (良好)
S4UF58.pdb,0.72,Good (良好)
Q9LR75.pdb,0.72,Good (良好)
A0A0F6SIA9.pdb,0.72,Good (良好)
A0A077JBW9.pdb,0.72,Good (良好)
O93803.pdb,0.72,Good (良好)
P87160.pdb,0.72,Good (良好)
Q583R7.pdb,0.72,Good (良好)
Q4F6N6.pdb,0.72,Good (良好)
Q9JHG1.pdb,0.72,Good (良好)
A0A0D3R1A0.pdb,0.72,Good (良好)
O59425.pdb,0.72,Good (良好)
O95497.pdb,0.72,Good (良好)
Q70JN9.pdb,0.72,Good (良好)
P73043.pdb,0.72,Good (良好)
A9ZM78.pdb,0.72,Good (良好)
Q38BX0.pdb,0.72,Good (良好)
P9WNP5.pdb,0.72,Good (良好)
B1XNF8.pdb,0.71,Good (良好)
E3SVR9.pdb,0.71,Good (良好)
Q9UGI9.pdb,0.71,Good (良好)
Q6QWR1.pdb,0.71,Good (良好)
O94923.pdb,0.71,Good (良好)
Q42521.pdb,0.71,Good (良好)
Q147X3.pdb,0.71,Good (良好)
Q8IU60.pdb,0.71,Good (良好)
L7RY40.pdb,0.71,Good (良好)
Q5EFU4.pdb,0.71,Good (良好)
M1GCP8.pdb,0.71,Good (良好)
Q50925.pdb,0.71,Good (良好)
Q8GV51.pdb,0.71,Good (良好)
P27354.pdb,0.71,Good (良好)
Q8IM75.pdb,0.71,Good (良好)
P43251.pdb,0.71,Good (良好)
A5K7H9.pdb,0.71,Good (良好)
A3QSS7.pdb,0.71,Good (良好)
P48318.pdb,0.71,Good (良好)
A0A0U5KG73.pdb,0.71,Good (良好)
Q8BGW1.pdb,0.71,Good (良好)
Q8IDM2.pdb,0.71,Good (良好)
M9MJR9.pdb,0.71,Good (良好)
Q8K2C8.pdb,0.71,Good (良好)
G8YXZ9.pdb,0.71,Good (良好)
M9NE76.pdb,0.71,Good (良好)
O08796.pdb,0.71,Good (良好)
Q7SCE9.pdb,0.71,Good (良好)
Q8I8Y0.pdb,0.71,Good (良好)
Q9NFN6.pdb,0.71,Good (良好)
Q94JQ3.pdb,0.71,Good (良好)
P73133.pdb,0.71,Good (良好)
Q940L0.pdb,0.71,Good (良好)
P09373.pdb,0.71,Good (良好)
A0A1B1PF34.pdb,0.71,Good (良好)
C6JSW6.pdb,0.71,Good (良好)
A0A1D8PG20.pdb,0.71,Good (良好)
P10270.pdb,0.71,Good (良好)
P19468.pdb,0.71,Good (良好)
E3PY96.pdb,0.71,Good (良好)
B1B389.pdb,0.71,Good (良好)
C0HK05.pdb,0.7,Good (良好)
P32440.pdb,0.7,Good (良好)
Q39249.pdb,0.7,Fair (一般)
Q9SIE1.pdb,0.7,Good (良好)
Q27HX3.pdb,0.7,Fair (一般)
A7UHH1.pdb,0.7,Fair (一般)
D5GU62.pdb,0.7,Good (良好)
C7LHI0.pdb,0.7,Fair (一般)
D6PXK5.pdb,0.7,Fair (一般)
P48320.pdb,0.7,Good (良好)
Q05526.pdb,0.7,Good (良好)
O13297.pdb,0.7,Good (良好)
A7UMP3.pdb,0.7,Good (良好)
C0H477.pdb,0.7,Fair (一般)
A0EJ89.pdb,0.7,Fair (一般)
O22775.pdb,0.7,Good (良好)
Q8BI55.pdb,0.7,Good (良好)
Q588Z2.pdb,0.7,Good (良好)
Q8X176.pdb,0.7,Good (良好)
O00418.pdb,0.7,Fair (一般)
Q9JII1.pdb,0.7,Fair (一般)
Q93107.pdb,0.7,Good (良好)
Q9Y463.pdb,0.7,Fair (一般)
O15488.pdb,0.7,Good (良好)
Q05329.pdb,0.7,Good (良好)
Q6LFH8.pdb,0.7,Good (良好)
Q59639.pdb,0.7,Fair (一般)
Q8C1F4.pdb,0.7,Fair (一般)
M9TNM8.pdb,0.7,Good (良好)
A0A0T6DN91.pdb,0.7,Good (良好)
I6ZIX7.pdb,0.7,Fair (一般)
A7LP30.pdb,0.7,Good (良好)
A0A0B5CSE1.pdb,0.7,Fair (一般)
A0A3S5ZPF7.pdb,0.7,Good (良好)
E8MF13.pdb,0.7,Good (良好)
A6YSL1.pdb,0.7,Fair (一般)
P48506.pdb,0.7,Good (良好)
Q673U2.pdb,0.7,Fair (一般)
Q9Z188.pdb,0.7,Fair (一般)
K4HXK6.pdb,0.7,Good (良好)
B1A0U3.pdb,0.7,Good (良好)
Q9AQQ8.pdb,0.7,Good (良好)
Q5ZZJ8.pdb,0.7,Good (良好)
O87082.pdb,0.7,Fair (一般)
Q17WF8.pdb,0.69,Fair (一般)
Q9SM43.pdb,0.69,Fair (一般)
D6RKV4.pdb,0.69,Fair (一般)
Q8TDX6.pdb,0.69,Fair (一般)
F7YUS1.pdb,0.69,Fair (一般)
Q0CZR3.pdb,0.69,Fair (一般)
Q8NT48.pdb,0.69,Fair (一般)
Q938E9.pdb,0.69,Fair (一般)
B3U3D9.pdb,0.69,Fair (一般)
Q6UG02.pdb,0.69,Fair (一般)
Q76EB5.pdb,0.69,Fair (一般)
A0A3S7WWI2.pdb,0.69,Fair (一般)
P27353.pdb,0.69,Fair (一般)
Q80A54.pdb,0.69,Fair (一般)
Q9Y871.pdb,0.69,Fair (一般)
P90517.pdb,0.69,Fair (一般)
Q9UV68.pdb,0.69,Fair (一般)
A1CZ35.pdb,0.69,Fair (一般)
F1DTB9.pdb,0.69,Fair (一般)
P36551.pdb,0.69,Fair (一般)
Q8TDP1.pdb,0.68,Fair (一般)
Q80A58.pdb,0.68,Fair (一般)
Q8N6G5.pdb,0.68,Fair (一般)
P29082.pdb,0.68,Fair (一般)
O43741.pdb,0.68,Fair (一般)
Q8X1D1.pdb,0.68,Fair (一般)
Q93Z96.pdb,0.68,Fair (一般)
D2XZ13.pdb,0.68,Fair (一般)
O97071.pdb,0.68,Fair (一般)
Q3SPU6.pdb,0.68,Fair (一般)
P23293.pdb,0.68,Fair (一般)
O15270.pdb,0.68,Fair (一般)
Q71KM2.pdb,0.68,Fair (一般)
P27116.pdb,0.68,Fair (一般)
Q8GWB7.pdb,0.68,Fair (一般)
Q8BJQ9.pdb,0.68,Fair (一般)
B2MUU6.pdb,0.68,Fair (一般)
B8HNS6.pdb,0.68,Fair (一般)
Q84XQ5.pdb,0.68,Fair (一般)
Q977W3.pdb,0.68,Fair (一般)
Q67ZJ4.pdb,0.67,Fair (一般)
Q08641.pdb,0.67,Fair (一般)
P04963.pdb,0.67,Fair (一般)
S8GJB1.pdb,0.67,Fair (一般)
Q9Q2W5.pdb,0.67,Fair (一般)
A8HPQ6.pdb,0.67,Fair (一般)
Q8LLW7.pdb,0.67,Fair (一般)
O08348.pdb,0.67,Fair (一般)
C1KBE8.pdb,0.67,Fair (一般)
Q9UV63.pdb,0.67,Fair (一般)
A1X864.pdb,0.67,Fair (一般)
I2E7L0.pdb,0.67,Fair (一般)
A4R5S9.pdb,0.67,Fair (一般)
D3DIA0.pdb,0.67,Fair (一般)
Q1JK37.pdb,0.67,Fair (一般)
F8TW82.pdb,0.67,Fair (一般)
Q31MN3.pdb,0.67,Fair (一般)
D6RU53.pdb,0.67,Fair (一般)
A0A5B8TZA8.pdb,0.66,Fair (一般)
B5APK2.pdb,0.66,Fair (一般)
C1I210.pdb,0.66,Fair (一般)
P9WIE5.pdb,0.66,Fair (一般)
P87161.pdb,0.66,Fair (一般)
A0A674DA32.pdb,0.66,Fair (一般)
A3DH67.pdb,0.66,Fair (一般)
Q5W9R9.pdb,0.66,Fair (一般)
Q5F2I3.pdb,0.66,Fair (一般)
L0N3Y0.pdb,0.65,Fair (一般)
Q2KP14.pdb,0.65,Fair (一般)
P08680.pdb,0.65,Fair (一般)
Q7XTK4.pdb,0.65,Fair (一般)
A0A2Z5TTR4.pdb,0.65,Fair (一般)
Q8L707.pdb,0.65,Fair (一般)
Q02724.pdb,0.65,Fair (一般)
Q6LA34.pdb,0.65,Fair (一般)
Q52NW7.pdb,0.65,Fair (一般)
Q9FA38.pdb,0.65,Fair (一般)
R1BZP3.pdb,0.65,Fair (一般)
A0A0P0IJ73.pdb,0.65,Fair (一般)
A8CWI2.pdb,0.64,Fair (一般)
P19113.pdb,0.64,Fair (一般)
P70390.pdb,0.64,Fair (一般)
P57054.pdb,0.64,Fair (一般)
Q43998.pdb,0.64,Fair (一般)
I3RE04.pdb,0.64,Fair (一般)
I3R9M8.pdb,0.64,Fair (一般)
A8CFD3.pdb,0.64,Fair (一般)
A0A1B1Y261.pdb,0.64,Fair (一般)
Q7XZE6.pdb,0.64,Fair (一般)
A8CEF6.pdb,0.64,Fair (一般)
Q76DU0.pdb,0.64,Fair (一般)
Q9M0D7.pdb,0.64,Fair (一般)
Q9F0Q9.pdb,0.64,Fair (一般)
Q9LZJ3.pdb,0.64,Fair (一般)
P31893.pdb,0.64,Fair (一般)
A0A068Q816.pdb,0.64,Fair (一般)
Q76DT9.pdb,0.63,Fair (一般)
Q1JUL0.pdb,0.63,Fair (一般)
A0A0A0V7L5.pdb,0.63,Fair (一般)
P22557.pdb,0.63,Fair (一般)
D6RU55.pdb,0.63,Fair (一般)
Q63470.pdb,0.63,Fair (一般)
Q9H8E8.pdb,0.63,Fair (一般)
A0A379KX44.pdb,0.63,Fair (一般)
Q13627.pdb,0.63,Fair (一般)
E3PY95.pdb,0.62,Fair (一般)
Q581U6.pdb,0.62,Fair (一般)
I3ZTN9.pdb,0.62,Fair (一般)
A4IB50.pdb,0.62,Fair (一般)
P11349.pdb,0.62,Fair (一般)
D3WYV9.pdb,0.62,Fair (一般)
Q9C0I1.pdb,0.62,Fair (一般)
A9ZRZ6.pdb,0.62,Fair (一般)
Q9P0U3.pdb,0.61,Fair (一般)
Q8GJ27.pdb,0.61,Fair (一般)
Q9SF04.pdb,0.61,Fair (一般)
Q7M4I4.pdb,0.61,Fair (一般)
Q8IBI4.pdb,0.61,Fair (一般)
Q9HC62.pdb,0.61,Fair (一般)
Q9BLZ2.pdb,0.61,Fair (一般)
A0A387K406.pdb,0.61,Fair (一般)
Q9JP48.pdb,0.61,Fair (一般)
Q80ZG2.pdb,0.61,Fair (一般)
P81593.pdb,0.61,Fair (一般)
A8CH84.pdb,0.6,Fair (一般)
B3PC73.pdb,0.6,Fair (一般)
Q27IE1.pdb,0.6,Fair (一般)
Q9BW91.pdb,0.6,Fair (一般)
D1JH91.pdb,0.6,Fair (一般)
Q9AIX7.pdb,0.6,Fair (一般)
A8CIU9.pdb,0.6,Fair (一般)
Q9EZV6.pdb,0.6,Fair (一般)
P77946.pdb,0.59,Fair (一般)
A0A0C4WTK3.pdb,0.59,Fair (一般)
P27355.pdb,0.59,Fair (一般)
A0A1D5NU03.pdb,0.59,Fair (一般)
Q1JUL1.pdb,0.58,Fair (一般)
Q5SJG5.pdb,0.58,Fair (一般)
C0IRI4.pdb,0.58,Fair (一般)
Q0G9P7.pdb,0.58,Fair (一般)
H2VFK0.pdb,0.58,Fair (一般)
A6NA24.pdb,0.58,Fair (一般)
O28604.pdb,0.58,Fair (一般)
B2NI94.pdb,0.57,Fair (一般)
Q712V1.pdb,0.57,Fair (一般)
O14867.pdb,0.57,Fair (一般)
Q8KBL0.pdb,0.57,Fair (一般)
P41020.pdb,0.56,Fair (一般)
N8X9V6.pdb,0.55,Fair (一般)
Q2VMT1.pdb,0.55,Fair (一般)
A0A096ZNF0.pdb,0.55,Fair (一般)
A0A0H5BR52.pdb,0.55,Fair (一般)
Q8DKZ3.pdb,0.55,Fair (一般)
P80654.pdb,0.55,Fair (一般)
V9P0A9.pdb,0.55,Fair (一般)
E3W9G3.pdb,0.55,Fair (一般)
A3FJ51.pdb,0.54,Fair (一般)
Q9L9Q2.pdb,0.54,Fair (一般)
P97224.pdb,0.54,Fair (一般)
Q607G3.pdb,0.54,Fair (一般)
Q9BRB3.pdb,0.54,Fair (一般)
Q93UQ5.pdb,0.54,Fair (一般)
O49284.pdb,0.54,Fair (一般)
Q42432.pdb,0.53,Fair (一般)
A0A1D8D5T2.pdb,0.53,Fair (一般)
A0A1U8X5K7.pdb,0.53,Fair (一般)
P0DJ44.pdb,0.53,Fair (一般)
Q8IHW5.pdb,0.53,Fair (一般)
P80470.pdb,0.53,Fair (一般)
B3EWP2.pdb,0.52,Fair (一般)
Q75UG5.pdb,0.52,Fair (一般)
A0A0S0FTT9.pdb,0.52,Fair (一般)
B3XPZ2.pdb,0.52,Fair (一般)
A0P951.pdb,0.52,Fair (一般)
Q9L3Z9.pdb,0.52,Fair (一般)
Q53768.pdb,0.51,Fair (一般)
Q8I273.pdb,0.5,Fair (一般)
A5K9U5.pdb,0.5,Fair (一般)
Q3YJ63.pdb,0.5,Fair (一般)
P80651.pdb,0.48,Poor (较差/无序)
P80655.pdb,0.48,Poor (较差/无序)
P21833.pdb,0.48,Poor (较差/无序)
Q8FZW3.pdb,0.48,Poor (较差/无序)
Q7X0P3.pdb,0.47,Poor (较差/无序)
F8SUI8.pdb,0.47,Poor (较差/无序)
P42738.pdb,0.46,Poor (较差/无序)
Q04507.pdb,0.46,Poor (较差/无序)
P19264.pdb,0.46,Poor (较差/无序)
F8SUI7.pdb,0.46,Poor (较差/无序)
P80653.pdb,0.46,Poor (较差/无序)
B4YE15.pdb,0.45,Poor (较差/无序)
F2JXJ3.pdb,0.45,Poor (较差/无序)
A0A1S6Q8F9.pdb,0.45,Poor (较差/无序)
A0A699ZU33.pdb,0.44,Poor (较差/无序)
Q03579.pdb,0.43,Poor (较差/无序)
P41021.pdb,0.42,Poor (较差/无序)
P0DKH4.pdb,0.42,Poor (较差/无序)
Q9YSK2.pdb,0.42,Poor (较差/无序)
A0A0M4N1K4.pdb,0.42,Poor (较差/无序)
W5WHY8.pdb,0.41,Poor (较差/无序)
B3XPZ3.pdb,0.41,Poor (较差/无序)
O67575.pdb,0.41,Poor (较差/无序)
A9S498.pdb,0.41,Poor (较差/无序)
Q9V2B6.pdb,0.4,Poor (较差/无序)
F8TW83.pdb,0.4,Poor (较差/无序)
P16688.pdb,0.4,Poor (较差/无序)
O34453.pdb,0.4,Poor (较差/无序)
Q9C544.pdb,0.39,Poor (较差/无序)
A0A2K1JMA3.pdb,0.38,Poor (较差/无序)
Q9S7H4.pdb,0.38,Poor (较差/无序)
A3MSD2.pdb,0.38,Poor (较差/无序)
F9VMT6.pdb,0.37,Poor (较差/无序)
W1PFX5.pdb,0.37,Poor (较差/无序)
C1I209.pdb,0.37,Poor (较差/无序)
U5D896.pdb,0.36,Poor (较差/无序)
P29254.pdb,0.36,Poor (较差/无序)
B3EWG9.pdb,0.36,Poor (较差/无序)
D8R1Y1.pdb,0.36,Poor (较差/无序)
G8ZFZ3.pdb,0.36,Poor (较差/无序)
A0A291LTQ0.pdb,0.35,Poor (较差/无序)
P06512.pdb,0.35,Poor (较差/无序)
P27356.pdb,0.35,Poor (较差/无序)
C9K504.pdb,0.35,Poor (较差/无序)
Q980K6.pdb,0.35,Poor (较差/无序)
D9J009.pdb,0.35,Poor (较差/无序)
P29255.pdb,0.35,Poor (较差/无序)
A2I9X8.pdb,0.35,Poor (较差/无序)
P09144.pdb,0.34,Poor (较差/无序)
P0A407.pdb,0.34,Poor (较差/无序)
C9W9E3.pdb,0.34,Poor (较差/无序)
Q5SJC3.pdb,0.34,Poor (较差/无序)
Q8GR90.pdb,0.33,Poor (较差/无序)
P0A405.pdb,0.33,Poor (较差/无序)
P12154.pdb,0.33,Poor (较差/无序)
I6WHP7.pdb,0.33,Poor (较差/无序)
Q09UW1.pdb,0.32,Poor (较差/无序)
Q8NKR9.pdb,0.32,Poor (较差/无序)
Q09UW0.pdb,0.32,Poor (较差/无序)
P85513.pdb,0.32,Poor (较差/无序)
P31343.pdb,0.31,Poor (较差/无序)
P11562.pdb,0.31,Poor (较差/无序)
Q5U9J1.pdb,0.31,Poor (较差/无序)
P03433.pdb,0.31,Poor (较差/无序)
O92261.pdb,0.3,Poor (较差/无序)
B3Y006.pdb,0.3,Poor (较差/无序)
P11560.pdb,0.3,Poor (较差/无序)
I1UMG7.pdb,0.3,Poor (较差/无序)
E7AXS8.pdb,0.29,Poor (较差/无序)
P11558.pdb,0.28,Poor (较差/无序)
A0A3G3NI51.pdb,0.0,Poor (较差/无序)
