Filename,Avg_pLDDT,Rating
15245.pdb,0.99,Excellent (极好)
10626.pdb,0.99,Excellent (极好)
3936.pdb,0.99,Excellent (极好)
7663.pdb,0.99,Excellent (极好)
25308.pdb,0.99,Excellent (极好)
9747.pdb,0.98,Excellent (极好)
26704.pdb,0.98,Excellent (极好)
24477.pdb,0.98,Excellent (极好)
1423.pdb,0.98,Excellent (极好)
31022.pdb,0.98,Excellent (极好)
27417.pdb,0.98,Excellent (极好)
6035.pdb,0.98,Excellent (极好)
13869.pdb,0.98,Excellent (极好)
21943.pdb,0.98,Excellent (极好)
20971.pdb,0.98,Excellent (极好)
19087.pdb,0.98,Excellent (极好)
3307.pdb,0.98,Excellent (极好)
15928.pdb,0.98,Excellent (极好)
13227.pdb,0.98,Excellent (极好)
27473.pdb,0.98,Excellent (极好)
3090.pdb,0.98,Excellent (极好)
22608.pdb,0.98,Excellent (极好)
14338.pdb,0.98,Excellent (极好)
26050.pdb,0.98,Excellent (极好)
11493.pdb,0.98,Excellent (极好)
27184.pdb,0.98,Excellent (极好)
15053.pdb,0.98,Excellent (极好)
12581.pdb,0.98,Excellent (极好)
22477.pdb,0.98,Excellent (极好)
11287.pdb,0.98,Excellent (极好)
14220.pdb,0.98,Excellent (极好)
30267.pdb,0.98,Excellent (极好)
10829.pdb,0.98,Excellent (极好)
23222.pdb,0.98,Excellent (极好)
18245.pdb,0.98,Excellent (极好)
6183.pdb,0.98,Excellent (极好)
5659.pdb,0.98,Excellent (极好)
12544.pdb,0.98,Excellent (极好)
21733.pdb,0.98,Excellent (极好)
2026.pdb,0.98,Excellent (极好)
14276.pdb,0.98,Excellent (极好)
16463.pdb,0.98,Excellent (极好)
9251.pdb,0.98,Excellent (极好)
30172.pdb,0.98,Excellent (极好)
7799.pdb,0.98,Excellent (极好)
28658.pdb,0.98,Excellent (极好)
14456.pdb,0.98,Excellent (极好)
11158.pdb,0.98,Excellent (极好)
21066.pdb,0.98,Excellent (极好)
18082.pdb,0.98,Excellent (极好)
23105.pdb,0.98,Excellent (极好)
13225.pdb,0.98,Excellent (极好)
27188.pdb,0.98,Excellent (极好)
29089.pdb,0.98,Excellent (极好)
7492.pdb,0.98,Excellent (极好)
10356.pdb,0.98,Excellent (极好)
12124.pdb,0.98,Excellent (极好)
14217.pdb,0.98,Excellent (极好)
28991.pdb,0.98,Excellent (极好)
7690.pdb,0.98,Excellent (极好)
8433.pdb,0.98,Excellent (极好)
26462.pdb,0.98,Excellent (极好)
23358.pdb,0.98,Excellent (极好)
20551.pdb,0.98,Excellent (极好)
14441.pdb,0.98,Excellent (极好)
25359.pdb,0.98,Excellent (极好)
12492.pdb,0.98,Excellent (极好)
20696.pdb,0.98,Excellent (极好)
29079.pdb,0.98,Excellent (极好)
21474.pdb,0.98,Excellent (极好)
28146.pdb,0.98,Excellent (极好)
12402.pdb,0.98,Excellent (极好)
5273.pdb,0.98,Excellent (极好)
28173.pdb,0.98,Excellent (极好)
27284.pdb,0.98,Excellent (极好)
26419.pdb,0.98,Excellent (极好)
13151.pdb,0.98,Excellent (极好)
4179.pdb,0.98,Excellent (极好)
14841.pdb,0.98,Excellent (极好)
19157.pdb,0.98,Excellent (极好)
28914.pdb,0.98,Excellent (极好)
11467.pdb,0.98,Excellent (极好)
25015.pdb,0.98,Excellent (极好)
7726.pdb,0.98,Excellent (极好)
7779.pdb,0.98,Excellent (极好)
13727.pdb,0.98,Excellent (极好)
20448.pdb,0.98,Excellent (极好)
14253.pdb,0.98,Excellent (极好)
13197.pdb,0.98,Excellent (极好)
15948.pdb,0.98,Excellent (极好)
14416.pdb,0.98,Excellent (极好)
12881.pdb,0.98,Excellent (极好)
21036.pdb,0.98,Excellent (极好)
14888.pdb,0.98,Excellent (极好)
12377.pdb,0.98,Excellent (极好)
4481.pdb,0.98,Excellent (极好)
21702.pdb,0.98,Excellent (极好)
19930.pdb,0.98,Excellent (极好)
18210.pdb,0.98,Excellent (极好)
19304.pdb,0.98,Excellent (极好)
27326.pdb,0.98,Excellent (极好)
1141.pdb,0.97,Excellent (极好)
27025.pdb,0.97,Excellent (极好)
11301.pdb,0.97,Excellent (极好)
11244.pdb,0.97,Excellent (极好)
21741.pdb,0.97,Excellent (极好)
12489.pdb,0.97,Excellent (极好)
14019.pdb,0.97,Excellent (极好)
12359.pdb,0.97,Excellent (极好)
27203.pdb,0.97,Excellent (极好)
9398.pdb,0.97,Excellent (极好)
14958.pdb,0.97,Excellent (极好)
27108.pdb,0.97,Excellent (极好)
29074.pdb,0.97,Excellent (极好)
17324.pdb,0.97,Excellent (极好)
26140.pdb,0.97,Excellent (极好)
28482.pdb,0.97,Excellent (极好)
14299.pdb,0.97,Excellent (极好)
26280.pdb,0.97,Excellent (极好)
31243.pdb,0.97,Excellent (极好)
20611.pdb,0.97,Excellent (极好)
4501.pdb,0.97,Excellent (极好)
26412.pdb,0.97,Excellent (极好)
12420.pdb,0.97,Excellent (极好)
9131.pdb,0.97,Excellent (极好)
23226.pdb,0.97,Excellent (极好)
23885.pdb,0.97,Excellent (极好)
1782.pdb,0.97,Excellent (极好)
25395.pdb,0.97,Excellent (极好)
3237.pdb,0.97,Excellent (极好)
13136.pdb,0.97,Excellent (极好)
1840.pdb,0.97,Excellent (极好)
19350.pdb,0.97,Excellent (极好)
29077.pdb,0.97,Excellent (极好)
10547.pdb,0.97,Excellent (极好)
29120.pdb,0.97,Excellent (极好)
25634.pdb,0.97,Excellent (极好)
26842.pdb,0.97,Excellent (极好)
8673.pdb,0.97,Excellent (极好)
29461.pdb,0.97,Excellent (极好)
21366.pdb,0.97,Excellent (极好)
23693.pdb,0.97,Excellent (极好)
16037.pdb,0.97,Excellent (极好)
11219.pdb,0.97,Excellent (极好)
18170.pdb,0.97,Excellent (极好)
24133.pdb,0.97,Excellent (极好)
9362.pdb,0.97,Excellent (极好)
12497.pdb,0.97,Excellent (极好)
14026.pdb,0.97,Excellent (极好)
10847.pdb,0.97,Excellent (极好)
8372.pdb,0.97,Excellent (极好)
29870.pdb,0.97,Excellent (极好)
21962.pdb,0.97,Excellent (极好)
7753.pdb,0.97,Excellent (极好)
15674.pdb,0.97,Excellent (极好)
27228.pdb,0.97,Excellent (极好)
22063.pdb,0.97,Excellent (极好)
1342.pdb,0.97,Excellent (极好)
4894.pdb,0.97,Excellent (极好)
14371.pdb,0.97,Excellent (极好)
14432.pdb,0.97,Excellent (极好)
27511.pdb,0.97,Excellent (极好)
15207.pdb,0.97,Excellent (极好)
23680.pdb,0.97,Excellent (极好)
20126.pdb,0.97,Excellent (极好)
1737.pdb,0.97,Excellent (极好)
24553.pdb,0.97,Excellent (极好)
16221.pdb,0.97,Excellent (极好)
7568.pdb,0.97,Excellent (极好)
23015.pdb,0.97,Excellent (极好)
5982.pdb,0.97,Excellent (极好)
26806.pdb,0.97,Excellent (极好)
22480.pdb,0.97,Excellent (极好)
9118.pdb,0.97,Excellent (极好)
19906.pdb,0.97,Excellent (极好)
21044.pdb,0.97,Excellent (极好)
12561.pdb,0.97,Excellent (极好)
11318.pdb,0.97,Excellent (极好)
30458.pdb,0.97,Excellent (极好)
14777.pdb,0.97,Excellent (极好)
8111.pdb,0.97,Excellent (极好)
2126.pdb,0.97,Excellent (极好)
8540.pdb,0.97,Excellent (极好)
1432.pdb,0.97,Excellent (极好)
10279.pdb,0.97,Excellent (极好)
20553.pdb,0.97,Excellent (极好)
13666.pdb,0.97,Excellent (极好)
8414.pdb,0.97,Excellent (极好)
2259.pdb,0.97,Excellent (极好)
4847.pdb,0.97,Excellent (极好)
18105.pdb,0.97,Excellent (极好)
20422.pdb,0.97,Excellent (极好)
29262.pdb,0.97,Excellent (极好)
11345.pdb,0.97,Excellent (极好)
12020.pdb,0.97,Excellent (极好)
19144.pdb,0.97,Excellent (极好)
21032.pdb,0.97,Excellent (极好)
13696.pdb,0.97,Excellent (极好)
25106.pdb,0.97,Excellent (极好)
9325.pdb,0.97,Excellent (极好)
21831.pdb,0.97,Excellent (极好)
11602.pdb,0.97,Excellent (极好)
834.pdb,0.97,Excellent (极好)
10933.pdb,0.97,Excellent (极好)
11638.pdb,0.97,Excellent (极好)
29048.pdb,0.97,Excellent (极好)
15996.pdb,0.97,Excellent (极好)
21770.pdb,0.97,Excellent (极好)
30035.pdb,0.97,Excellent (极好)
5413.pdb,0.97,Excellent (极好)
22650.pdb,0.97,Excellent (极好)
21847.pdb,0.97,Excellent (极好)
16462.pdb,0.97,Excellent (极好)
12137.pdb,0.97,Excellent (极好)
16420.pdb,0.97,Excellent (极好)
22511.pdb,0.97,Excellent (极好)
31156.pdb,0.97,Excellent (极好)
18026.pdb,0.97,Excellent (极好)
337.pdb,0.97,Excellent (极好)
4452.pdb,0.97,Excellent (极好)
9511.pdb,0.97,Excellent (极好)
9751.pdb,0.97,Excellent (极好)
2039.pdb,0.97,Excellent (极好)
15024.pdb,0.97,Excellent (极好)
19122.pdb,0.97,Excellent (极好)
22497.pdb,0.97,Excellent (极好)
12351.pdb,0.97,Excellent (极好)
9445.pdb,0.97,Excellent (极好)
24077.pdb,0.97,Excellent (极好)
13675.pdb,0.97,Excellent (极好)
4770.pdb,0.97,Excellent (极好)
28236.pdb,0.97,Excellent (极好)
29279.pdb,0.97,Excellent (极好)
14472.pdb,0.97,Excellent (极好)
11339.pdb,0.97,Excellent (极好)
15890.pdb,0.97,Excellent (极好)
16337.pdb,0.97,Excellent (极好)
2017.pdb,0.97,Excellent (极好)
24952.pdb,0.97,Excellent (极好)
412.pdb,0.97,Excellent (极好)
31150.pdb,0.97,Excellent (极好)
18106.pdb,0.97,Excellent (极好)
9774.pdb,0.97,Excellent (极好)
5307.pdb,0.97,Excellent (极好)
22037.pdb,0.97,Excellent (极好)
12175.pdb,0.97,Excellent (极好)
11575.pdb,0.97,Excellent (极好)
14261.pdb,0.97,Excellent (极好)
20595.pdb,0.97,Excellent (极好)
345.pdb,0.97,Excellent (极好)
11965.pdb,0.97,Excellent (极好)
24479.pdb,0.97,Excellent (极好)
12767.pdb,0.97,Excellent (极好)
9116.pdb,0.97,Excellent (极好)
13640.pdb,0.97,Excellent (极好)
13838.pdb,0.97,Excellent (极好)
24637.pdb,0.97,Excellent (极好)
14454.pdb,0.97,Excellent (极好)
19928.pdb,0.97,Excellent (极好)
28225.pdb,0.97,Excellent (极好)
3239.pdb,0.97,Excellent (极好)
19288.pdb,0.97,Excellent (极好)
21823.pdb,0.97,Excellent (极好)
14210.pdb,0.97,Excellent (极好)
29651.pdb,0.97,Excellent (极好)
15971.pdb,0.97,Excellent (极好)
26227.pdb,0.97,Excellent (极好)
15991.pdb,0.97,Excellent (极好)
13877.pdb,0.97,Excellent (极好)
13259.pdb,0.97,Excellent (极好)
2512.pdb,0.97,Excellent (极好)
12746.pdb,0.97,Excellent (极好)
29822.pdb,0.97,Excellent (极好)
25226.pdb,0.97,Excellent (极好)
8959.pdb,0.97,Excellent (极好)
22377.pdb,0.97,Excellent (极好)
20406.pdb,0.97,Excellent (极好)
8532.pdb,0.97,Excellent (极好)
24988.pdb,0.97,Excellent (极好)
27500.pdb,0.97,Excellent (极好)
26782.pdb,0.97,Excellent (极好)
12463.pdb,0.97,Excellent (极好)
12389.pdb,0.97,Excellent (极好)
13660.pdb,0.97,Excellent (极好)
7788.pdb,0.97,Excellent (极好)
9517.pdb,0.97,Excellent (极好)
4897.pdb,0.97,Excellent (极好)
14532.pdb,0.97,Excellent (极好)
19717.pdb,0.97,Excellent (极好)
15191.pdb,0.97,Excellent (极好)
21929.pdb,0.97,Excellent (极好)
15112.pdb,0.97,Excellent (极好)
24202.pdb,0.97,Excellent (极好)
7255.pdb,0.97,Excellent (极好)
7934.pdb,0.97,Excellent (极好)
5471.pdb,0.97,Excellent (极好)
27450.pdb,0.97,Excellent (极好)
20211.pdb,0.97,Excellent (极好)
27410.pdb,0.97,Excellent (极好)
9608.pdb,0.97,Excellent (极好)
1956.pdb,0.97,Excellent (极好)
12462.pdb,0.97,Excellent (极好)
15179.pdb,0.97,Excellent (极好)
29128.pdb,0.97,Excellent (极好)
19298.pdb,0.97,Excellent (极好)
15483.pdb,0.97,Excellent (极好)
14876.pdb,0.97,Excellent (极好)
22041.pdb,0.97,Excellent (极好)
19693.pdb,0.97,Excellent (极好)
21832.pdb,0.97,Excellent (极好)
3530.pdb,0.97,Excellent (极好)
14700.pdb,0.97,Excellent (极好)
15121.pdb,0.97,Excellent (极好)
9002.pdb,0.97,Excellent (极好)
22381.pdb,0.97,Excellent (极好)
25235.pdb,0.97,Excellent (极好)
11827.pdb,0.97,Excellent (极好)
7691.pdb,0.97,Excellent (极好)
21890.pdb,0.97,Excellent (极好)
24303.pdb,0.97,Excellent (极好)
12556.pdb,0.97,Excellent (极好)
17666.pdb,0.97,Excellent (极好)
31105.pdb,0.97,Excellent (极好)
29742.pdb,0.97,Excellent (极好)
10427.pdb,0.97,Excellent (极好)
12264.pdb,0.97,Excellent (极好)
4490.pdb,0.97,Excellent (极好)
20889.pdb,0.97,Excellent (极好)
14910.pdb,0.97,Excellent (极好)
12519.pdb,0.97,Excellent (极好)
18074.pdb,0.97,Excellent (极好)
16249.pdb,0.97,Excellent (极好)
27627.pdb,0.97,Excellent (极好)
8156.pdb,0.97,Excellent (极好)
9323.pdb,0.97,Excellent (极好)
13748.pdb,0.97,Excellent (极好)
25757.pdb,0.97,Excellent (极好)
13929.pdb,0.97,Excellent (极好)
12477.pdb,0.97,Excellent (极好)
14235.pdb,0.97,Excellent (极好)
29420.pdb,0.97,Excellent (极好)
23951.pdb,0.97,Excellent (极好)
12340.pdb,0.97,Excellent (极好)
14716.pdb,0.97,Excellent (极好)
2123.pdb,0.97,Excellent (极好)
9507.pdb,0.97,Excellent (极好)
22498.pdb,0.97,Excellent (极好)
27162.pdb,0.97,Excellent (极好)
21887.pdb,0.97,Excellent (极好)
12438.pdb,0.97,Excellent (极好)
14920.pdb,0.97,Excellent (极好)
9487.pdb,0.97,Excellent (极好)
8892.pdb,0.97,Excellent (极好)
5282.pdb,0.97,Excellent (极好)
15127.pdb,0.97,Excellent (极好)
21167.pdb,0.96,Excellent (极好)
3025.pdb,0.96,Excellent (极好)
10064.pdb,0.96,Excellent (极好)
5676.pdb,0.96,Excellent (极好)
3754.pdb,0.96,Excellent (极好)
21696.pdb,0.96,Excellent (极好)
28342.pdb,0.96,Excellent (极好)
1726.pdb,0.96,Excellent (极好)
7165.pdb,0.96,Excellent (极好)
14908.pdb,0.96,Excellent (极好)
22309.pdb,0.96,Excellent (极好)
14780.pdb,0.96,Excellent (极好)
28044.pdb,0.96,Excellent (极好)
9585.pdb,0.96,Excellent (极好)
25553.pdb,0.96,Excellent (极好)
19954.pdb,0.96,Excellent (极好)
21560.pdb,0.96,Excellent (极好)
6606.pdb,0.96,Excellent (极好)
23771.pdb,0.96,Excellent (极好)
23738.pdb,0.96,Excellent (极好)
31044.pdb,0.96,Excellent (极好)
29475.pdb,0.96,Excellent (极好)
14230.pdb,0.96,Excellent (极好)
5844.pdb,0.96,Excellent (极好)
6238.pdb,0.96,Excellent (极好)
15644.pdb,0.96,Excellent (极好)
22318.pdb,0.96,Excellent (极好)
16487.pdb,0.96,Excellent (极好)
17911.pdb,0.96,Excellent (极好)
6805.pdb,0.96,Excellent (极好)
8774.pdb,0.96,Excellent (极好)
8404.pdb,0.96,Excellent (极好)
20452.pdb,0.96,Excellent (极好)
23229.pdb,0.96,Excellent (极好)
12421.pdb,0.96,Excellent (极好)
184.pdb,0.96,Excellent (极好)
16303.pdb,0.96,Excellent (极好)
28584.pdb,0.96,Excellent (极好)
27577.pdb,0.96,Excellent (极好)
14204.pdb,0.96,Excellent (极好)
15912.pdb,0.96,Excellent (极好)
20890.pdb,0.96,Excellent (极好)
5601.pdb,0.96,Excellent (极好)
26764.pdb,0.96,Excellent (极好)
27537.pdb,0.96,Excellent (极好)
14948.pdb,0.96,Excellent (极好)
18265.pdb,0.96,Excellent (极好)
2217.pdb,0.96,Excellent (极好)
13739.pdb,0.96,Excellent (极好)
27040.pdb,0.96,Excellent (极好)
19156.pdb,0.96,Excellent (极好)
29935.pdb,0.96,Excellent (极好)
20918.pdb,0.96,Excellent (极好)
10609.pdb,0.96,Excellent (极好)
30363.pdb,0.96,Excellent (极好)
12028.pdb,0.96,Excellent (极好)
29979.pdb,0.96,Excellent (极好)
17910.pdb,0.96,Excellent (极好)
23682.pdb,0.96,Excellent (极好)
13585.pdb,0.96,Excellent (极好)
27171.pdb,0.96,Excellent (极好)
10751.pdb,0.96,Excellent (极好)
22269.pdb,0.96,Excellent (极好)
14459.pdb,0.96,Excellent (极好)
19139.pdb,0.96,Excellent (极好)
14806.pdb,0.96,Excellent (极好)
19778.pdb,0.96,Excellent (极好)
30498.pdb,0.96,Excellent (极好)
29144.pdb,0.96,Excellent (极好)
4107.pdb,0.96,Excellent (极好)
10915.pdb,0.96,Excellent (极好)
4617.pdb,0.96,Excellent (极好)
21007.pdb,0.96,Excellent (极好)
3065.pdb,0.96,Excellent (极好)
14809.pdb,0.96,Excellent (极好)
21998.pdb,0.96,Excellent (极好)
30649.pdb,0.96,Excellent (极好)
15365.pdb,0.96,Excellent (极好)
2142.pdb,0.96,Excellent (极好)
1145.pdb,0.96,Excellent (极好)
20272.pdb,0.96,Excellent (极好)
2850.pdb,0.96,Excellent (极好)
9317.pdb,0.96,Excellent (极好)
22728.pdb,0.96,Excellent (极好)
30379.pdb,0.96,Excellent (极好)
5593.pdb,0.96,Excellent (极好)
9324.pdb,0.96,Excellent (极好)
2164.pdb,0.96,Excellent (极好)
20076.pdb,0.96,Excellent (极好)
5899.pdb,0.96,Excellent (极好)
3086.pdb,0.96,Excellent (极好)
9247.pdb,0.96,Excellent (极好)
14076.pdb,0.96,Excellent (极好)
12348.pdb,0.96,Excellent (极好)
26694.pdb,0.96,Excellent (极好)
27984.pdb,0.96,Excellent (极好)
15262.pdb,0.96,Excellent (极好)
9800.pdb,0.96,Excellent (极好)
4703.pdb,0.96,Excellent (极好)
12579.pdb,0.96,Excellent (极好)
29524.pdb,0.96,Excellent (极好)
5795.pdb,0.96,Excellent (极好)
16466.pdb,0.96,Excellent (极好)
13723.pdb,0.96,Excellent (极好)
29251.pdb,0.96,Excellent (极好)
12578.pdb,0.96,Excellent (极好)
29230.pdb,0.96,Excellent (极好)
16005.pdb,0.96,Excellent (极好)
23071.pdb,0.96,Excellent (极好)
4858.pdb,0.96,Excellent (极好)
7696.pdb,0.96,Excellent (极好)
9238.pdb,0.96,Excellent (极好)
9472.pdb,0.96,Excellent (极好)
18067.pdb,0.96,Excellent (极好)
29863.pdb,0.96,Excellent (极好)
11346.pdb,0.96,Excellent (极好)
7048.pdb,0.96,Excellent (极好)
28469.pdb,0.96,Excellent (极好)
4464.pdb,0.96,Excellent (极好)
21364.pdb,0.96,Excellent (极好)
11362.pdb,0.96,Excellent (极好)
4324.pdb,0.96,Excellent (极好)
24630.pdb,0.96,Excellent (极好)
6151.pdb,0.96,Excellent (极好)
12849.pdb,0.96,Excellent (极好)
3391.pdb,0.96,Excellent (极好)
9676.pdb,0.96,Excellent (极好)
14573.pdb,0.96,Excellent (极好)
9260.pdb,0.96,Excellent (极好)
22974.pdb,0.96,Excellent (极好)
4905.pdb,0.96,Excellent (极好)
12426.pdb,0.96,Excellent (极好)
28317.pdb,0.96,Excellent (极好)
24989.pdb,0.96,Excellent (极好)
29906.pdb,0.96,Excellent (极好)
19443.pdb,0.96,Excellent (极好)
15595.pdb,0.96,Excellent (极好)
9804.pdb,0.96,Excellent (极好)
11241.pdb,0.96,Excellent (极好)
30366.pdb,0.96,Excellent (极好)
22047.pdb,0.96,Excellent (极好)
21064.pdb,0.96,Excellent (极好)
3266.pdb,0.96,Excellent (极好)
12132.pdb,0.96,Excellent (极好)
7037.pdb,0.96,Excellent (极好)
26763.pdb,0.96,Excellent (极好)
27466.pdb,0.96,Excellent (极好)
21993.pdb,0.96,Excellent (极好)
10937.pdb,0.96,Excellent (极好)
23412.pdb,0.96,Excellent (极好)
12074.pdb,0.96,Excellent (极好)
3526.pdb,0.96,Excellent (极好)
30773.pdb,0.96,Excellent (极好)
8528.pdb,0.96,Excellent (极好)
27436.pdb,0.96,Excellent (极好)
25321.pdb,0.96,Excellent (极好)
21931.pdb,0.96,Excellent (极好)
15943.pdb,0.96,Excellent (极好)
7680.pdb,0.96,Excellent (极好)
978.pdb,0.96,Excellent (极好)
23.pdb,0.96,Excellent (极好)
27377.pdb,0.96,Excellent (极好)
12548.pdb,0.96,Excellent (极好)
15379.pdb,0.96,Excellent (极好)
19357.pdb,0.96,Excellent (极好)
30198.pdb,0.96,Excellent (极好)
3232.pdb,0.96,Excellent (极好)
9412.pdb,0.96,Excellent (极好)
20963.pdb,0.96,Excellent (极好)
31230.pdb,0.96,Excellent (极好)
2761.pdb,0.96,Excellent (极好)
12897.pdb,0.96,Excellent (极好)
12448.pdb,0.96,Excellent (极好)
13219.pdb,0.96,Excellent (极好)
10193.pdb,0.96,Excellent (极好)
669.pdb,0.96,Excellent (极好)
24122.pdb,0.96,Excellent (极好)
6243.pdb,0.96,Excellent (极好)
21818.pdb,0.96,Excellent (极好)
18100.pdb,0.96,Excellent (极好)
22307.pdb,0.96,Excellent (极好)
30868.pdb,0.96,Excellent (极好)
5515.pdb,0.96,Excellent (极好)
3382.pdb,0.96,Excellent (极好)
27418.pdb,0.96,Excellent (极好)
21346.pdb,0.96,Excellent (极好)
19345.pdb,0.96,Excellent (极好)
15656.pdb,0.96,Excellent (极好)
14032.pdb,0.96,Excellent (极好)
22034.pdb,0.96,Excellent (极好)
2498.pdb,0.96,Excellent (极好)
15034.pdb,0.96,Excellent (极好)
27094.pdb,0.96,Excellent (极好)
17344.pdb,0.96,Excellent (极好)
12414.pdb,0.96,Excellent (极好)
3293.pdb,0.96,Excellent (极好)
1702.pdb,0.96,Excellent (极好)
28567.pdb,0.96,Excellent (极好)
12536.pdb,0.96,Excellent (极好)
14243.pdb,0.96,Excellent (极好)
9109.pdb,0.96,Excellent (极好)
7155.pdb,0.96,Excellent (极好)
9293.pdb,0.96,Excellent (极好)
31253.pdb,0.96,Excellent (极好)
21658.pdb,0.96,Excellent (极好)
24789.pdb,0.96,Excellent (极好)
12512.pdb,0.96,Excellent (极好)
12443.pdb,0.96,Excellent (极好)
13127.pdb,0.96,Excellent (极好)
30892.pdb,0.96,Excellent (极好)
31330.pdb,0.96,Excellent (极好)
13166.pdb,0.96,Excellent (极好)
22482.pdb,0.96,Excellent (极好)
28573.pdb,0.96,Excellent (极好)
9825.pdb,0.96,Excellent (极好)
20481.pdb,0.96,Excellent (极好)
13188.pdb,0.96,Excellent (极好)
29168.pdb,0.96,Excellent (极好)
21842.pdb,0.96,Excellent (极好)
1439.pdb,0.96,Excellent (极好)
12783.pdb,0.96,Excellent (极好)
11793.pdb,0.96,Excellent (极好)
5304.pdb,0.96,Excellent (极好)
28967.pdb,0.96,Excellent (极好)
19395.pdb,0.96,Excellent (极好)
2067.pdb,0.96,Excellent (极好)
8932.pdb,0.96,Excellent (极好)
27275.pdb,0.96,Excellent (极好)
19927.pdb,0.96,Excellent (极好)
15123.pdb,0.96,Excellent (极好)
11240.pdb,0.96,Excellent (极好)
8727.pdb,0.96,Excellent (极好)
10370.pdb,0.96,Excellent (极好)
26633.pdb,0.96,Excellent (极好)
21626.pdb,0.96,Excellent (极好)
20495.pdb,0.96,Excellent (极好)
21781.pdb,0.96,Excellent (极好)
10183.pdb,0.96,Excellent (极好)
23008.pdb,0.96,Excellent (极好)
6312.pdb,0.96,Excellent (极好)
21524.pdb,0.96,Excellent (极好)
25098.pdb,0.96,Excellent (极好)
6750.pdb,0.96,Excellent (极好)
1544.pdb,0.96,Excellent (极好)
29218.pdb,0.96,Excellent (极好)
8598.pdb,0.96,Excellent (极好)
2360.pdb,0.96,Excellent (极好)
12806.pdb,0.96,Excellent (极好)
3503.pdb,0.96,Excellent (极好)
586.pdb,0.96,Excellent (极好)
0.pdb,0.96,Excellent (极好)
26172.pdb,0.96,Excellent (极好)
9353.pdb,0.96,Excellent (极好)
23917.pdb,0.96,Excellent (极好)
1780.pdb,0.96,Excellent (极好)
29930.pdb,0.96,Excellent (极好)
7773.pdb,0.96,Excellent (极好)
21284.pdb,0.96,Excellent (极好)
17686.pdb,0.96,Excellent (极好)
27274.pdb,0.96,Excellent (极好)
23081.pdb,0.96,Excellent (极好)
22322.pdb,0.96,Excellent (极好)
15464.pdb,0.96,Excellent (极好)
9384.pdb,0.96,Excellent (极好)
31337.pdb,0.96,Excellent (极好)
15119.pdb,0.96,Excellent (极好)
7455.pdb,0.96,Excellent (极好)
31032.pdb,0.96,Excellent (极好)
12789.pdb,0.96,Excellent (极好)
5025.pdb,0.96,Excellent (极好)
15549.pdb,0.96,Excellent (极好)
7042.pdb,0.96,Excellent (极好)
24268.pdb,0.96,Excellent (极好)
27677.pdb,0.96,Excellent (极好)
26829.pdb,0.96,Excellent (极好)
16001.pdb,0.96,Excellent (极好)
2581.pdb,0.96,Excellent (极好)
22000.pdb,0.96,Excellent (极好)
29551.pdb,0.96,Excellent (极好)
14105.pdb,0.96,Excellent (极好)
11821.pdb,0.96,Excellent (极好)
29408.pdb,0.96,Excellent (极好)
13941.pdb,0.96,Excellent (极好)
10863.pdb,0.96,Excellent (极好)
19337.pdb,0.96,Excellent (极好)
8165.pdb,0.96,Excellent (极好)
8091.pdb,0.96,Excellent (极好)
15357.pdb,0.96,Excellent (极好)
3404.pdb,0.96,Excellent (极好)
19811.pdb,0.96,Excellent (极好)
177.pdb,0.96,Excellent (极好)
23672.pdb,0.96,Excellent (极好)
29202.pdb,0.96,Excellent (极好)
24478.pdb,0.96,Excellent (极好)
9246.pdb,0.96,Excellent (极好)
4189.pdb,0.96,Excellent (极好)
4855.pdb,0.96,Excellent (极好)
332.pdb,0.96,Excellent (极好)
23200.pdb,0.96,Excellent (极好)
12400.pdb,0.96,Excellent (极好)
16442.pdb,0.96,Excellent (极好)
12013.pdb,0.95,Excellent (极好)
6313.pdb,0.95,Excellent (极好)
26623.pdb,0.95,Excellent (极好)
21954.pdb,0.95,Excellent (极好)
29232.pdb,0.95,Excellent (极好)
5854.pdb,0.95,Excellent (极好)
23763.pdb,0.95,Excellent (极好)
21843.pdb,0.95,Excellent (极好)
22620.pdb,0.95,Excellent (极好)
28957.pdb,0.95,Excellent (极好)
24204.pdb,0.95,Excellent (极好)
14443.pdb,0.95,Excellent (极好)
24822.pdb,0.95,Excellent (极好)
12527.pdb,0.95,Excellent (极好)
13119.pdb,0.95,Excellent (极好)
16350.pdb,0.95,Excellent (极好)
26845.pdb,0.95,Excellent (极好)
540.pdb,0.95,Excellent (极好)
8128.pdb,0.95,Excellent (极好)
29747.pdb,0.95,Excellent (极好)
22612.pdb,0.95,Excellent (极好)
13659.pdb,0.95,Excellent (极好)
28487.pdb,0.95,Excellent (极好)
20831.pdb,0.95,Excellent (极好)
27552.pdb,0.95,Excellent (极好)
30595.pdb,0.95,Excellent (极好)
10519.pdb,0.95,Excellent (极好)
8382.pdb,0.95,Excellent (极好)
27788.pdb,0.95,Excellent (极好)
15248.pdb,0.95,Excellent (极好)
26645.pdb,0.95,Excellent (极好)
22557.pdb,0.95,Excellent (极好)
6625.pdb,0.95,Excellent (极好)
23688.pdb,0.95,Excellent (极好)
8323.pdb,0.95,Excellent (极好)
21489.pdb,0.95,Excellent (极好)
9623.pdb,0.95,Excellent (极好)
21870.pdb,0.95,Excellent (极好)
26317.pdb,0.95,Excellent (极好)
8390.pdb,0.95,Excellent (极好)
9266.pdb,0.95,Excellent (极好)
12757.pdb,0.95,Excellent (极好)
12795.pdb,0.95,Excellent (极好)
14552.pdb,0.95,Excellent (极好)
18244.pdb,0.95,Excellent (极好)
16099.pdb,0.95,Excellent (极好)
31291.pdb,0.95,Excellent (极好)
14282.pdb,0.95,Excellent (极好)
31300.pdb,0.95,Excellent (极好)
11628.pdb,0.95,Excellent (极好)
20420.pdb,0.95,Excellent (极好)
27664.pdb,0.95,Excellent (极好)
19962.pdb,0.95,Excellent (极好)
19957.pdb,0.95,Excellent (极好)
5103.pdb,0.95,Excellent (极好)
15149.pdb,0.95,Excellent (极好)
7293.pdb,0.95,Excellent (极好)
13606.pdb,0.95,Excellent (极好)
9689.pdb,0.95,Excellent (极好)
11691.pdb,0.95,Excellent (极好)
14334.pdb,0.95,Excellent (极好)
29596.pdb,0.95,Excellent (极好)
5607.pdb,0.95,Excellent (极好)
9830.pdb,0.95,Excellent (极好)
28766.pdb,0.95,Excellent (极好)
12369.pdb,0.95,Excellent (极好)
8999.pdb,0.95,Excellent (极好)
6434.pdb,0.95,Excellent (极好)
29169.pdb,0.95,Excellent (极好)
4121.pdb,0.95,Excellent (极好)
13713.pdb,0.95,Excellent (极好)
466.pdb,0.95,Excellent (极好)
5585.pdb,0.95,Excellent (极好)
7664.pdb,0.95,Excellent (极好)
11640.pdb,0.95,Excellent (极好)
17338.pdb,0.95,Excellent (极好)
19911.pdb,0.95,Excellent (极好)
7269.pdb,0.95,Excellent (极好)
25005.pdb,0.95,Excellent (极好)
20838.pdb,0.95,Excellent (极好)
10538.pdb,0.95,Excellent (极好)
11839.pdb,0.95,Excellent (极好)
26705.pdb,0.95,Excellent (极好)
4726.pdb,0.95,Excellent (极好)
22530.pdb,0.95,Excellent (极好)
29396.pdb,0.95,Excellent (极好)
20752.pdb,0.95,Excellent (极好)
31173.pdb,0.95,Excellent (极好)
8122.pdb,0.95,Excellent (极好)
9778.pdb,0.95,Excellent (极好)
26543.pdb,0.95,Excellent (极好)
22020.pdb,0.95,Excellent (极好)
8929.pdb,0.95,Excellent (极好)
8261.pdb,0.95,Excellent (极好)
8457.pdb,0.95,Excellent (极好)
27399.pdb,0.95,Excellent (极好)
12476.pdb,0.95,Excellent (极好)
26449.pdb,0.95,Excellent (极好)
23814.pdb,0.95,Excellent (极好)
9660.pdb,0.95,Excellent (极好)
29391.pdb,0.95,Excellent (极好)
24120.pdb,0.95,Excellent (极好)
20905.pdb,0.95,Excellent (极好)
7665.pdb,0.95,Excellent (极好)
5489.pdb,0.95,Excellent (极好)
12778.pdb,0.95,Excellent (极好)
14428.pdb,0.95,Excellent (极好)
28416.pdb,0.95,Excellent (极好)
4895.pdb,0.95,Excellent (极好)
4119.pdb,0.95,Excellent (极好)
849.pdb,0.95,Excellent (极好)
13680.pdb,0.95,Excellent (极好)
3981.pdb,0.95,Excellent (极好)
6943.pdb,0.95,Excellent (极好)
23788.pdb,0.95,Excellent (极好)
21819.pdb,0.95,Excellent (极好)
11767.pdb,0.95,Excellent (极好)
12821.pdb,0.95,Excellent (极好)
1153.pdb,0.95,Excellent (极好)
26385.pdb,0.95,Excellent (极好)
11403.pdb,0.95,Excellent (极好)
14907.pdb,0.95,Excellent (极好)
17687.pdb,0.95,Excellent (极好)
25306.pdb,0.95,Excellent (极好)
14404.pdb,0.95,Excellent (极好)
15931.pdb,0.95,Excellent (极好)
6775.pdb,0.95,Excellent (极好)
27361.pdb,0.95,Excellent (极好)
31018.pdb,0.95,Excellent (极好)
12469.pdb,0.95,Excellent (极好)
6377.pdb,0.95,Excellent (极好)
9460.pdb,0.95,Excellent (极好)
29363.pdb,0.95,Excellent (极好)
2154.pdb,0.95,Excellent (极好)
5600.pdb,0.95,Excellent (极好)
14581.pdb,0.95,Excellent (极好)
4730.pdb,0.95,Excellent (极好)
15967.pdb,0.95,Excellent (极好)
15892.pdb,0.95,Excellent (极好)
6007.pdb,0.95,Excellent (极好)
20749.pdb,0.95,Excellent (极好)
9791.pdb,0.95,Excellent (极好)
22997.pdb,0.95,Excellent (极好)
11148.pdb,0.95,Excellent (极好)
27190.pdb,0.95,Excellent (极好)
7516.pdb,0.95,Excellent (极好)
14884.pdb,0.95,Excellent (极好)
14335.pdb,0.95,Excellent (极好)
22858.pdb,0.95,Excellent (极好)
5623.pdb,0.95,Excellent (极好)
7147.pdb,0.95,Excellent (极好)
31161.pdb,0.95,Excellent (极好)
24547.pdb,0.95,Excellent (极好)
7541.pdb,0.95,Excellent (极好)
23673.pdb,0.95,Excellent (极好)
24973.pdb,0.95,Excellent (极好)
11641.pdb,0.95,Excellent (极好)
22589.pdb,0.95,Excellent (极好)
9226.pdb,0.95,Excellent (极好)
12934.pdb,0.95,Excellent (极好)
25489.pdb,0.95,Excellent (极好)
22351.pdb,0.95,Excellent (极好)
15385.pdb,0.95,Excellent (极好)
23982.pdb,0.95,Excellent (极好)
15310.pdb,0.95,Excellent (极好)
6788.pdb,0.95,Excellent (极好)
6334.pdb,0.95,Excellent (极好)
22038.pdb,0.95,Excellent (极好)
3254.pdb,0.95,Excellent (极好)
21985.pdb,0.95,Excellent (极好)
20337.pdb,0.95,Excellent (极好)
4702.pdb,0.95,Excellent (极好)
11328.pdb,0.95,Excellent (极好)
22519.pdb,0.95,Excellent (极好)
30417.pdb,0.95,Excellent (极好)
27665.pdb,0.95,Excellent (极好)
13931.pdb,0.95,Excellent (极好)
16013.pdb,0.95,Excellent (极好)
5909.pdb,0.95,Excellent (极好)
21603.pdb,0.95,Excellent (极好)
22055.pdb,0.95,Excellent (极好)
19271.pdb,0.95,Excellent (极好)
20381.pdb,0.95,Excellent (极好)
29374.pdb,0.95,Excellent (极好)
7279.pdb,0.95,Excellent (极好)
12583.pdb,0.95,Excellent (极好)
7896.pdb,0.95,Excellent (极好)
27591.pdb,0.95,Excellent (极好)
3555.pdb,0.95,Excellent (极好)
6753.pdb,0.95,Excellent (极好)
7617.pdb,0.95,Excellent (极好)
5047.pdb,0.95,Excellent (极好)
23600.pdb,0.95,Excellent (极好)
29593.pdb,0.95,Excellent (极好)
15489.pdb,0.95,Excellent (极好)
12236.pdb,0.95,Excellent (极好)
12922.pdb,0.95,Excellent (极好)
12190.pdb,0.95,Excellent (极好)
649.pdb,0.95,Excellent (极好)
10304.pdb,0.95,Excellent (极好)
16276.pdb,0.95,Excellent (极好)
26170.pdb,0.95,Excellent (极好)
26123.pdb,0.95,Excellent (极好)
10060.pdb,0.95,Excellent (极好)
369.pdb,0.95,Excellent (极好)
7806.pdb,0.95,Excellent (极好)
27557.pdb,0.95,Excellent (极好)
29746.pdb,0.95,Excellent (极好)
9264.pdb,0.95,Excellent (极好)
819.pdb,0.95,Excellent (极好)
4046.pdb,0.95,Excellent (极好)
9338.pdb,0.95,Excellent (极好)
10524.pdb,0.95,Excellent (极好)
7154.pdb,0.95,Excellent (极好)
27542.pdb,0.95,Excellent (极好)
6676.pdb,0.95,Excellent (极好)
16470.pdb,0.95,Excellent (极好)
13866.pdb,0.95,Excellent (极好)
6010.pdb,0.95,Excellent (极好)
746.pdb,0.95,Excellent (极好)
21849.pdb,0.95,Excellent (极好)
24096.pdb,0.95,Excellent (极好)
8937.pdb,0.95,Excellent (极好)
27563.pdb,0.95,Excellent (极好)
13177.pdb,0.95,Excellent (极好)
10636.pdb,0.95,Excellent (极好)
29640.pdb,0.95,Excellent (极好)
24038.pdb,0.95,Excellent (极好)
9515.pdb,0.95,Excellent (极好)
20731.pdb,0.95,Excellent (极好)
21591.pdb,0.95,Excellent (极好)
12584.pdb,0.95,Excellent (极好)
31316.pdb,0.95,Excellent (极好)
6954.pdb,0.95,Excellent (极好)
15652.pdb,0.95,Excellent (极好)
30434.pdb,0.95,Excellent (极好)
2595.pdb,0.95,Excellent (极好)
14833.pdb,0.95,Excellent (极好)
12387.pdb,0.95,Excellent (极好)
12036.pdb,0.95,Excellent (极好)
8984.pdb,0.95,Excellent (极好)
13256.pdb,0.95,Excellent (极好)
6269.pdb,0.95,Excellent (极好)
22006.pdb,0.95,Excellent (极好)
31319.pdb,0.95,Excellent (极好)
15185.pdb,0.95,Excellent (极好)
4474.pdb,0.95,Excellent (极好)
20082.pdb,0.95,Excellent (极好)
25060.pdb,0.95,Excellent (极好)
12461.pdb,0.95,Excellent (极好)
27174.pdb,0.95,Excellent (极好)
13129.pdb,0.95,Excellent (极好)
28993.pdb,0.95,Excellent (极好)
12393.pdb,0.95,Excellent (极好)
23744.pdb,0.95,Excellent (极好)
12539.pdb,0.95,Excellent (极好)
23784.pdb,0.95,Excellent (极好)
15267.pdb,0.95,Excellent (极好)
27605.pdb,0.95,Excellent (极好)
13699.pdb,0.95,Excellent (极好)
20663.pdb,0.95,Excellent (极好)
17377.pdb,0.95,Excellent (极好)
25039.pdb,0.95,Excellent (极好)
14971.pdb,0.95,Excellent (极好)
21549.pdb,0.95,Excellent (极好)
26157.pdb,0.95,Excellent (极好)
27269.pdb,0.95,Excellent (极好)
20359.pdb,0.95,Excellent (极好)
14322.pdb,0.95,Excellent (极好)
20898.pdb,0.95,Excellent (极好)
29499.pdb,0.95,Excellent (极好)
10312.pdb,0.95,Excellent (极好)
19272.pdb,0.95,Excellent (极好)
192.pdb,0.95,Excellent (极好)
19725.pdb,0.95,Excellent (极好)
5790.pdb,0.95,Excellent (极好)
28198.pdb,0.95,Excellent (极好)
13930.pdb,0.95,Excellent (极好)
23643.pdb,0.95,Excellent (极好)
14222.pdb,0.95,Excellent (极好)
20450.pdb,0.95,Excellent (极好)
15086.pdb,0.95,Excellent (极好)
12361.pdb,0.95,Excellent (极好)
16327.pdb,0.95,Excellent (极好)
14364.pdb,0.95,Excellent (极好)
9782.pdb,0.95,Excellent (极好)
23628.pdb,0.95,Excellent (极好)
14450.pdb,0.95,Excellent (极好)
20622.pdb,0.95,Excellent (极好)
28898.pdb,0.95,Excellent (极好)
14346.pdb,0.95,Excellent (极好)
28602.pdb,0.95,Excellent (极好)
15194.pdb,0.95,Excellent (极好)
31201.pdb,0.95,Excellent (极好)
19104.pdb,0.95,Excellent (极好)
26664.pdb,0.95,Excellent (极好)
18094.pdb,0.95,Excellent (极好)
29460.pdb,0.95,Excellent (极好)
4923.pdb,0.95,Excellent (极好)
6140.pdb,0.95,Excellent (极好)
30515.pdb,0.95,Excellent (极好)
23797.pdb,0.95,Excellent (极好)
21311.pdb,0.95,Excellent (极好)
23690.pdb,0.95,Excellent (极好)
28167.pdb,0.95,Excellent (极好)
24464.pdb,0.95,Excellent (极好)
27620.pdb,0.95,Excellent (极好)
22249.pdb,0.95,Excellent (极好)
3952.pdb,0.95,Excellent (极好)
12419.pdb,0.95,Excellent (极好)
8288.pdb,0.95,Excellent (极好)
30686.pdb,0.95,Excellent (极好)
15132.pdb,0.95,Excellent (极好)
10806.pdb,0.95,Excellent (极好)
14125.pdb,0.95,Excellent (极好)
24920.pdb,0.95,Excellent (极好)
20314.pdb,0.95,Excellent (极好)
21906.pdb,0.95,Excellent (极好)
17891.pdb,0.95,Excellent (极好)
9551.pdb,0.95,Excellent (极好)
3386.pdb,0.95,Excellent (极好)
12449.pdb,0.95,Excellent (极好)
13607.pdb,0.95,Excellent (极好)
17400.pdb,0.95,Excellent (极好)
11980.pdb,0.95,Excellent (极好)
22527.pdb,0.94,Excellent (极好)
31177.pdb,0.94,Excellent (极好)
14106.pdb,0.94,Excellent (极好)
18120.pdb,0.94,Excellent (极好)
5845.pdb,0.94,Excellent (极好)
1222.pdb,0.94,Excellent (极好)
16401.pdb,0.94,Excellent (极好)
27456.pdb,0.94,Excellent (极好)
21572.pdb,0.94,Excellent (极好)
14055.pdb,0.94,Excellent (极好)
2028.pdb,0.94,Excellent (极好)
13726.pdb,0.94,Excellent (极好)
25065.pdb,0.94,Excellent (极好)
22296.pdb,0.94,Excellent (极好)
10339.pdb,0.94,Excellent (极好)
31198.pdb,0.94,Excellent (极好)
7863.pdb,0.94,Excellent (极好)
2678.pdb,0.94,Excellent (极好)
14328.pdb,0.94,Excellent (极好)
13138.pdb,0.94,Excellent (极好)
5457.pdb,0.94,Excellent (极好)
8702.pdb,0.94,Excellent (极好)
8119.pdb,0.94,Excellent (极好)
7098.pdb,0.94,Excellent (极好)
27503.pdb,0.94,Excellent (极好)
16169.pdb,0.94,Excellent (极好)
12938.pdb,0.94,Excellent (极好)
28599.pdb,0.94,Excellent (极好)
25217.pdb,0.94,Excellent (极好)
21871.pdb,0.94,Excellent (极好)
12089.pdb,0.94,Excellent (极好)
5420.pdb,0.94,Excellent (极好)
29550.pdb,0.94,Excellent (极好)
21630.pdb,0.94,Excellent (极好)
16450.pdb,0.94,Excellent (极好)
1506.pdb,0.94,Excellent (极好)
1531.pdb,0.94,Excellent (极好)
8129.pdb,0.94,Excellent (极好)
9814.pdb,0.94,Excellent (极好)
18084.pdb,0.94,Excellent (极好)
29580.pdb,0.94,Excellent (极好)
9237.pdb,0.94,Excellent (极好)
10586.pdb,0.94,Excellent (极好)
2543.pdb,0.94,Excellent (极好)
10642.pdb,0.94,Excellent (极好)
6910.pdb,0.94,Excellent (极好)
21171.pdb,0.94,Excellent (极好)
14113.pdb,0.94,Excellent (极好)
13226.pdb,0.94,Excellent (极好)
13263.pdb,0.94,Excellent (极好)
21315.pdb,0.94,Excellent (极好)
29464.pdb,0.94,Excellent (极好)
25917.pdb,0.94,Excellent (极好)
30545.pdb,0.94,Excellent (极好)
11338.pdb,0.94,Excellent (极好)
12405.pdb,0.94,Excellent (极好)
7677.pdb,0.94,Excellent (极好)
22894.pdb,0.94,Excellent (极好)
19788.pdb,0.94,Excellent (极好)
10930.pdb,0.94,Excellent (极好)
15511.pdb,0.94,Excellent (极好)
17720.pdb,0.94,Excellent (极好)
22044.pdb,0.94,Excellent (极好)
5447.pdb,0.94,Excellent (极好)
11325.pdb,0.94,Excellent (极好)
26429.pdb,0.94,Excellent (极好)
9034.pdb,0.94,Excellent (极好)
14226.pdb,0.94,Excellent (极好)
14788.pdb,0.94,Excellent (极好)
28570.pdb,0.94,Excellent (极好)
9377.pdb,0.94,Excellent (极好)
30675.pdb,0.94,Excellent (极好)
12367.pdb,0.94,Excellent (极好)
15408.pdb,0.94,Excellent (极好)
5010.pdb,0.94,Excellent (极好)
12439.pdb,0.94,Excellent (极好)
7816.pdb,0.94,Excellent (极好)
3229.pdb,0.94,Excellent (极好)
21758.pdb,0.94,Excellent (极好)
15585.pdb,0.94,Excellent (极好)
10245.pdb,0.94,Excellent (极好)
15061.pdb,0.94,Excellent (极好)
30023.pdb,0.94,Excellent (极好)
24065.pdb,0.94,Excellent (极好)
12457.pdb,0.94,Excellent (极好)
8297.pdb,0.94,Excellent (极好)
21987.pdb,0.94,Excellent (极好)
22561.pdb,0.94,Excellent (极好)
10615.pdb,0.94,Excellent (极好)
146.pdb,0.94,Excellent (极好)
4193.pdb,0.94,Excellent (极好)
15604.pdb,0.94,Excellent (极好)
12392.pdb,0.94,Excellent (极好)
19879.pdb,0.94,Excellent (极好)
21609.pdb,0.94,Excellent (极好)
17915.pdb,0.94,Excellent (极好)
24948.pdb,0.94,Excellent (极好)
21017.pdb,0.94,Excellent (极好)
23555.pdb,0.94,Excellent (极好)
18055.pdb,0.94,Excellent (极好)
9243.pdb,0.94,Excellent (极好)
24596.pdb,0.94,Excellent (极好)
8067.pdb,0.94,Excellent (极好)
28971.pdb,0.94,Excellent (极好)
12905.pdb,0.94,Excellent (极好)
15060.pdb,0.94,Excellent (极好)
13700.pdb,0.94,Excellent (极好)
8577.pdb,0.94,Excellent (极好)
11862.pdb,0.94,Excellent (极好)
27666.pdb,0.94,Excellent (极好)
7181.pdb,0.94,Excellent (极好)
12580.pdb,0.94,Excellent (极好)
27243.pdb,0.94,Excellent (极好)
30354.pdb,0.94,Excellent (极好)
15126.pdb,0.94,Excellent (极好)
29647.pdb,0.94,Excellent (极好)
10868.pdb,0.94,Excellent (极好)
22566.pdb,0.94,Excellent (极好)
10805.pdb,0.94,Excellent (极好)
1318.pdb,0.94,Excellent (极好)
7284.pdb,0.94,Excellent (极好)
25654.pdb,0.94,Excellent (极好)
24005.pdb,0.94,Excellent (极好)
24823.pdb,0.94,Excellent (极好)
571.pdb,0.94,Excellent (极好)
8178.pdb,0.94,Excellent (极好)
19783.pdb,0.94,Excellent (极好)
7488.pdb,0.94,Excellent (极好)
8677.pdb,0.94,Excellent (极好)
23218.pdb,0.94,Excellent (极好)
25516.pdb,0.94,Excellent (极好)
8370.pdb,0.94,Excellent (极好)
9348.pdb,0.94,Excellent (极好)
28995.pdb,0.94,Excellent (极好)
22199.pdb,0.94,Excellent (极好)
11567.pdb,0.94,Excellent (极好)
29216.pdb,0.94,Excellent (极好)
29520.pdb,0.94,Excellent (极好)
12831.pdb,0.94,Excellent (极好)
27136.pdb,0.94,Excellent (极好)
4789.pdb,0.94,Excellent (极好)
29669.pdb,0.94,Excellent (极好)
28718.pdb,0.94,Excellent (极好)
14287.pdb,0.94,Excellent (极好)
29045.pdb,0.94,Excellent (极好)
8083.pdb,0.94,Excellent (极好)
19825.pdb,0.94,Excellent (极好)
20697.pdb,0.94,Excellent (极好)
21580.pdb,0.94,Excellent (极好)
17767.pdb,0.94,Excellent (极好)
11615.pdb,0.94,Excellent (极好)
12383.pdb,0.94,Excellent (极好)
30166.pdb,0.94,Excellent (极好)
10203.pdb,0.94,Excellent (极好)
26468.pdb,0.94,Excellent (极好)
30212.pdb,0.94,Excellent (极好)
29456.pdb,0.94,Excellent (极好)
29062.pdb,0.94,Excellent (极好)
28966.pdb,0.94,Excellent (极好)
7655.pdb,0.94,Excellent (极好)
16102.pdb,0.94,Excellent (极好)
30058.pdb,0.94,Excellent (极好)
23967.pdb,0.94,Excellent (极好)
15677.pdb,0.94,Excellent (极好)
2173.pdb,0.94,Excellent (极好)
29440.pdb,0.94,Excellent (极好)
27446.pdb,0.94,Excellent (极好)
26533.pdb,0.94,Excellent (极好)
21800.pdb,0.94,Excellent (极好)
14575.pdb,0.94,Excellent (极好)
11704.pdb,0.94,Excellent (极好)
1617.pdb,0.94,Excellent (极好)
11627.pdb,0.94,Excellent (极好)
24648.pdb,0.94,Excellent (极好)
9509.pdb,0.94,Excellent (极好)
1549.pdb,0.94,Excellent (极好)
5409.pdb,0.94,Excellent (极好)
4843.pdb,0.94,Excellent (极好)
15118.pdb,0.94,Excellent (极好)
8875.pdb,0.94,Excellent (极好)
26671.pdb,0.94,Excellent (极好)
23372.pdb,0.94,Excellent (极好)
25322.pdb,0.94,Excellent (极好)
19720.pdb,0.94,Excellent (极好)
6663.pdb,0.94,Excellent (极好)
19132.pdb,0.94,Excellent (极好)
791.pdb,0.94,Excellent (极好)
12253.pdb,0.94,Excellent (极好)
10443.pdb,0.94,Excellent (极好)
24196.pdb,0.94,Excellent (极好)
30728.pdb,0.94,Excellent (极好)
26237.pdb,0.94,Excellent (极好)
15007.pdb,0.94,Excellent (极好)
29296.pdb,0.94,Excellent (极好)
25693.pdb,0.94,Excellent (极好)
17900.pdb,0.94,Excellent (极好)
14995.pdb,0.94,Excellent (极好)
12786.pdb,0.94,Excellent (极好)
21976.pdb,0.94,Excellent (极好)
9376.pdb,0.94,Excellent (极好)
12609.pdb,0.94,Excellent (极好)
2760.pdb,0.94,Excellent (极好)
26757.pdb,0.94,Excellent (极好)
21641.pdb,0.94,Excellent (极好)
8406.pdb,0.94,Excellent (极好)
8904.pdb,0.94,Excellent (极好)
13176.pdb,0.94,Excellent (极好)
16004.pdb,0.94,Excellent (极好)
8206.pdb,0.94,Excellent (极好)
3351.pdb,0.94,Excellent (极好)
7776.pdb,0.94,Excellent (极好)
21947.pdb,0.94,Excellent (极好)
8518.pdb,0.94,Excellent (极好)
23739.pdb,0.94,Excellent (极好)
6758.pdb,0.94,Excellent (极好)
20203.pdb,0.94,Excellent (极好)
22512.pdb,0.94,Excellent (极好)
8450.pdb,0.94,Excellent (极好)
5299.pdb,0.94,Excellent (极好)
19774.pdb,0.94,Excellent (极好)
25574.pdb,0.94,Excellent (极好)
5571.pdb,0.94,Excellent (极好)
29599.pdb,0.94,Excellent (极好)
16163.pdb,0.94,Excellent (极好)
28420.pdb,0.94,Excellent (极好)
5611.pdb,0.94,Excellent (极好)
10133.pdb,0.94,Excellent (极好)
115.pdb,0.94,Excellent (极好)
3378.pdb,0.94,Excellent (极好)
16318.pdb,0.94,Excellent (极好)
30713.pdb,0.94,Excellent (极好)
7666.pdb,0.94,Excellent (极好)
12509.pdb,0.94,Excellent (极好)
17332.pdb,0.94,Excellent (极好)
17923.pdb,0.94,Excellent (极好)
8351.pdb,0.94,Excellent (极好)
3375.pdb,0.94,Excellent (极好)
17697.pdb,0.94,Excellent (极好)
31064.pdb,0.94,Excellent (极好)
27387.pdb,0.94,Excellent (极好)
13202.pdb,0.94,Excellent (极好)
17405.pdb,0.94,Excellent (极好)
26667.pdb,0.94,Excellent (极好)
8448.pdb,0.94,Excellent (极好)
4476.pdb,0.94,Excellent (极好)
21895.pdb,0.94,Excellent (极好)
9107.pdb,0.94,Excellent (极好)
8760.pdb,0.94,Excellent (极好)
11984.pdb,0.94,Excellent (极好)
15069.pdb,0.94,Excellent (极好)
12575.pdb,0.94,Excellent (极好)
9090.pdb,0.94,Excellent (极好)
6950.pdb,0.94,Excellent (极好)
10202.pdb,0.94,Excellent (极好)
23802.pdb,0.94,Excellent (极好)
28616.pdb,0.94,Excellent (极好)
10618.pdb,0.94,Excellent (极好)
9038.pdb,0.94,Excellent (极好)
14033.pdb,0.94,Excellent (极好)
9642.pdb,0.94,Excellent (极好)
25466.pdb,0.94,Excellent (极好)
9309.pdb,0.94,Excellent (极好)
22510.pdb,0.94,Excellent (极好)
26626.pdb,0.94,Excellent (极好)
12524.pdb,0.94,Excellent (极好)
20273.pdb,0.94,Excellent (极好)
2647.pdb,0.94,Excellent (极好)
22532.pdb,0.94,Excellent (极好)
11715.pdb,0.94,Excellent (极好)
23990.pdb,0.94,Excellent (极好)
22378.pdb,0.94,Excellent (极好)
23386.pdb,0.94,Excellent (极好)
16424.pdb,0.94,Excellent (极好)
7700.pdb,0.94,Excellent (极好)
28952.pdb,0.94,Excellent (极好)
22920.pdb,0.94,Excellent (极好)
5050.pdb,0.94,Excellent (极好)
730.pdb,0.94,Excellent (极好)
3035.pdb,0.94,Excellent (极好)
21599.pdb,0.94,Excellent (极好)
25828.pdb,0.94,Excellent (极好)
28402.pdb,0.94,Excellent (极好)
12033.pdb,0.94,Excellent (极好)
10435.pdb,0.94,Excellent (极好)
1152.pdb,0.94,Excellent (极好)
14772.pdb,0.94,Excellent (极好)
9442.pdb,0.94,Excellent (极好)
11816.pdb,0.94,Excellent (极好)
15915.pdb,0.94,Excellent (极好)
9654.pdb,0.94,Excellent (极好)
19767.pdb,0.94,Excellent (极好)
25381.pdb,0.94,Excellent (极好)
11802.pdb,0.94,Excellent (极好)
7588.pdb,0.94,Excellent (极好)
29100.pdb,0.94,Excellent (极好)
7733.pdb,0.94,Excellent (极好)
26843.pdb,0.94,Excellent (极好)
21892.pdb,0.94,Excellent (极好)
11672.pdb,0.94,Excellent (极好)
160.pdb,0.94,Excellent (极好)
19948.pdb,0.94,Excellent (极好)
12833.pdb,0.94,Excellent (极好)
24162.pdb,0.94,Excellent (极好)
14743.pdb,0.94,Excellent (极好)
5774.pdb,0.94,Excellent (极好)
27419.pdb,0.94,Excellent (极好)
26472.pdb,0.94,Excellent (极好)
4771.pdb,0.94,Excellent (极好)
14474.pdb,0.94,Excellent (极好)
29469.pdb,0.94,Excellent (极好)
6281.pdb,0.94,Excellent (极好)
2700.pdb,0.94,Excellent (极好)
18213.pdb,0.94,Excellent (极好)
6650.pdb,0.94,Excellent (极好)
25255.pdb,0.94,Excellent (极好)
20306.pdb,0.94,Excellent (极好)
27401.pdb,0.94,Excellent (极好)
3800.pdb,0.94,Excellent (极好)
14839.pdb,0.94,Excellent (极好)
31344.pdb,0.94,Excellent (极好)
181.pdb,0.94,Excellent (极好)
12145.pdb,0.94,Excellent (极好)
15285.pdb,0.94,Excellent (极好)
19353.pdb,0.94,Excellent (极好)
23843.pdb,0.94,Excellent (极好)
12552.pdb,0.94,Excellent (极好)
10189.pdb,0.94,Excellent (极好)
15143.pdb,0.94,Excellent (极好)
22588.pdb,0.94,Excellent (极好)
31004.pdb,0.94,Excellent (极好)
12436.pdb,0.94,Excellent (极好)
10306.pdb,0.94,Excellent (极好)
17918.pdb,0.94,Excellent (极好)
11599.pdb,0.94,Excellent (极好)
5566.pdb,0.94,Excellent (极好)
9120.pdb,0.94,Excellent (极好)
13238.pdb,0.94,Excellent (极好)
22535.pdb,0.94,Excellent (极好)
8117.pdb,0.94,Excellent (极好)
25461.pdb,0.94,Excellent (极好)
19181.pdb,0.94,Excellent (极好)
11283.pdb,0.94,Excellent (极好)
27954.pdb,0.94,Excellent (极好)
8084.pdb,0.94,Excellent (极好)
16514.pdb,0.94,Excellent (极好)
19696.pdb,0.94,Excellent (极好)
30317.pdb,0.94,Excellent (极好)
8573.pdb,0.94,Excellent (极好)
15380.pdb,0.94,Excellent (极好)
12391.pdb,0.94,Excellent (极好)
27789.pdb,0.94,Excellent (极好)
26688.pdb,0.94,Excellent (极好)
12360.pdb,0.94,Excellent (极好)
26566.pdb,0.94,Excellent (极好)
10631.pdb,0.94,Excellent (极好)
5481.pdb,0.94,Excellent (极好)
5874.pdb,0.94,Excellent (极好)
15978.pdb,0.94,Excellent (极好)
14283.pdb,0.94,Excellent (极好)
15033.pdb,0.94,Excellent (极好)
12380.pdb,0.94,Excellent (极好)
2640.pdb,0.94,Excellent (极好)
27408.pdb,0.94,Excellent (极好)
27421.pdb,0.94,Excellent (极好)
10281.pdb,0.94,Excellent (极好)
14792.pdb,0.94,Excellent (极好)
7512.pdb,0.94,Excellent (极好)
9314.pdb,0.94,Excellent (极好)
6953.pdb,0.94,Excellent (极好)
29523.pdb,0.94,Excellent (极好)
7508.pdb,0.94,Excellent (极好)
4590.pdb,0.94,Excellent (极好)
26193.pdb,0.94,Excellent (极好)
22531.pdb,0.94,Excellent (极好)
27697.pdb,0.94,Excellent (极好)
31209.pdb,0.94,Excellent (极好)
8675.pdb,0.94,Excellent (极好)
13144.pdb,0.94,Excellent (极好)
26397.pdb,0.94,Excellent (极好)
15225.pdb,0.94,Excellent (极好)
6275.pdb,0.94,Excellent (极好)
22242.pdb,0.94,Excellent (极好)
30754.pdb,0.94,Excellent (极好)
448.pdb,0.94,Excellent (极好)
22257.pdb,0.94,Excellent (极好)
13213.pdb,0.94,Excellent (极好)
7342.pdb,0.94,Excellent (极好)
29581.pdb,0.94,Excellent (极好)
14473.pdb,0.94,Excellent (极好)
24472.pdb,0.94,Excellent (极好)
3193.pdb,0.94,Excellent (极好)
8286.pdb,0.94,Excellent (极好)
22298.pdb,0.94,Excellent (极好)
22873.pdb,0.94,Excellent (极好)
460.pdb,0.94,Excellent (极好)
23902.pdb,0.94,Excellent (极好)
6076.pdb,0.94,Excellent (极好)
12904.pdb,0.94,Excellent (极好)
19843.pdb,0.94,Excellent (极好)
17480.pdb,0.94,Excellent (极好)
28562.pdb,0.94,Excellent (极好)
14759.pdb,0.94,Excellent (极好)
27049.pdb,0.94,Excellent (极好)
758.pdb,0.94,Excellent (极好)
953.pdb,0.94,Excellent (极好)
13672.pdb,0.94,Excellent (极好)
5046.pdb,0.94,Excellent (极好)
27208.pdb,0.94,Excellent (极好)
4785.pdb,0.94,Excellent (极好)
8624.pdb,0.94,Excellent (极好)
10581.pdb,0.94,Excellent (极好)
21529.pdb,0.94,Excellent (极好)
19968.pdb,0.94,Excellent (极好)
3813.pdb,0.94,Excellent (极好)
12229.pdb,0.94,Excellent (极好)
6835.pdb,0.94,Excellent (极好)
5966.pdb,0.94,Excellent (极好)
23207.pdb,0.94,Excellent (极好)
6346.pdb,0.94,Excellent (极好)
23311.pdb,0.94,Excellent (极好)
7462.pdb,0.94,Excellent (极好)
6829.pdb,0.94,Excellent (极好)
9389.pdb,0.93,Excellent (极好)
12259.pdb,0.93,Excellent (极好)
21278.pdb,0.93,Excellent (极好)
7073.pdb,0.93,Excellent (极好)
6014.pdb,0.93,Excellent (极好)
537.pdb,0.93,Excellent (极好)
5281.pdb,0.93,Excellent (极好)
30342.pdb,0.93,Excellent (极好)
30180.pdb,0.93,Excellent (极好)
12401.pdb,0.93,Excellent (极好)
5875.pdb,0.93,Excellent (极好)
10478.pdb,0.93,Excellent (极好)
20438.pdb,0.93,Excellent (极好)
24783.pdb,0.93,Excellent (极好)
15468.pdb,0.93,Excellent (极好)
20605.pdb,0.93,Excellent (极好)
4124.pdb,0.93,Excellent (极好)
7095.pdb,0.93,Excellent (极好)
187.pdb,0.93,Excellent (极好)
9677.pdb,0.93,Excellent (极好)
7402.pdb,0.93,Excellent (极好)
24703.pdb,0.93,Excellent (极好)
2586.pdb,0.93,Excellent (极好)
9795.pdb,0.93,Excellent (极好)
13147.pdb,0.93,Excellent (极好)
815.pdb,0.93,Excellent (极好)
24700.pdb,0.93,Excellent (极好)
28628.pdb,0.93,Excellent (极好)
14236.pdb,0.93,Excellent (极好)
21624.pdb,0.93,Excellent (极好)
22772.pdb,0.93,Excellent (极好)
12153.pdb,0.93,Excellent (极好)
22251.pdb,0.93,Excellent (极好)
25447.pdb,0.93,Excellent (极好)
8311.pdb,0.93,Excellent (极好)
15922.pdb,0.93,Excellent (极好)
18224.pdb,0.93,Excellent (极好)
27145.pdb,0.93,Excellent (极好)
29778.pdb,0.93,Excellent (极好)
17408.pdb,0.93,Excellent (极好)
21021.pdb,0.93,Excellent (极好)
13599.pdb,0.93,Excellent (极好)
12532.pdb,0.93,Excellent (极好)
14796.pdb,0.93,Excellent (极好)
15524.pdb,0.93,Excellent (极好)
7596.pdb,0.93,Excellent (极好)
29378.pdb,0.93,Excellent (极好)
21173.pdb,0.93,Excellent (极好)
9381.pdb,0.93,Excellent (极好)
25899.pdb,0.93,Excellent (极好)
29060.pdb,0.93,Excellent (极好)
22515.pdb,0.93,Excellent (极好)
25825.pdb,0.93,Excellent (极好)
21016.pdb,0.93,Excellent (极好)
7832.pdb,0.93,Excellent (极好)
19152.pdb,0.93,Excellent (极好)
8541.pdb,0.93,Excellent (极好)
19063.pdb,0.93,Excellent (极好)
20999.pdb,0.93,Excellent (极好)
20473.pdb,0.93,Excellent (极好)
7454.pdb,0.93,Excellent (极好)
17671.pdb,0.93,Excellent (极好)
15094.pdb,0.93,Excellent (极好)
585.pdb,0.93,Excellent (极好)
23357.pdb,0.93,Excellent (极好)
253.pdb,0.93,Excellent (极好)
9095.pdb,0.93,Excellent (极好)
8187.pdb,0.93,Excellent (极好)
19754.pdb,0.93,Excellent (极好)
19985.pdb,0.93,Excellent (极好)
6257.pdb,0.93,Excellent (极好)
22834.pdb,0.93,Excellent (极好)
22513.pdb,0.93,Excellent (极好)
19293.pdb,0.93,Excellent (极好)
19923.pdb,0.93,Excellent (极好)
27354.pdb,0.93,Excellent (极好)
9084.pdb,0.93,Excellent (极好)
2908.pdb,0.93,Excellent (极好)
7973.pdb,0.93,Excellent (极好)
29800.pdb,0.93,Excellent (极好)
19480.pdb,0.93,Excellent (极好)
25738.pdb,0.93,Excellent (极好)
11251.pdb,0.93,Excellent (极好)
15548.pdb,0.93,Excellent (极好)
5570.pdb,0.93,Excellent (极好)
20038.pdb,0.93,Excellent (极好)
23876.pdb,0.93,Excellent (极好)
12887.pdb,0.93,Excellent (极好)
17345.pdb,0.93,Excellent (极好)
12198.pdb,0.93,Excellent (极好)
28502.pdb,0.93,Excellent (极好)
29036.pdb,0.93,Excellent (极好)
21719.pdb,0.93,Excellent (极好)
29419.pdb,0.93,Excellent (极好)
10307.pdb,0.93,Excellent (极好)
7770.pdb,0.93,Excellent (极好)
9263.pdb,0.93,Excellent (极好)
8570.pdb,0.93,Excellent (极好)
10550.pdb,0.93,Excellent (极好)
29268.pdb,0.93,Excellent (极好)
28445.pdb,0.93,Excellent (极好)
456.pdb,0.93,Excellent (极好)
7912.pdb,0.93,Excellent (极好)
19291.pdb,0.93,Excellent (极好)
24676.pdb,0.93,Excellent (极好)
28103.pdb,0.93,Excellent (极好)
8446.pdb,0.93,Excellent (极好)
14749.pdb,0.93,Excellent (极好)
6897.pdb,0.93,Excellent (极好)
28151.pdb,0.93,Excellent (极好)
22910.pdb,0.93,Excellent (极好)
28649.pdb,0.93,Excellent (极好)
14591.pdb,0.93,Excellent (极好)
10310.pdb,0.93,Excellent (极好)
29295.pdb,0.93,Excellent (极好)
13249.pdb,0.93,Excellent (极好)
29357.pdb,0.93,Excellent (极好)
27087.pdb,0.93,Excellent (极好)
1870.pdb,0.93,Excellent (极好)
19187.pdb,0.93,Excellent (极好)
3856.pdb,0.93,Excellent (极好)
11893.pdb,0.93,Excellent (极好)
17443.pdb,0.93,Excellent (极好)
20505.pdb,0.93,Excellent (极好)
8076.pdb,0.93,Excellent (极好)
17446.pdb,0.93,Excellent (极好)
31217.pdb,0.93,Excellent (极好)
741.pdb,0.93,Excellent (极好)
21060.pdb,0.93,Excellent (极好)
10591.pdb,0.93,Excellent (极好)
27172.pdb,0.93,Excellent (极好)
7584.pdb,0.93,Excellent (极好)
682.pdb,0.93,Excellent (极好)
31132.pdb,0.93,Excellent (极好)
13867.pdb,0.93,Excellent (极好)
12785.pdb,0.93,Excellent (极好)
12277.pdb,0.93,Excellent (极好)
1216.pdb,0.93,Excellent (极好)
17672.pdb,0.93,Excellent (极好)
20804.pdb,0.93,Excellent (极好)
14133.pdb,0.93,Excellent (极好)
25251.pdb,0.93,Excellent (极好)
2656.pdb,0.93,Excellent (极好)
15667.pdb,0.93,Excellent (极好)
11870.pdb,0.93,Excellent (极好)
25623.pdb,0.93,Excellent (极好)
15173.pdb,0.93,Excellent (极好)
22209.pdb,0.93,Excellent (极好)
2560.pdb,0.93,Excellent (极好)
22043.pdb,0.93,Excellent (极好)
23406.pdb,0.93,Excellent (极好)
3377.pdb,0.93,Excellent (极好)
28477.pdb,0.93,Excellent (极好)
22200.pdb,0.93,Excellent (极好)
4165.pdb,0.93,Excellent (极好)
30139.pdb,0.93,Excellent (极好)
151.pdb,0.93,Excellent (极好)
30688.pdb,0.93,Excellent (极好)
28022.pdb,0.93,Excellent (极好)
10597.pdb,0.93,Excellent (极好)
20104.pdb,0.93,Excellent (极好)
27299.pdb,0.93,Excellent (极好)
8911.pdb,0.93,Excellent (极好)
15471.pdb,0.93,Excellent (极好)
13693.pdb,0.93,Excellent (极好)
23028.pdb,0.93,Excellent (极好)
9380.pdb,0.93,Excellent (极好)
5525.pdb,0.93,Excellent (极好)
8162.pdb,0.93,Excellent (极好)
29963.pdb,0.93,Excellent (极好)
12010.pdb,0.93,Excellent (极好)
14223.pdb,0.93,Excellent (极好)
13187.pdb,0.93,Excellent (极好)
16512.pdb,0.93,Excellent (极好)
21056.pdb,0.93,Excellent (极好)
29035.pdb,0.93,Excellent (极好)
31137.pdb,0.93,Excellent (极好)
20479.pdb,0.93,Excellent (极好)
29924.pdb,0.93,Excellent (极好)
4504.pdb,0.93,Excellent (极好)
27248.pdb,0.93,Excellent (极好)
21999.pdb,0.93,Excellent (极好)
6066.pdb,0.93,Excellent (极好)
1589.pdb,0.93,Excellent (极好)
1546.pdb,0.93,Excellent (极好)
4138.pdb,0.93,Excellent (极好)
11406.pdb,0.93,Excellent (极好)
17906.pdb,0.93,Excellent (极好)
30883.pdb,0.93,Excellent (极好)
16165.pdb,0.93,Excellent (极好)
21394.pdb,0.93,Excellent (极好)
20298.pdb,0.93,Excellent (极好)
30148.pdb,0.93,Excellent (极好)
19887.pdb,0.93,Excellent (极好)
7930.pdb,0.93,Excellent (极好)
12743.pdb,0.93,Excellent (极好)
28077.pdb,0.93,Excellent (极好)
29563.pdb,0.93,Excellent (极好)
27271.pdb,0.93,Excellent (极好)
12394.pdb,0.93,Excellent (极好)
9756.pdb,0.93,Excellent (极好)
152.pdb,0.93,Excellent (极好)
5856.pdb,0.93,Excellent (极好)
1710.pdb,0.93,Excellent (极好)
21047.pdb,0.93,Excellent (极好)
21382.pdb,0.93,Excellent (极好)
15678.pdb,0.93,Excellent (极好)
24572.pdb,0.93,Excellent (极好)
29758.pdb,0.93,Excellent (极好)
21862.pdb,0.93,Excellent (极好)
28032.pdb,0.93,Excellent (极好)
3368.pdb,0.93,Excellent (极好)
12787.pdb,0.93,Excellent (极好)
26737.pdb,0.93,Excellent (极好)
28161.pdb,0.93,Excellent (极好)
801.pdb,0.93,Excellent (极好)
15249.pdb,0.93,Excellent (极好)
14899.pdb,0.93,Excellent (极好)
19286.pdb,0.93,Excellent (极好)
6787.pdb,0.93,Excellent (极好)
22534.pdb,0.93,Excellent (极好)
16369.pdb,0.93,Excellent (极好)
21959.pdb,0.93,Excellent (极好)
24156.pdb,0.93,Excellent (极好)
4196.pdb,0.93,Excellent (极好)
14280.pdb,0.93,Excellent (极好)
17890.pdb,0.93,Excellent (极好)
21830.pdb,0.93,Excellent (极好)
4360.pdb,0.93,Excellent (极好)
12395.pdb,0.93,Excellent (极好)
22476.pdb,0.93,Excellent (极好)
22518.pdb,0.93,Excellent (极好)
7762.pdb,0.93,Excellent (极好)
20897.pdb,0.93,Excellent (极好)
12915.pdb,0.93,Excellent (极好)
21480.pdb,0.93,Excellent (极好)
24461.pdb,0.93,Excellent (极好)
8123.pdb,0.93,Excellent (极好)
4987.pdb,0.93,Excellent (极好)
19218.pdb,0.93,Excellent (极好)
29916.pdb,0.93,Excellent (极好)
134.pdb,0.93,Excellent (极好)
14719.pdb,0.93,Excellent (极好)
11680.pdb,0.93,Excellent (极好)
30641.pdb,0.93,Excellent (极好)
2958.pdb,0.93,Excellent (极好)
18188.pdb,0.93,Excellent (极好)
29225.pdb,0.93,Excellent (极好)
15344.pdb,0.93,Excellent (极好)
30956.pdb,0.93,Excellent (极好)
31120.pdb,0.93,Excellent (极好)
29145.pdb,0.93,Excellent (极好)
24182.pdb,0.93,Excellent (极好)
25914.pdb,0.93,Excellent (极好)
28159.pdb,0.93,Excellent (极好)
7640.pdb,0.93,Excellent (极好)
1305.pdb,0.93,Excellent (极好)
30228.pdb,0.93,Excellent (极好)
29724.pdb,0.93,Excellent (极好)
19101.pdb,0.93,Excellent (极好)
9278.pdb,0.93,Excellent (极好)
672.pdb,0.93,Excellent (极好)
12610.pdb,0.93,Excellent (极好)
7077.pdb,0.93,Excellent (极好)
10852.pdb,0.93,Excellent (极好)
17356.pdb,0.93,Excellent (极好)
24993.pdb,0.93,Excellent (极好)
2492.pdb,0.93,Excellent (极好)
31050.pdb,0.93,Excellent (极好)
22573.pdb,0.93,Excellent (极好)
15907.pdb,0.93,Excellent (极好)
23633.pdb,0.93,Excellent (极好)
27548.pdb,0.93,Excellent (极好)
4696.pdb,0.93,Excellent (极好)
25468.pdb,0.93,Excellent (极好)
8103.pdb,0.93,Excellent (极好)
13668.pdb,0.93,Excellent (极好)
5074.pdb,0.93,Excellent (极好)
29470.pdb,0.93,Excellent (极好)
30325.pdb,0.93,Excellent (极好)
12505.pdb,0.93,Excellent (极好)
29018.pdb,0.93,Excellent (极好)
6488.pdb,0.93,Excellent (极好)
14832.pdb,0.93,Excellent (极好)
24727.pdb,0.93,Excellent (极好)
9106.pdb,0.93,Excellent (极好)
19702.pdb,0.93,Excellent (极好)
22540.pdb,0.93,Excellent (极好)
132.pdb,0.93,Excellent (极好)
9833.pdb,0.93,Excellent (极好)
27439.pdb,0.93,Excellent (极好)
4673.pdb,0.93,Excellent (极好)
29441.pdb,0.93,Excellent (极好)
683.pdb,0.93,Excellent (极好)
12302.pdb,0.93,Excellent (极好)
14962.pdb,0.93,Excellent (极好)
12411.pdb,0.93,Excellent (极好)
12633.pdb,0.93,Excellent (极好)
23119.pdb,0.93,Excellent (极好)
18145.pdb,0.93,Excellent (极好)
27562.pdb,0.93,Excellent (极好)
9733.pdb,0.93,Excellent (极好)
2768.pdb,0.93,Excellent (极好)
15089.pdb,0.93,Excellent (极好)
4042.pdb,0.93,Excellent (极好)
23329.pdb,0.93,Excellent (极好)
29389.pdb,0.93,Excellent (极好)
7882.pdb,0.93,Excellent (极好)
27637.pdb,0.93,Excellent (极好)
5981.pdb,0.93,Excellent (极好)
5042.pdb,0.93,Excellent (极好)
14398.pdb,0.93,Excellent (极好)
13579.pdb,0.93,Excellent (极好)
16146.pdb,0.93,Excellent (极好)
28126.pdb,0.93,Excellent (极好)
4854.pdb,0.93,Excellent (极好)
21734.pdb,0.93,Excellent (极好)
3304.pdb,0.93,Excellent (极好)
13615.pdb,0.93,Excellent (极好)
8516.pdb,0.93,Excellent (极好)
23790.pdb,0.93,Excellent (极好)
8556.pdb,0.93,Excellent (极好)
8154.pdb,0.93,Excellent (极好)
4754.pdb,0.93,Excellent (极好)
20002.pdb,0.93,Excellent (极好)
27134.pdb,0.93,Excellent (极好)
8299.pdb,0.93,Excellent (极好)
20690.pdb,0.93,Excellent (极好)
15098.pdb,0.93,Excellent (极好)
12901.pdb,0.93,Excellent (极好)
10670.pdb,0.93,Excellent (极好)
2354.pdb,0.93,Excellent (极好)
12384.pdb,0.93,Excellent (极好)
12352.pdb,0.93,Excellent (极好)
25074.pdb,0.93,Excellent (极好)
20665.pdb,0.93,Excellent (极好)
27578.pdb,0.93,Excellent (极好)
12433.pdb,0.93,Excellent (极好)
21965.pdb,0.93,Excellent (极好)
15101.pdb,0.93,Excellent (极好)
8148.pdb,0.93,Excellent (极好)
30091.pdb,0.93,Excellent (极好)
14901.pdb,0.93,Excellent (极好)
3205.pdb,0.93,Excellent (极好)
15654.pdb,0.93,Excellent (极好)
9283.pdb,0.93,Excellent (极好)
26523.pdb,0.93,Excellent (极好)
606.pdb,0.93,Excellent (极好)
8397.pdb,0.93,Excellent (极好)
30021.pdb,0.93,Excellent (极好)
3743.pdb,0.93,Excellent (极好)
10812.pdb,0.93,Excellent (极好)
19229.pdb,0.93,Excellent (极好)
21367.pdb,0.93,Excellent (极好)
15946.pdb,0.93,Excellent (极好)
21756.pdb,0.93,Excellent (极好)
10422.pdb,0.93,Excellent (极好)
23290.pdb,0.93,Excellent (极好)
27597.pdb,0.93,Excellent (极好)
12133.pdb,0.93,Excellent (极好)
17711.pdb,0.93,Excellent (极好)
11760.pdb,0.93,Excellent (极好)
11732.pdb,0.93,Excellent (极好)
30118.pdb,0.93,Excellent (极好)
15655.pdb,0.93,Excellent (极好)
30092.pdb,0.93,Excellent (极好)
3798.pdb,0.93,Excellent (极好)
28640.pdb,0.93,Excellent (极好)
14868.pdb,0.93,Excellent (极好)
9302.pdb,0.93,Excellent (极好)
5275.pdb,0.93,Excellent (极好)
29485.pdb,0.93,Excellent (极好)
21922.pdb,0.93,Excellent (极好)
30895.pdb,0.93,Excellent (极好)
29381.pdb,0.93,Excellent (极好)
15985.pdb,0.93,Excellent (极好)
15045.pdb,0.93,Excellent (极好)
28179.pdb,0.93,Excellent (极好)
5843.pdb,0.93,Excellent (极好)
1792.pdb,0.93,Excellent (极好)
22520.pdb,0.93,Excellent (极好)
12807.pdb,0.93,Excellent (极好)
21631.pdb,0.93,Excellent (极好)
26882.pdb,0.93,Excellent (极好)
21050.pdb,0.93,Excellent (极好)
7873.pdb,0.93,Excellent (极好)
28174.pdb,0.93,Excellent (极好)
5109.pdb,0.93,Excellent (极好)
17337.pdb,0.93,Excellent (极好)
24778.pdb,0.93,Excellent (极好)
25144.pdb,0.93,Excellent (极好)
5375.pdb,0.93,Excellent (极好)
22001.pdb,0.93,Excellent (极好)
29526.pdb,0.93,Excellent (极好)
20176.pdb,0.93,Excellent (极好)
17396.pdb,0.93,Excellent (极好)
6536.pdb,0.93,Excellent (极好)
21546.pdb,0.93,Excellent (极好)
607.pdb,0.93,Excellent (极好)
24283.pdb,0.93,Excellent (极好)
30459.pdb,0.93,Excellent (极好)
14431.pdb,0.93,Excellent (极好)
8922.pdb,0.93,Excellent (极好)
21518.pdb,0.93,Excellent (极好)
22702.pdb,0.93,Excellent (极好)
5283.pdb,0.93,Excellent (极好)
22016.pdb,0.93,Excellent (极好)
29517.pdb,0.93,Excellent (极好)
14447.pdb,0.93,Excellent (极好)
12796.pdb,0.93,Excellent (极好)
16252.pdb,0.93,Excellent (极好)
25628.pdb,0.93,Excellent (极好)
5323.pdb,0.93,Excellent (极好)
7555.pdb,0.93,Excellent (极好)
5937.pdb,0.93,Excellent (极好)
15554.pdb,0.93,Excellent (极好)
4142.pdb,0.93,Excellent (极好)
1932.pdb,0.93,Excellent (极好)
14964.pdb,0.93,Excellent (极好)
7276.pdb,0.93,Excellent (极好)
1720.pdb,0.93,Excellent (极好)
23192.pdb,0.93,Excellent (极好)
2527.pdb,0.93,Excellent (极好)
12219.pdb,0.93,Excellent (极好)
14499.pdb,0.93,Excellent (极好)
13233.pdb,0.93,Excellent (极好)
1524.pdb,0.93,Excellent (极好)
30359.pdb,0.93,Excellent (极好)
783.pdb,0.93,Excellent (极好)
8177.pdb,0.93,Excellent (极好)
23605.pdb,0.93,Excellent (极好)
8436.pdb,0.93,Excellent (极好)
17693.pdb,0.93,Excellent (极好)
24865.pdb,0.93,Excellent (极好)
25156.pdb,0.93,Excellent (极好)
25066.pdb,0.93,Excellent (极好)
1717.pdb,0.93,Excellent (极好)
12206.pdb,0.93,Excellent (极好)
20370.pdb,0.93,Excellent (极好)
26654.pdb,0.93,Excellent (极好)
11302.pdb,0.93,Excellent (极好)
10877.pdb,0.93,Excellent (极好)
10714.pdb,0.93,Excellent (极好)
20755.pdb,0.93,Excellent (极好)
15556.pdb,0.93,Excellent (极好)
10044.pdb,0.93,Excellent (极好)
9399.pdb,0.93,Excellent (极好)
6291.pdb,0.93,Excellent (极好)
603.pdb,0.93,Excellent (极好)
27545.pdb,0.93,Excellent (极好)
30355.pdb,0.93,Excellent (极好)
22197.pdb,0.93,Excellent (极好)
7145.pdb,0.93,Excellent (极好)
7950.pdb,0.93,Excellent (极好)
28656.pdb,0.93,Excellent (极好)
14104.pdb,0.93,Excellent (极好)
8135.pdb,0.93,Excellent (极好)
136.pdb,0.93,Excellent (极好)
909.pdb,0.93,Excellent (极好)
4469.pdb,0.93,Excellent (极好)
2095.pdb,0.93,Excellent (极好)
28539.pdb,0.93,Excellent (极好)
5417.pdb,0.92,Excellent (极好)
2140.pdb,0.92,Excellent (极好)
30382.pdb,0.92,Excellent (极好)
13110.pdb,0.92,Excellent (极好)
2955.pdb,0.92,Excellent (极好)
9444.pdb,0.92,Excellent (极好)
28227.pdb,0.92,Excellent (极好)
4601.pdb,0.92,Excellent (极好)
7789.pdb,0.92,Excellent (极好)
28788.pdb,0.92,Excellent (极好)
26733.pdb,0.92,Excellent (极好)
21826.pdb,0.92,Excellent (极好)
21875.pdb,0.92,Excellent (极好)
22763.pdb,0.92,Excellent (极好)
28423.pdb,0.92,Excellent (极好)
27755.pdb,0.92,Excellent (极好)
7271.pdb,0.92,Excellent (极好)
28240.pdb,0.92,Excellent (极好)
25822.pdb,0.92,Excellent (极好)
28657.pdb,0.92,Excellent (极好)
20352.pdb,0.92,Excellent (极好)
25112.pdb,0.92,Excellent (极好)
8928.pdb,0.92,Excellent (极好)
12752.pdb,0.92,Excellent (极好)
4934.pdb,0.92,Excellent (极好)
10795.pdb,0.92,Excellent (极好)
17924.pdb,0.92,Excellent (极好)
19158.pdb,0.92,Excellent (极好)
626.pdb,0.92,Excellent (极好)
14548.pdb,0.92,Excellent (极好)
21904.pdb,0.92,Excellent (极好)
13243.pdb,0.92,Excellent (极好)
775.pdb,0.92,Excellent (极好)
19184.pdb,0.92,Excellent (极好)
29774.pdb,0.92,Excellent (极好)
8847.pdb,0.92,Excellent (极好)
10774.pdb,0.92,Excellent (极好)
24590.pdb,0.92,Excellent (极好)
2575.pdb,0.92,Excellent (极好)
7846.pdb,0.92,Excellent (极好)
6914.pdb,0.92,Excellent (极好)
11591.pdb,0.92,Excellent (极好)
24986.pdb,0.92,Excellent (极好)
30620.pdb,0.92,Excellent (极好)
10292.pdb,0.92,Excellent (极好)
15046.pdb,0.92,Excellent (极好)
28449.pdb,0.92,Excellent (极好)
19898.pdb,0.92,Excellent (极好)
6961.pdb,0.92,Excellent (极好)
21905.pdb,0.92,Excellent (极好)
9802.pdb,0.92,Excellent (极好)
17675.pdb,0.92,Excellent (极好)
15899.pdb,0.92,Excellent (极好)
9229.pdb,0.92,Excellent (极好)
14782.pdb,0.92,Excellent (极好)
1422.pdb,0.92,Excellent (极好)
15256.pdb,0.92,Excellent (极好)
13616.pdb,0.92,Excellent (极好)
30627.pdb,0.92,Excellent (极好)
7270.pdb,0.92,Excellent (极好)
24115.pdb,0.92,Excellent (极好)
24785.pdb,0.92,Excellent (极好)
9777.pdb,0.92,Excellent (极好)
8697.pdb,0.92,Excellent (极好)
25609.pdb,0.92,Excellent (极好)
14914.pdb,0.92,Excellent (极好)
26596.pdb,0.92,Excellent (极好)
6744.pdb,0.92,Excellent (极好)
28472.pdb,0.92,Excellent (极好)
15291.pdb,0.92,Excellent (极好)
8986.pdb,0.92,Excellent (极好)
158.pdb,0.92,Excellent (极好)
20703.pdb,0.92,Excellent (极好)
10249.pdb,0.92,Excellent (极好)
9232.pdb,0.92,Excellent (极好)
247.pdb,0.92,Excellent (极好)
22208.pdb,0.92,Excellent (极好)
9257.pdb,0.92,Excellent (极好)
24143.pdb,0.92,Excellent (极好)
9368.pdb,0.92,Excellent (极好)
9039.pdb,0.92,Excellent (极好)
29579.pdb,0.92,Excellent (极好)
1839.pdb,0.92,Excellent (极好)
2697.pdb,0.92,Excellent (极好)
13605.pdb,0.92,Excellent (极好)
7830.pdb,0.92,Excellent (极好)
26679.pdb,0.92,Excellent (极好)
1588.pdb,0.92,Excellent (极好)
478.pdb,0.92,Excellent (极好)
20379.pdb,0.92,Excellent (极好)
108.pdb,0.92,Excellent (极好)
535.pdb,0.92,Excellent (极好)
29094.pdb,0.92,Excellent (极好)
7554.pdb,0.92,Excellent (极好)
24302.pdb,0.92,Excellent (极好)
20058.pdb,0.92,Excellent (极好)
520.pdb,0.92,Excellent (极好)
11683.pdb,0.92,Excellent (极好)
28162.pdb,0.92,Excellent (极好)
28036.pdb,0.92,Excellent (极好)
29385.pdb,0.92,Excellent (极好)
7339.pdb,0.92,Excellent (极好)
30006.pdb,0.92,Excellent (极好)
140.pdb,0.92,Excellent (极好)
9519.pdb,0.92,Excellent (极好)
29406.pdb,0.92,Excellent (极好)
12009.pdb,0.92,Excellent (极好)
14845.pdb,0.92,Excellent (极好)
302.pdb,0.92,Excellent (极好)
2708.pdb,0.92,Excellent (极好)
21601.pdb,0.92,Excellent (极好)
27540.pdb,0.92,Excellent (极好)
7688.pdb,0.92,Excellent (极好)
10480.pdb,0.92,Excellent (极好)
27516.pdb,0.92,Excellent (极好)
28677.pdb,0.92,Excellent (极好)
29214.pdb,0.92,Excellent (极好)
18260.pdb,0.92,Excellent (极好)
28581.pdb,0.92,Excellent (极好)
29755.pdb,0.92,Excellent (极好)
27266.pdb,0.92,Excellent (极好)
22010.pdb,0.92,Excellent (极好)
12363.pdb,0.92,Excellent (极好)
13904.pdb,0.92,Excellent (极好)
1857.pdb,0.92,Excellent (极好)
1953.pdb,0.92,Excellent (极好)
14857.pdb,0.92,Excellent (极好)
5385.pdb,0.92,Excellent (极好)
20144.pdb,0.92,Excellent (极好)
9737.pdb,0.92,Excellent (极好)
14959.pdb,0.92,Excellent (极好)
20268.pdb,0.92,Excellent (极好)
8432.pdb,0.92,Excellent (极好)
11191.pdb,0.92,Excellent (极好)
29122.pdb,0.92,Excellent (极好)
15355.pdb,0.92,Excellent (极好)
4214.pdb,0.92,Excellent (极好)
21454.pdb,0.92,Excellent (极好)
28689.pdb,0.92,Excellent (极好)
30016.pdb,0.92,Excellent (极好)
29203.pdb,0.92,Excellent (极好)
15544.pdb,0.92,Excellent (极好)
15550.pdb,0.92,Excellent (极好)
18262.pdb,0.92,Excellent (极好)
11556.pdb,0.92,Excellent (极好)
25528.pdb,0.92,Excellent (极好)
29789.pdb,0.92,Excellent (极好)
7543.pdb,0.92,Excellent (极好)
19943.pdb,0.92,Excellent (极好)
1746.pdb,0.92,Excellent (极好)
26613.pdb,0.92,Excellent (极好)
5524.pdb,0.92,Excellent (极好)
19721.pdb,0.92,Excellent (极好)
3563.pdb,0.92,Excellent (极好)
430.pdb,0.92,Excellent (极好)
11541.pdb,0.92,Excellent (极好)
10426.pdb,0.92,Excellent (极好)
5988.pdb,0.92,Excellent (极好)
2637.pdb,0.92,Excellent (极好)
29467.pdb,0.92,Excellent (极好)
330.pdb,0.92,Excellent (极好)
1572.pdb,0.92,Excellent (极好)
13120.pdb,0.92,Excellent (极好)
14982.pdb,0.92,Excellent (极好)
27370.pdb,0.92,Excellent (极好)
14530.pdb,0.92,Excellent (极好)
28169.pdb,0.92,Excellent (极好)
30879.pdb,0.92,Excellent (极好)
7290.pdb,0.92,Excellent (极好)
23228.pdb,0.92,Excellent (极好)
24830.pdb,0.92,Excellent (极好)
14043.pdb,0.92,Excellent (极好)
30193.pdb,0.92,Excellent (极好)
29591.pdb,0.92,Excellent (极好)
7635.pdb,0.92,Excellent (极好)
27229.pdb,0.92,Excellent (极好)
14589.pdb,0.92,Excellent (极好)
2531.pdb,0.92,Excellent (极好)
9134.pdb,0.92,Excellent (极好)
14410.pdb,0.92,Excellent (极好)
13145.pdb,0.92,Excellent (极好)
22012.pdb,0.92,Excellent (极好)
23063.pdb,0.92,Excellent (极好)
22529.pdb,0.92,Excellent (极好)
10084.pdb,0.92,Excellent (极好)
14440.pdb,0.92,Excellent (极好)
1684.pdb,0.92,Excellent (极好)
24185.pdb,0.92,Excellent (极好)
17896.pdb,0.92,Excellent (极好)
3066.pdb,0.92,Excellent (极好)
2308.pdb,0.92,Excellent (极好)
9224.pdb,0.92,Excellent (极好)
7855.pdb,0.92,Excellent (极好)
12873.pdb,0.92,Excellent (极好)
30036.pdb,0.92,Excellent (极好)
6547.pdb,0.92,Excellent (极好)
25620.pdb,0.92,Excellent (极好)
1859.pdb,0.92,Excellent (极好)
9033.pdb,0.92,Excellent (极好)
12878.pdb,0.92,Excellent (极好)
20015.pdb,0.92,Excellent (极好)
7151.pdb,0.92,Excellent (极好)
432.pdb,0.92,Excellent (极好)
2428.pdb,0.92,Excellent (极好)
12126.pdb,0.92,Excellent (极好)
88.pdb,0.92,Excellent (极好)
25644.pdb,0.92,Excellent (极好)
4808.pdb,0.92,Excellent (极好)
4440.pdb,0.92,Excellent (极好)
25187.pdb,0.92,Excellent (极好)
15542.pdb,0.92,Excellent (极好)
27645.pdb,0.92,Excellent (极好)
2757.pdb,0.92,Excellent (极好)
19889.pdb,0.92,Excellent (极好)
14954.pdb,0.92,Excellent (极好)
8419.pdb,0.92,Excellent (极好)
6481.pdb,0.92,Excellent (极好)
20548.pdb,0.92,Excellent (极好)
9772.pdb,0.92,Excellent (极好)
2171.pdb,0.92,Excellent (极好)
14251.pdb,0.92,Excellent (极好)
15458.pdb,0.92,Excellent (极好)
8710.pdb,0.92,Excellent (极好)
7442.pdb,0.92,Excellent (极好)
7822.pdb,0.92,Excellent (极好)
21611.pdb,0.92,Excellent (极好)
14457.pdb,0.92,Excellent (极好)
15246.pdb,0.92,Excellent (极好)
15591.pdb,0.92,Excellent (极好)
3568.pdb,0.92,Excellent (极好)
13170.pdb,0.92,Excellent (极好)
16119.pdb,0.92,Excellent (极好)
27255.pdb,0.92,Excellent (极好)
16150.pdb,0.92,Excellent (极好)
28029.pdb,0.92,Excellent (极好)
27147.pdb,0.92,Excellent (极好)
12306.pdb,0.92,Excellent (极好)
27352.pdb,0.92,Excellent (极好)
7295.pdb,0.92,Excellent (极好)
6993.pdb,0.92,Excellent (极好)
5868.pdb,0.92,Excellent (极好)
18157.pdb,0.92,Excellent (极好)
27630.pdb,0.92,Excellent (极好)
8435.pdb,0.92,Excellent (极好)
7205.pdb,0.92,Excellent (极好)
29497.pdb,0.92,Excellent (极好)
12134.pdb,0.92,Excellent (极好)
16048.pdb,0.92,Excellent (极好)
11511.pdb,0.92,Excellent (极好)
6582.pdb,0.92,Excellent (极好)
25714.pdb,0.92,Excellent (极好)
452.pdb,0.92,Excellent (极好)
26420.pdb,0.92,Excellent (极好)
26802.pdb,0.92,Excellent (极好)
26392.pdb,0.92,Excellent (极好)
21558.pdb,0.92,Excellent (极好)
6428.pdb,0.92,Excellent (极好)
15136.pdb,0.92,Excellent (极好)
2667.pdb,0.92,Excellent (极好)
3357.pdb,0.92,Excellent (极好)
10038.pdb,0.92,Excellent (极好)
8724.pdb,0.92,Excellent (极好)
29310.pdb,0.92,Excellent (极好)
1739.pdb,0.92,Excellent (极好)
28226.pdb,0.92,Excellent (极好)
27247.pdb,0.92,Excellent (极好)
399.pdb,0.92,Excellent (极好)
6748.pdb,0.92,Excellent (极好)
25275.pdb,0.92,Excellent (极好)
7642.pdb,0.92,Excellent (极好)
31249.pdb,0.92,Excellent (极好)
4549.pdb,0.92,Excellent (极好)
19910.pdb,0.92,Excellent (极好)
28399.pdb,0.92,Excellent (极好)
5701.pdb,0.92,Excellent (极好)
17667.pdb,0.92,Excellent (极好)
11631.pdb,0.92,Excellent (极好)
14225.pdb,0.92,Excellent (极好)
20158.pdb,0.92,Excellent (极好)
24232.pdb,0.92,Excellent (极好)
26176.pdb,0.92,Excellent (极好)
8239.pdb,0.92,Excellent (极好)
2034.pdb,0.92,Excellent (极好)
9258.pdb,0.92,Excellent (极好)
21629.pdb,0.92,Excellent (极好)
22035.pdb,0.92,Excellent (极好)
19752.pdb,0.92,Excellent (极好)
21533.pdb,0.92,Excellent (极好)
26710.pdb,0.92,Excellent (极好)
27780.pdb,0.92,Excellent (极好)
12533.pdb,0.92,Excellent (极好)
8449.pdb,0.92,Excellent (极好)
4762.pdb,0.92,Excellent (极好)
19347.pdb,0.92,Excellent (极好)
12739.pdb,0.92,Excellent (极好)
29264.pdb,0.92,Excellent (极好)
28682.pdb,0.92,Excellent (极好)
12521.pdb,0.92,Excellent (极好)
8060.pdb,0.92,Excellent (极好)
13205.pdb,0.92,Excellent (极好)
13217.pdb,0.92,Excellent (极好)
23715.pdb,0.92,Excellent (极好)
18280.pdb,0.92,Excellent (极好)
15022.pdb,0.92,Excellent (极好)
25241.pdb,0.92,Excellent (极好)
11766.pdb,0.92,Excellent (极好)
14296.pdb,0.92,Excellent (极好)
12913.pdb,0.92,Excellent (极好)
4963.pdb,0.92,Excellent (极好)
22329.pdb,0.92,Excellent (极好)
4953.pdb,0.92,Excellent (极好)
29600.pdb,0.92,Excellent (极好)
7521.pdb,0.92,Excellent (极好)
5719.pdb,0.92,Excellent (极好)
30365.pdb,0.92,Excellent (极好)
20638.pdb,0.92,Excellent (极好)
9744.pdb,0.92,Excellent (极好)
3029.pdb,0.92,Excellent (极好)
30747.pdb,0.92,Excellent (极好)
15537.pdb,0.92,Excellent (极好)
20413.pdb,0.92,Excellent (极好)
14341.pdb,0.92,Excellent (极好)
15977.pdb,0.92,Excellent (极好)
4820.pdb,0.92,Excellent (极好)
4819.pdb,0.92,Excellent (极好)
30665.pdb,0.92,Excellent (极好)
21556.pdb,0.92,Excellent (极好)
28605.pdb,0.92,Excellent (极好)
11323.pdb,0.92,Excellent (极好)
9530.pdb,0.92,Excellent (极好)
21837.pdb,0.92,Excellent (极好)
27014.pdb,0.92,Excellent (极好)
2645.pdb,0.92,Excellent (极好)
29784.pdb,0.92,Excellent (极好)
22843.pdb,0.92,Excellent (极好)
6866.pdb,0.92,Excellent (极好)
23400.pdb,0.92,Excellent (极好)
7308.pdb,0.92,Excellent (极好)
5441.pdb,0.92,Excellent (极好)
8798.pdb,0.92,Excellent (极好)
10184.pdb,0.92,Excellent (极好)
28437.pdb,0.92,Excellent (极好)
19803.pdb,0.92,Excellent (极好)
1615.pdb,0.92,Excellent (极好)
12523.pdb,0.92,Excellent (极好)
20378.pdb,0.92,Excellent (极好)
24057.pdb,0.92,Excellent (极好)
25348.pdb,0.92,Excellent (极好)
31348.pdb,0.92,Excellent (极好)
12896.pdb,0.92,Excellent (极好)
30882.pdb,0.92,Excellent (极好)
2920.pdb,0.92,Excellent (极好)
12770.pdb,0.92,Excellent (极好)
11856.pdb,0.92,Excellent (极好)
8933.pdb,0.92,Excellent (极好)
12898.pdb,0.92,Excellent (极好)
27652.pdb,0.92,Excellent (极好)
8985.pdb,0.92,Excellent (极好)
27572.pdb,0.92,Excellent (极好)
13116.pdb,0.92,Excellent (极好)
21604.pdb,0.92,Excellent (极好)
8164.pdb,0.92,Excellent (极好)
21590.pdb,0.92,Excellent (极好)
29737.pdb,0.92,Excellent (极好)
5043.pdb,0.92,Excellent (极好)
15685.pdb,0.92,Excellent (极好)
15243.pdb,0.92,Excellent (极好)
2765.pdb,0.92,Excellent (极好)
23417.pdb,0.92,Excellent (极好)
2387.pdb,0.92,Excellent (极好)
22500.pdb,0.92,Excellent (极好)
2323.pdb,0.92,Excellent (极好)
5817.pdb,0.92,Excellent (极好)
16147.pdb,0.92,Excellent (极好)
29489.pdb,0.92,Excellent (极好)
23560.pdb,0.92,Excellent (极好)
15926.pdb,0.92,Excellent (极好)
12522.pdb,0.92,Excellent (极好)
26381.pdb,0.92,Excellent (极好)
9536.pdb,0.92,Excellent (极好)
2335.pdb,0.92,Excellent (极好)
24800.pdb,0.92,Excellent (极好)
28478.pdb,0.92,Excellent (极好)
27182.pdb,0.92,Excellent (极好)
12059.pdb,0.92,Excellent (极好)
18292.pdb,0.92,Excellent (极好)
13709.pdb,0.92,Excellent (极好)
850.pdb,0.92,Excellent (极好)
12032.pdb,0.92,Excellent (极好)
29889.pdb,0.92,Excellent (极好)
2664.pdb,0.92,Excellent (极好)
24945.pdb,0.92,Excellent (极好)
20397.pdb,0.92,Excellent (极好)
26322.pdb,0.92,Excellent (极好)
14923.pdb,0.92,Excellent (极好)
1679.pdb,0.92,Excellent (极好)
29276.pdb,0.92,Excellent (极好)
16179.pdb,0.92,Excellent (极好)
3358.pdb,0.92,Excellent (极好)
5936.pdb,0.92,Excellent (极好)
20835.pdb,0.92,Excellent (极好)
14118.pdb,0.92,Excellent (极好)
4763.pdb,0.92,Excellent (极好)
4548.pdb,0.92,Excellent (极好)
31091.pdb,0.92,Excellent (极好)
21718.pdb,0.92,Excellent (极好)
31258.pdb,0.92,Excellent (极好)
9230.pdb,0.92,Excellent (极好)
6198.pdb,0.92,Excellent (极好)
22538.pdb,0.92,Excellent (极好)
16015.pdb,0.92,Excellent (极好)
10737.pdb,0.92,Excellent (极好)
4145.pdb,0.92,Excellent (极好)
8938.pdb,0.92,Excellent (极好)
8305.pdb,0.92,Excellent (极好)
9351.pdb,0.92,Excellent (极好)
12423.pdb,0.92,Excellent (极好)
21833.pdb,0.92,Excellent (极好)
713.pdb,0.92,Excellent (极好)
12749.pdb,0.92,Excellent (极好)
6279.pdb,0.92,Excellent (极好)
15608.pdb,0.92,Excellent (极好)
1899.pdb,0.92,Excellent (极好)
14079.pdb,0.92,Excellent (极好)
14213.pdb,0.92,Excellent (极好)
8267.pdb,0.92,Excellent (极好)
11352.pdb,0.92,Excellent (极好)
21274.pdb,0.92,Excellent (极好)
21915.pdb,0.92,Excellent (极好)
15575.pdb,0.92,Excellent (极好)
4599.pdb,0.92,Excellent (极好)
2652.pdb,0.92,Excellent (极好)
29400.pdb,0.92,Excellent (极好)
11894.pdb,0.92,Excellent (极好)
27667.pdb,0.92,Excellent (极好)
30105.pdb,0.92,Excellent (极好)
2439.pdb,0.92,Excellent (极好)
15622.pdb,0.92,Excellent (极好)
15910.pdb,0.92,Excellent (极好)
9775.pdb,0.92,Excellent (极好)
28054.pdb,0.92,Excellent (极好)
22019.pdb,0.92,Excellent (极好)
25064.pdb,0.92,Excellent (极好)
4957.pdb,0.92,Excellent (极好)
1872.pdb,0.92,Excellent (极好)
12159.pdb,0.92,Excellent (极好)
745.pdb,0.92,Excellent (极好)
28119.pdb,0.92,Excellent (极好)
11782.pdb,0.92,Excellent (极好)
23706.pdb,0.92,Excellent (极好)
67.pdb,0.92,Excellent (极好)
14387.pdb,0.92,Excellent (极好)
7221.pdb,0.92,Excellent (极好)
21515.pdb,0.92,Excellent (极好)
30404.pdb,0.92,Excellent (极好)
31152.pdb,0.92,Excellent (极好)
15012.pdb,0.92,Excellent (极好)
836.pdb,0.92,Excellent (极好)
14361.pdb,0.92,Excellent (极好)
565.pdb,0.92,Excellent (极好)
29462.pdb,0.92,Excellent (极好)
1898.pdb,0.92,Excellent (极好)
26300.pdb,0.92,Excellent (极好)
23385.pdb,0.92,Excellent (极好)
10579.pdb,0.92,Excellent (极好)
29481.pdb,0.92,Excellent (极好)
7862.pdb,0.92,Excellent (极好)
2819.pdb,0.92,Excellent (极好)
22282.pdb,0.92,Excellent (极好)
10613.pdb,0.92,Excellent (极好)
19436.pdb,0.92,Excellent (极好)
3954.pdb,0.92,Excellent (极好)
14354.pdb,0.92,Excellent (极好)
252.pdb,0.92,Excellent (极好)
22011.pdb,0.92,Excellent (极好)
23585.pdb,0.91,Excellent (极好)
14327.pdb,0.91,Excellent (极好)
7745.pdb,0.91,Excellent (极好)
11573.pdb,0.91,Excellent (极好)
23764.pdb,0.91,Excellent (极好)
11976.pdb,0.91,Excellent (极好)
3427.pdb,0.91,Excellent (极好)
15523.pdb,0.91,Excellent (极好)
3868.pdb,0.91,Excellent (极好)
3093.pdb,0.91,Excellent (极好)
19697.pdb,0.91,Excellent (极好)
5089.pdb,0.91,Excellent (极好)
21559.pdb,0.91,Excellent (极好)
26165.pdb,0.91,Excellent (极好)
20334.pdb,0.91,Excellent (极好)
3480.pdb,0.91,Excellent (极好)
19339.pdb,0.91,Excellent (极好)
18226.pdb,0.91,Excellent (极好)
9094.pdb,0.91,Excellent (极好)
4951.pdb,0.91,Excellent (极好)
13688.pdb,0.91,Excellent (极好)
2857.pdb,0.91,Excellent (极好)
21657.pdb,0.91,Excellent (极好)
26.pdb,0.91,Excellent (极好)
30045.pdb,0.91,Excellent (极好)
13587.pdb,0.91,Excellent (极好)
21990.pdb,0.91,Excellent (极好)
29380.pdb,0.91,Excellent (极好)
31364.pdb,0.91,Excellent (极好)
25044.pdb,0.91,Excellent (极好)
30346.pdb,0.91,Excellent (极好)
22240.pdb,0.91,Excellent (极好)
23849.pdb,0.91,Excellent (极好)
21494.pdb,0.91,Excellent (极好)
1179.pdb,0.91,Excellent (极好)
463.pdb,0.91,Excellent (极好)
14029.pdb,0.91,Excellent (极好)
19185.pdb,0.91,Excellent (极好)
7972.pdb,0.91,Excellent (极好)
18274.pdb,0.91,Excellent (极好)
9831.pdb,0.91,Excellent (极好)
6036.pdb,0.91,Excellent (极好)
29457.pdb,0.91,Excellent (极好)
1883.pdb,0.91,Excellent (极好)
16022.pdb,0.91,Excellent (极好)
7386.pdb,0.91,Excellent (极好)
24810.pdb,0.91,Excellent (极好)
12381.pdb,0.91,Excellent (极好)
17696.pdb,0.91,Excellent (极好)
43.pdb,0.91,Excellent (极好)
15072.pdb,0.91,Excellent (极好)
22484.pdb,0.91,Excellent (极好)
9815.pdb,0.91,Excellent (极好)
6587.pdb,0.91,Excellent (极好)
11888.pdb,0.91,Excellent (极好)
9108.pdb,0.91,Excellent (极好)
29217.pdb,0.91,Excellent (极好)
31339.pdb,0.91,Excellent (极好)
30950.pdb,0.91,Excellent (极好)
9697.pdb,0.91,Excellent (极好)
2219.pdb,0.91,Excellent (极好)
13925.pdb,0.91,Excellent (极好)
9005.pdb,0.91,Excellent (极好)
14117.pdb,0.91,Excellent (极好)
12899.pdb,0.91,Excellent (极好)
11765.pdb,0.91,Excellent (极好)
12399.pdb,0.91,Excellent (极好)
6018.pdb,0.91,Excellent (极好)
30320.pdb,0.91,Excellent (极好)
2469.pdb,0.91,Excellent (极好)
30687.pdb,0.91,Excellent (极好)
809.pdb,0.91,Excellent (极好)
22508.pdb,0.91,Excellent (极好)
29601.pdb,0.91,Excellent (极好)
19940.pdb,0.91,Excellent (极好)
3789.pdb,0.91,Excellent (极好)
11404.pdb,0.91,Excellent (极好)
1149.pdb,0.91,Excellent (极好)
14477.pdb,0.91,Excellent (极好)
15217.pdb,0.91,Excellent (极好)
23223.pdb,0.91,Excellent (极好)
9245.pdb,0.91,Excellent (极好)
20342.pdb,0.91,Excellent (极好)
1698.pdb,0.91,Excellent (极好)
27633.pdb,0.91,Excellent (极好)
21784.pdb,0.91,Excellent (极好)
2755.pdb,0.91,Excellent (极好)
10220.pdb,0.91,Excellent (极好)
5567.pdb,0.91,Excellent (极好)
31191.pdb,0.91,Excellent (极好)
27038.pdb,0.91,Excellent (极好)
31181.pdb,0.91,Excellent (极好)
20034.pdb,0.91,Excellent (极好)
2893.pdb,0.91,Excellent (极好)
9024.pdb,0.91,Excellent (极好)
9026.pdb,0.91,Excellent (极好)
14757.pdb,0.91,Excellent (极好)
9092.pdb,0.91,Excellent (极好)
204.pdb,0.91,Excellent (极好)
28902.pdb,0.91,Excellent (极好)
19870.pdb,0.91,Excellent (极好)
8998.pdb,0.91,Excellent (极好)
99.pdb,0.91,Excellent (极好)
12431.pdb,0.91,Excellent (极好)
13733.pdb,0.91,Excellent (极好)
23013.pdb,0.91,Excellent (极好)
22007.pdb,0.91,Excellent (极好)
22292.pdb,0.91,Excellent (极好)
13878.pdb,0.91,Excellent (极好)
5918.pdb,0.91,Excellent (极好)
2068.pdb,0.91,Excellent (极好)
2268.pdb,0.91,Excellent (极好)
25441.pdb,0.91,Excellent (极好)
31265.pdb,0.91,Excellent (极好)
31081.pdb,0.91,Excellent (极好)
529.pdb,0.91,Excellent (极好)
15527.pdb,0.91,Excellent (极好)
18096.pdb,0.91,Excellent (极好)
9430.pdb,0.91,Excellent (极好)
9407.pdb,0.91,Excellent (极好)
572.pdb,0.91,Excellent (极好)
2729.pdb,0.91,Excellent (极好)
14836.pdb,0.91,Excellent (极好)
3170.pdb,0.91,Excellent (极好)
20825.pdb,0.91,Excellent (极好)
8424.pdb,0.91,Excellent (极好)
19893.pdb,0.91,Excellent (极好)
16216.pdb,0.91,Excellent (极好)
14056.pdb,0.91,Excellent (极好)
28021.pdb,0.91,Excellent (极好)
1500.pdb,0.91,Excellent (极好)
2031.pdb,0.91,Excellent (极好)
15193.pdb,0.91,Excellent (极好)
14878.pdb,0.91,Excellent (极好)
30777.pdb,0.91,Excellent (极好)
20090.pdb,0.91,Excellent (极好)
28601.pdb,0.91,Excellent (极好)
2467.pdb,0.91,Excellent (极好)
14919.pdb,0.91,Excellent (极好)
26674.pdb,0.91,Excellent (极好)
21986.pdb,0.91,Excellent (极好)
24094.pdb,0.91,Excellent (极好)
20351.pdb,0.91,Excellent (极好)
282.pdb,0.91,Excellent (极好)
4942.pdb,0.91,Excellent (极好)
3096.pdb,0.91,Excellent (极好)
5326.pdb,0.91,Excellent (极好)
2747.pdb,0.91,Excellent (极好)
21667.pdb,0.91,Excellent (极好)
1366.pdb,0.91,Excellent (极好)
23879.pdb,0.91,Excellent (极好)
10177.pdb,0.91,Excellent (极好)
15396.pdb,0.91,Excellent (极好)
15609.pdb,0.91,Excellent (极好)
30143.pdb,0.91,Excellent (极好)
711.pdb,0.91,Excellent (极好)
797.pdb,0.91,Excellent (极好)
3808.pdb,0.91,Excellent (极好)
21046.pdb,0.91,Excellent (极好)
8125.pdb,0.91,Excellent (极好)
22526.pdb,0.91,Excellent (极好)
29538.pdb,0.91,Excellent (极好)
22553.pdb,0.91,Excellent (极好)
11906.pdb,0.91,Excellent (极好)
28440.pdb,0.91,Excellent (极好)
29101.pdb,0.91,Excellent (极好)
21950.pdb,0.91,Excellent (极好)
29033.pdb,0.91,Excellent (极好)
2535.pdb,0.91,Excellent (极好)
308.pdb,0.91,Excellent (极好)
24918.pdb,0.91,Excellent (极好)
12415.pdb,0.91,Excellent (极好)
27327.pdb,0.91,Excellent (极好)
30286.pdb,0.91,Excellent (极好)
6490.pdb,0.91,Excellent (极好)
28566.pdb,0.91,Excellent (极好)
10380.pdb,0.91,Excellent (极好)
15203.pdb,0.91,Excellent (极好)
21751.pdb,0.91,Excellent (极好)
20319.pdb,0.91,Excellent (极好)
20518.pdb,0.91,Excellent (极好)
1315.pdb,0.91,Excellent (极好)
18118.pdb,0.91,Excellent (极好)
31369.pdb,0.91,Excellent (极好)
411.pdb,0.91,Excellent (极好)
10263.pdb,0.91,Excellent (极好)
25287.pdb,0.91,Excellent (极好)
1457.pdb,0.91,Excellent (极好)
15500.pdb,0.91,Excellent (极好)
2635.pdb,0.91,Excellent (极好)
1217.pdb,0.91,Excellent (极好)
15463.pdb,0.91,Excellent (极好)
22522.pdb,0.91,Excellent (极好)
7200.pdb,0.91,Excellent (极好)
13218.pdb,0.91,Excellent (极好)
27413.pdb,0.91,Excellent (极好)
7099.pdb,0.91,Excellent (极好)
14209.pdb,0.91,Excellent (极好)
1634.pdb,0.91,Excellent (极好)
12390.pdb,0.91,Excellent (极好)
26584.pdb,0.91,Excellent (极好)
1269.pdb,0.91,Excellent (极好)
306.pdb,0.91,Excellent (极好)
29392.pdb,0.91,Excellent (极好)
19146.pdb,0.91,Excellent (极好)
24278.pdb,0.91,Excellent (极好)
13643.pdb,0.91,Excellent (极好)
24808.pdb,0.91,Excellent (极好)
19226.pdb,0.91,Excellent (极好)
8336.pdb,0.91,Excellent (极好)
10830.pdb,0.91,Excellent (极好)
27555.pdb,0.91,Excellent (极好)
12830.pdb,0.91,Excellent (极好)
668.pdb,0.91,Excellent (极好)
3588.pdb,0.91,Excellent (极好)
28707.pdb,0.91,Excellent (极好)
17676.pdb,0.91,Excellent (极好)
31304.pdb,0.91,Excellent (极好)
21276.pdb,0.91,Excellent (极好)
5362.pdb,0.91,Excellent (极好)
24593.pdb,0.91,Excellent (极好)
19191.pdb,0.91,Excellent (极好)
16218.pdb,0.91,Excellent (极好)
14869.pdb,0.91,Excellent (极好)
9346.pdb,0.91,Excellent (极好)
14244.pdb,0.91,Excellent (极好)
14015.pdb,0.91,Excellent (极好)
29386.pdb,0.91,Excellent (极好)
21874.pdb,0.91,Excellent (极好)
7162.pdb,0.91,Excellent (极好)
9832.pdb,0.91,Excellent (极好)
24996.pdb,0.91,Excellent (极好)
20730.pdb,0.91,Excellent (极好)
18211.pdb,0.91,Excellent (极好)
18158.pdb,0.91,Excellent (极好)
22492.pdb,0.91,Excellent (极好)
2896.pdb,0.91,Excellent (极好)
8596.pdb,0.91,Excellent (极好)
24569.pdb,0.91,Excellent (极好)
27281.pdb,0.91,Excellent (极好)
414.pdb,0.91,Excellent (极好)
29841.pdb,0.91,Excellent (极好)
3873.pdb,0.91,Excellent (极好)
10247.pdb,0.91,Excellent (极好)
21595.pdb,0.91,Excellent (极好)
15200.pdb,0.91,Excellent (极好)
30256.pdb,0.91,Excellent (极好)
7027.pdb,0.91,Excellent (极好)
7840.pdb,0.91,Excellent (极好)
17668.pdb,0.91,Excellent (极好)
23368.pdb,0.91,Excellent (极好)
1750.pdb,0.91,Excellent (极好)
15195.pdb,0.91,Excellent (极好)
22730.pdb,0.91,Excellent (极好)
11559.pdb,0.91,Excellent (极好)
9240.pdb,0.91,Excellent (极好)
8910.pdb,0.91,Excellent (极好)
2979.pdb,0.91,Excellent (极好)
27772.pdb,0.91,Excellent (极好)
14358.pdb,0.91,Excellent (极好)
19230.pdb,0.91,Excellent (极好)
2012.pdb,0.91,Excellent (极好)
2696.pdb,0.91,Excellent (极好)
19999.pdb,0.91,Excellent (极好)
5449.pdb,0.91,Excellent (极好)
26579.pdb,0.91,Excellent (极好)
539.pdb,0.91,Excellent (极好)
13171.pdb,0.91,Excellent (极好)
21844.pdb,0.91,Excellent (极好)
22297.pdb,0.91,Excellent (极好)
7076.pdb,0.91,Excellent (极好)
10275.pdb,0.91,Excellent (极好)
8883.pdb,0.91,Excellent (极好)
27589.pdb,0.91,Excellent (极好)
6521.pdb,0.91,Excellent (极好)
26898.pdb,0.91,Excellent (极好)
21955.pdb,0.91,Excellent (极好)
23650.pdb,0.91,Excellent (极好)
6326.pdb,0.91,Excellent (极好)
29907.pdb,0.91,Excellent (极好)
24871.pdb,0.91,Excellent (极好)
23374.pdb,0.91,Excellent (极好)
2061.pdb,0.91,Excellent (极好)
9527.pdb,0.91,Excellent (极好)
2435.pdb,0.91,Excellent (极好)
2999.pdb,0.91,Excellent (极好)
9003.pdb,0.91,Excellent (极好)
29360.pdb,0.91,Excellent (极好)
14961.pdb,0.91,Excellent (极好)
26410.pdb,0.91,Excellent (极好)
19977.pdb,0.91,Excellent (极好)
26233.pdb,0.91,Excellent (极好)
14310.pdb,0.91,Excellent (极好)
27150.pdb,0.91,Excellent (极好)
15366.pdb,0.91,Excellent (极好)
10378.pdb,0.91,Excellent (极好)
1981.pdb,0.91,Excellent (极好)
12486.pdb,0.91,Excellent (极好)
25680.pdb,0.91,Excellent (极好)
24646.pdb,0.91,Excellent (极好)
9350.pdb,0.91,Excellent (极好)
2475.pdb,0.91,Excellent (极好)
13191.pdb,0.91,Excellent (极好)
14288.pdb,0.91,Excellent (极好)
84.pdb,0.91,Excellent (极好)
28202.pdb,0.91,Excellent (极好)
1501.pdb,0.91,Excellent (极好)
2276.pdb,0.91,Excellent (极好)
28136.pdb,0.91,Excellent (极好)
4825.pdb,0.91,Excellent (极好)
17355.pdb,0.91,Excellent (极好)
27034.pdb,0.91,Excellent (极好)
18229.pdb,0.91,Excellent (极好)
26521.pdb,0.91,Excellent (极好)
13872.pdb,0.91,Excellent (极好)
13250.pdb,0.91,Excellent (极好)
4126.pdb,0.91,Excellent (极好)
15512.pdb,0.91,Excellent (极好)
15453.pdb,0.91,Excellent (极好)
163.pdb,0.91,Excellent (极好)
4311.pdb,0.91,Excellent (极好)
21841.pdb,0.91,Excellent (极好)
8227.pdb,0.91,Excellent (极好)
3564.pdb,0.91,Excellent (极好)
28968.pdb,0.91,Excellent (极好)
11735.pdb,0.91,Excellent (极好)
12637.pdb,0.91,Excellent (极好)
4802.pdb,0.91,Excellent (极好)
30792.pdb,0.91,Excellent (极好)
12550.pdb,0.91,Excellent (极好)
26263.pdb,0.91,Excellent (极好)
21661.pdb,0.91,Excellent (极好)
2796.pdb,0.91,Excellent (极好)
14754.pdb,0.91,Excellent (极好)
10587.pdb,0.91,Excellent (极好)
28248.pdb,0.91,Excellent (极好)
31281.pdb,0.91,Excellent (极好)
7741.pdb,0.91,Excellent (极好)
8954.pdb,0.91,Excellent (极好)
14514.pdb,0.91,Excellent (极好)
27451.pdb,0.91,Excellent (极好)
28702.pdb,0.91,Excellent (极好)
10337.pdb,0.91,Excellent (极好)
9032.pdb,0.91,Excellent (极好)
14399.pdb,0.91,Excellent (极好)
28473.pdb,0.91,Excellent (极好)
24605.pdb,0.91,Excellent (极好)
11.pdb,0.91,Excellent (极好)
2326.pdb,0.91,Excellent (极好)
5591.pdb,0.91,Excellent (极好)
15962.pdb,0.91,Excellent (极好)
15923.pdb,0.91,Excellent (极好)
31219.pdb,0.91,Excellent (极好)
20250.pdb,0.91,Excellent (极好)
11543.pdb,0.91,Excellent (极好)
8466.pdb,0.91,Excellent (极好)
21967.pdb,0.91,Excellent (极好)
14232.pdb,0.91,Excellent (极好)
18121.pdb,0.91,Excellent (极好)
8751.pdb,0.91,Excellent (极好)
19389.pdb,0.91,Excellent (极好)
20328.pdb,0.91,Excellent (极好)
29105.pdb,0.91,Excellent (极好)
10955.pdb,0.91,Excellent (极好)
13264.pdb,0.91,Excellent (极好)
6810.pdb,0.91,Excellent (极好)
19401.pdb,0.91,Excellent (极好)
28980.pdb,0.91,Excellent (极好)
21308.pdb,0.91,Excellent (极好)
17892.pdb,0.91,Excellent (极好)
7778.pdb,0.91,Excellent (极好)
28762.pdb,0.91,Excellent (极好)
30835.pdb,0.91,Excellent (极好)
13247.pdb,0.91,Excellent (极好)
21341.pdb,0.91,Excellent (极好)
20920.pdb,0.91,Excellent (极好)
1354.pdb,0.91,Excellent (极好)
21728.pdb,0.91,Excellent (极好)
15352.pdb,0.91,Excellent (极好)
16346.pdb,0.91,Excellent (极好)
9550.pdb,0.91,Excellent (极好)
26815.pdb,0.91,Excellent (极好)
9242.pdb,0.91,Excellent (极好)
20494.pdb,0.91,Excellent (极好)
5999.pdb,0.91,Excellent (极好)
26715.pdb,0.91,Excellent (极好)
31313.pdb,0.91,Excellent (极好)
30197.pdb,0.91,Excellent (极好)
7000.pdb,0.91,Excellent (极好)
5930.pdb,0.91,Excellent (极好)
12432.pdb,0.91,Excellent (极好)
28304.pdb,0.91,Excellent (极好)
27668.pdb,0.91,Excellent (极好)
29286.pdb,0.91,Excellent (极好)
27592.pdb,0.91,Excellent (极好)
30393.pdb,0.91,Excellent (极好)
21598.pdb,0.91,Excellent (极好)
23979.pdb,0.91,Excellent (极好)
22237.pdb,0.91,Excellent (极好)
17354.pdb,0.91,Excellent (极好)
15499.pdb,0.91,Excellent (极好)
22017.pdb,0.91,Excellent (极好)
10786.pdb,0.91,Excellent (极好)
3769.pdb,0.91,Excellent (极好)
23281.pdb,0.91,Excellent (极好)
23566.pdb,0.91,Excellent (极好)
20447.pdb,0.91,Excellent (极好)
19904.pdb,0.91,Excellent (极好)
28985.pdb,0.91,Excellent (极好)
23309.pdb,0.91,Excellent (极好)
5292.pdb,0.91,Excellent (极好)
1921.pdb,0.91,Excellent (极好)
23414.pdb,0.91,Excellent (极好)
4893.pdb,0.91,Excellent (极好)
29510.pdb,0.91,Excellent (极好)
10588.pdb,0.91,Excellent (极好)
10414.pdb,0.91,Excellent (极好)
31292.pdb,0.91,Excellent (极好)
16494.pdb,0.91,Excellent (极好)
22756.pdb,0.91,Excellent (极好)
9805.pdb,0.91,Excellent (极好)
7653.pdb,0.91,Excellent (极好)
28394.pdb,0.91,Excellent (极好)
14054.pdb,0.91,Excellent (极好)
21898.pdb,0.91,Excellent (极好)
3348.pdb,0.91,Excellent (极好)
22293.pdb,0.91,Excellent (极好)
3277.pdb,0.91,Excellent (极好)
31058.pdb,0.91,Excellent (极好)
28269.pdb,0.91,Excellent (极好)
5019.pdb,0.91,Excellent (极好)
6209.pdb,0.91,Excellent (极好)
11388.pdb,0.91,Excellent (极好)
27128.pdb,0.91,Excellent (极好)
14285.pdb,0.91,Excellent (极好)
7867.pdb,0.91,Excellent (极好)
29418.pdb,0.91,Excellent (极好)
8580.pdb,0.91,Excellent (极好)
5393.pdb,0.91,Excellent (极好)
26697.pdb,0.91,Excellent (极好)
20111.pdb,0.91,Excellent (极好)
10577.pdb,0.91,Excellent (极好)
17330.pdb,0.91,Excellent (极好)
27098.pdb,0.91,Excellent (极好)
8606.pdb,0.91,Excellent (极好)
1237.pdb,0.91,Excellent (极好)
29063.pdb,0.91,Excellent (极好)
12039.pdb,0.91,Excellent (极好)
15389.pdb,0.91,Excellent (极好)
12641.pdb,0.91,Excellent (极好)
30192.pdb,0.91,Excellent (极好)
28504.pdb,0.91,Excellent (极好)
7287.pdb,0.91,Excellent (极好)
11326.pdb,0.91,Excellent (极好)
30554.pdb,0.91,Excellent (极好)
16451.pdb,0.91,Excellent (极好)
21602.pdb,0.91,Excellent (极好)
22274.pdb,0.91,Excellent (极好)
22775.pdb,0.91,Excellent (极好)
12183.pdb,0.91,Excellent (极好)
4270.pdb,0.91,Excellent (极好)
22045.pdb,0.91,Excellent (极好)
26799.pdb,0.91,Excellent (极好)
20836.pdb,0.91,Excellent (极好)
24072.pdb,0.91,Excellent (极好)
625.pdb,0.91,Excellent (极好)
4037.pdb,0.91,Excellent (极好)
18122.pdb,0.91,Excellent (极好)
14543.pdb,0.91,Excellent (极好)
1215.pdb,0.91,Excellent (极好)
21455.pdb,0.91,Excellent (极好)
29957.pdb,0.91,Excellent (极好)
20947.pdb,0.91,Excellent (极好)
5855.pdb,0.91,Excellent (极好)
17415.pdb,0.91,Excellent (极好)
7322.pdb,0.91,Excellent (极好)
24725.pdb,0.91,Excellent (极好)
7599.pdb,0.91,Excellent (极好)
19724.pdb,0.91,Excellent (极好)
29736.pdb,0.91,Excellent (极好)
6048.pdb,0.91,Excellent (极好)
6691.pdb,0.91,Excellent (极好)
2048.pdb,0.9,Excellent (极好)
24556.pdb,0.9,Excellent (极好)
28042.pdb,0.9,Excellent (极好)
30134.pdb,0.9,Good (良好)
22544.pdb,0.9,Excellent (极好)
30647.pdb,0.9,Excellent (极好)
2711.pdb,0.9,Good (良好)
814.pdb,0.9,Good (良好)
27603.pdb,0.9,Good (良好)
923.pdb,0.9,Excellent (极好)
30628.pdb,0.9,Excellent (极好)
15905.pdb,0.9,Good (良好)
10657.pdb,0.9,Excellent (极好)
27442.pdb,0.9,Excellent (极好)
4327.pdb,0.9,Good (良好)
19341.pdb,0.9,Good (良好)
21921.pdb,0.9,Excellent (极好)
12798.pdb,0.9,Good (良好)
600.pdb,0.9,Excellent (极好)
20012.pdb,0.9,Excellent (极好)
22275.pdb,0.9,Good (良好)
4131.pdb,0.9,Excellent (极好)
29326.pdb,0.9,Excellent (极好)
9431.pdb,0.9,Excellent (极好)
10187.pdb,0.9,Excellent (极好)
28500.pdb,0.9,Excellent (极好)
30866.pdb,0.9,Good (良好)
20185.pdb,0.9,Excellent (极好)
12520.pdb,0.9,Good (良好)
22741.pdb,0.9,Good (良好)
14898.pdb,0.9,Excellent (极好)
26612.pdb,0.9,Excellent (极好)
2764.pdb,0.9,Excellent (极好)
820.pdb,0.9,Good (良好)
2816.pdb,0.9,Good (良好)
21648.pdb,0.9,Good (良好)
10094.pdb,0.9,Excellent (极好)
7757.pdb,0.9,Good (良好)
28232.pdb,0.9,Good (良好)
29096.pdb,0.9,Good (良好)
583.pdb,0.9,Excellent (极好)
1790.pdb,0.9,Excellent (极好)
17325.pdb,0.9,Excellent (极好)
21.pdb,0.9,Excellent (极好)
10390.pdb,0.9,Good (良好)
1946.pdb,0.9,Excellent (极好)
3902.pdb,0.9,Good (良好)
4875.pdb,0.9,Good (良好)
299.pdb,0.9,Good (良好)
5436.pdb,0.9,Excellent (极好)
28271.pdb,0.9,Excellent (极好)
20603.pdb,0.9,Excellent (极好)
16296.pdb,0.9,Good (良好)
14130.pdb,0.9,Good (良好)
9723.pdb,0.9,Excellent (极好)
28961.pdb,0.9,Excellent (极好)
4798.pdb,0.9,Good (良好)
2690.pdb,0.9,Good (良好)
25186.pdb,0.9,Good (良好)
7294.pdb,0.9,Good (良好)
2348.pdb,0.9,Excellent (极好)
9316.pdb,0.9,Excellent (极好)
7948.pdb,0.9,Excellent (极好)
14369.pdb,0.9,Good (良好)
28715.pdb,0.9,Excellent (极好)
15921.pdb,0.9,Excellent (极好)
9101.pdb,0.9,Good (良好)
24626.pdb,0.9,Excellent (极好)
4370.pdb,0.9,Excellent (极好)
25318.pdb,0.9,Excellent (极好)
25208.pdb,0.9,Excellent (极好)
22273.pdb,0.9,Good (良好)
15304.pdb,0.9,Good (良好)
4793.pdb,0.9,Good (良好)
11771.pdb,0.9,Excellent (极好)
5048.pdb,0.9,Excellent (极好)
3579.pdb,0.9,Excellent (极好)
29221.pdb,0.9,Good (良好)
25385.pdb,0.9,Excellent (极好)
1570.pdb,0.9,Excellent (极好)
14385.pdb,0.9,Excellent (极好)
939.pdb,0.9,Good (良好)
1620.pdb,0.9,Good (良好)
3188.pdb,0.9,Excellent (极好)
3233.pdb,0.9,Excellent (极好)
29769.pdb,0.9,Excellent (极好)
19287.pdb,0.9,Excellent (极好)
23556.pdb,0.9,Excellent (极好)
8387.pdb,0.9,Good (良好)
13937.pdb,0.9,Excellent (极好)
19377.pdb,0.9,Good (良好)
5549.pdb,0.9,Good (良好)
3185.pdb,0.9,Excellent (极好)
26693.pdb,0.9,Excellent (极好)
16378.pdb,0.9,Good (良好)
4792.pdb,0.9,Good (良好)
16468.pdb,0.9,Excellent (极好)
11620.pdb,0.9,Excellent (极好)
18107.pdb,0.9,Excellent (极好)
7186.pdb,0.9,Excellent (极好)
3350.pdb,0.9,Excellent (极好)
11608.pdb,0.9,Excellent (极好)
25099.pdb,0.9,Excellent (极好)
25105.pdb,0.9,Good (良好)
31245.pdb,0.9,Excellent (极好)
14368.pdb,0.9,Good (良好)
27397.pdb,0.9,Good (良好)
542.pdb,0.9,Good (良好)
20475.pdb,0.9,Excellent (极好)
4810.pdb,0.9,Good (良好)
21861.pdb,0.9,Excellent (极好)
7853.pdb,0.9,Excellent (极好)
28000.pdb,0.9,Excellent (极好)
313.pdb,0.9,Excellent (极好)
28630.pdb,0.9,Excellent (极好)
19108.pdb,0.9,Excellent (极好)
7647.pdb,0.9,Excellent (极好)
11228.pdb,0.9,Good (良好)
11607.pdb,0.9,Good (良好)
12072.pdb,0.9,Good (良好)
31116.pdb,0.9,Excellent (极好)
21286.pdb,0.9,Excellent (极好)
5470.pdb,0.9,Good (良好)
20355.pdb,0.9,Excellent (极好)
3513.pdb,0.9,Excellent (极好)
12194.pdb,0.9,Good (良好)
28969.pdb,0.9,Good (良好)
3178.pdb,0.9,Excellent (极好)
22206.pdb,0.9,Excellent (极好)
29886.pdb,0.9,Good (良好)
22061.pdb,0.9,Excellent (极好)
20599.pdb,0.9,Good (良好)
25197.pdb,0.9,Excellent (极好)
8993.pdb,0.9,Good (良好)
5945.pdb,0.9,Excellent (极好)
19476.pdb,0.9,Good (良好)
29820.pdb,0.9,Good (良好)
24070.pdb,0.9,Excellent (极好)
23777.pdb,0.9,Good (良好)
22893.pdb,0.9,Good (良好)
12551.pdb,0.9,Good (良好)
30862.pdb,0.9,Good (良好)
4585.pdb,0.9,Good (良好)
22272.pdb,0.9,Excellent (极好)
26522.pdb,0.9,Good (良好)
30957.pdb,0.9,Good (良好)
3498.pdb,0.9,Good (良好)
4519.pdb,0.9,Excellent (极好)
22052.pdb,0.9,Excellent (极好)
12425.pdb,0.9,Excellent (极好)
6701.pdb,0.9,Excellent (极好)
25422.pdb,0.9,Excellent (极好)
133.pdb,0.9,Excellent (极好)
12793.pdb,0.9,Excellent (极好)
15294.pdb,0.9,Excellent (极好)
1447.pdb,0.9,Good (良好)
5456.pdb,0.9,Excellent (极好)
8571.pdb,0.9,Good (良好)
8451.pdb,0.9,Excellent (极好)
2739.pdb,0.9,Excellent (极好)
7344.pdb,0.9,Good (良好)
917.pdb,0.9,Good (良好)
9268.pdb,0.9,Good (良好)
21655.pdb,0.9,Excellent (极好)
15354.pdb,0.9,Good (良好)
29626.pdb,0.9,Excellent (极好)
21004.pdb,0.9,Excellent (极好)
17905.pdb,0.9,Good (良好)
10120.pdb,0.9,Good (良好)
976.pdb,0.9,Good (良好)
29696.pdb,0.9,Good (良好)
28396.pdb,0.9,Good (良好)
86.pdb,0.9,Good (良好)
16465.pdb,0.9,Excellent (极好)
4438.pdb,0.9,Excellent (极好)
21566.pdb,0.9,Excellent (极好)
12776.pdb,0.9,Good (良好)
31237.pdb,0.9,Good (良好)
18232.pdb,0.9,Good (良好)
2687.pdb,0.9,Good (良好)
25221.pdb,0.9,Good (良好)
10753.pdb,0.9,Good (良好)
2597.pdb,0.9,Good (良好)
23250.pdb,0.9,Good (良好)
25547.pdb,0.9,Excellent (极好)
2911.pdb,0.9,Excellent (极好)
16258.pdb,0.9,Good (良好)
26230.pdb,0.9,Good (良好)
2148.pdb,0.9,Good (良好)
7576.pdb,0.9,Good (良好)
11252.pdb,0.9,Excellent (极好)
28565.pdb,0.9,Excellent (极好)
4731.pdb,0.9,Good (良好)
19294.pdb,0.9,Excellent (极好)
24608.pdb,0.9,Good (良好)
14577.pdb,0.9,Good (良好)
9388.pdb,0.9,Good (良好)
8139.pdb,0.9,Good (良好)
12256.pdb,0.9,Excellent (极好)
30467.pdb,0.9,Good (良好)
30960.pdb,0.9,Good (良好)
22374.pdb,0.9,Excellent (极好)
27152.pdb,0.9,Good (良好)
3413.pdb,0.9,Good (良好)
14233.pdb,0.9,Good (良好)
20266.pdb,0.9,Good (良好)
16159.pdb,0.9,Excellent (极好)
15350.pdb,0.9,Good (良好)
1917.pdb,0.9,Excellent (极好)
22383.pdb,0.9,Good (良好)
24081.pdb,0.9,Good (良好)
20194.pdb,0.9,Excellent (极好)
11303.pdb,0.9,Excellent (极好)
8970.pdb,0.9,Good (良好)
5979.pdb,0.9,Excellent (极好)
14124.pdb,0.9,Excellent (极好)
29321.pdb,0.9,Good (良好)
105.pdb,0.9,Good (良好)
10200.pdb,0.9,Excellent (极好)
19989.pdb,0.9,Good (良好)
2491.pdb,0.9,Good (良好)
14516.pdb,0.9,Excellent (极好)
30469.pdb,0.9,Good (良好)
9068.pdb,0.9,Good (良好)
2559.pdb,0.9,Good (良好)
13104.pdb,0.9,Excellent (极好)
8898.pdb,0.9,Good (良好)
4254.pdb,0.9,Excellent (极好)
9496.pdb,0.9,Good (良好)
8660.pdb,0.9,Excellent (极好)
26242.pdb,0.9,Good (良好)
9450.pdb,0.9,Excellent (极好)
15383.pdb,0.9,Good (良好)
10412.pdb,0.9,Excellent (极好)
14927.pdb,0.9,Good (良好)
15345.pdb,0.9,Excellent (极好)
9792.pdb,0.9,Good (良好)
2284.pdb,0.9,Good (良好)
30483.pdb,0.9,Good (良好)
8578.pdb,0.9,Good (良好)
246.pdb,0.9,Excellent (极好)
1600.pdb,0.9,Excellent (极好)
28223.pdb,0.9,Good (良好)
10266.pdb,0.9,Excellent (极好)
13164.pdb,0.9,Excellent (极好)
10848.pdb,0.9,Excellent (极好)
2726.pdb,0.9,Good (良好)
16323.pdb,0.9,Good (良好)
29674.pdb,0.9,Excellent (极好)
10474.pdb,0.9,Good (良好)
15114.pdb,0.9,Excellent (极好)
21660.pdb,0.9,Good (良好)
614.pdb,0.9,Excellent (极好)
12626.pdb,0.9,Excellent (极好)
8173.pdb,0.9,Excellent (极好)
6316.pdb,0.9,Good (良好)
28650.pdb,0.9,Good (良好)
4752.pdb,0.9,Excellent (极好)
25703.pdb,0.9,Good (良好)
11642.pdb,0.9,Excellent (极好)
21732.pdb,0.9,Excellent (极好)
14031.pdb,0.9,Excellent (极好)
8905.pdb,0.9,Excellent (极好)
29670.pdb,0.9,Excellent (极好)
27272.pdb,0.9,Good (良好)
5745.pdb,0.9,Good (良好)
3836.pdb,0.9,Good (良好)
13855.pdb,0.9,Excellent (极好)
29404.pdb,0.9,Excellent (极好)
16469.pdb,0.9,Good (良好)
6542.pdb,0.9,Excellent (极好)
10580.pdb,0.9,Good (良好)
1390.pdb,0.9,Excellent (极好)
12349.pdb,0.9,Good (良好)
17359.pdb,0.9,Excellent (极好)
2826.pdb,0.9,Excellent (极好)
200.pdb,0.9,Excellent (极好)
19091.pdb,0.9,Excellent (极好)
1334.pdb,0.9,Excellent (极好)
31087.pdb,0.9,Excellent (极好)
21458.pdb,0.9,Good (良好)
10321.pdb,0.9,Excellent (极好)
22782.pdb,0.9,Excellent (极好)
2110.pdb,0.9,Good (良好)
3517.pdb,0.9,Excellent (极好)
4873.pdb,0.9,Good (良好)
6436.pdb,0.9,Good (良好)
1508.pdb,0.9,Good (良好)
15620.pdb,0.9,Excellent (极好)
23915.pdb,0.9,Good (良好)
15569.pdb,0.9,Excellent (极好)
116.pdb,0.9,Good (良好)
31318.pdb,0.9,Good (良好)
12756.pdb,0.9,Good (良好)
2723.pdb,0.9,Excellent (极好)
18152.pdb,0.9,Good (良好)
29199.pdb,0.9,Excellent (极好)
19452.pdb,0.9,Good (良好)
28987.pdb,0.9,Excellent (极好)
26365.pdb,0.9,Good (良好)
22695.pdb,0.9,Excellent (极好)
26077.pdb,0.9,Excellent (极好)
8113.pdb,0.9,Excellent (极好)
9234.pdb,0.9,Excellent (极好)
8402.pdb,0.9,Excellent (极好)
12547.pdb,0.9,Good (良好)
24755.pdb,0.9,Excellent (极好)
21786.pdb,0.9,Excellent (极好)
4153.pdb,0.9,Good (良好)
29427.pdb,0.9,Good (良好)
26451.pdb,0.9,Good (良好)
16081.pdb,0.9,Good (良好)
782.pdb,0.9,Good (良好)
10782.pdb,0.9,Excellent (极好)
10106.pdb,0.9,Excellent (极好)
22560.pdb,0.9,Good (良好)
11555.pdb,0.9,Excellent (极好)
22585.pdb,0.9,Excellent (极好)
10509.pdb,0.9,Good (良好)
21153.pdb,0.9,Excellent (极好)
793.pdb,0.9,Good (良好)
3022.pdb,0.9,Excellent (极好)
1827.pdb,0.9,Good (良好)
11242.pdb,0.9,Good (良好)
9829.pdb,0.9,Excellent (极好)
22539.pdb,0.9,Excellent (极好)
30253.pdb,0.9,Excellent (极好)
13583.pdb,0.9,Good (良好)
20151.pdb,0.9,Excellent (极好)
24719.pdb,0.9,Excellent (极好)
22966.pdb,0.9,Excellent (极好)
14053.pdb,0.9,Good (良好)
28698.pdb,0.9,Excellent (极好)
7424.pdb,0.9,Good (良好)
19366.pdb,0.9,Excellent (极好)
28397.pdb,0.9,Excellent (极好)
21981.pdb,0.9,Excellent (极好)
14717.pdb,0.9,Good (良好)
5328.pdb,0.9,Good (良好)
1499.pdb,0.9,Excellent (极好)
22023.pdb,0.9,Good (良好)
15883.pdb,0.9,Good (良好)
22656.pdb,0.9,Excellent (极好)
29067.pdb,0.9,Excellent (极好)
3268.pdb,0.9,Excellent (极好)
20205.pdb,0.9,Good (良好)
93.pdb,0.9,Excellent (极好)
2374.pdb,0.9,Excellent (极好)
31271.pdb,0.9,Good (良好)
14391.pdb,0.9,Excellent (极好)
23333.pdb,0.9,Good (良好)
29376.pdb,0.9,Excellent (极好)
30967.pdb,0.9,Excellent (极好)
29661.pdb,0.9,Excellent (极好)
13160.pdb,0.9,Excellent (极好)
10262.pdb,0.9,Excellent (极好)
19896.pdb,0.9,Good (良好)
14877.pdb,0.9,Excellent (极好)
10334.pdb,0.9,Good (良好)
26530.pdb,0.9,Excellent (极好)
17725.pdb,0.9,Good (良好)
155.pdb,0.9,Excellent (极好)
18138.pdb,0.9,Good (良好)
21605.pdb,0.9,Good (良好)
12600.pdb,0.9,Excellent (极好)
817.pdb,0.9,Good (良好)
12223.pdb,0.9,Excellent (极好)
12329.pdb,0.9,Excellent (极好)
9059.pdb,0.9,Good (良好)
11716.pdb,0.9,Good (良好)
7376.pdb,0.9,Excellent (极好)
12008.pdb,0.9,Excellent (极好)
27149.pdb,0.9,Excellent (极好)
19799.pdb,0.9,Excellent (极好)
521.pdb,0.9,Good (良好)
24662.pdb,0.9,Good (良好)
17903.pdb,0.9,Good (良好)
18139.pdb,0.9,Excellent (极好)
10721.pdb,0.9,Excellent (极好)
11787.pdb,0.9,Good (良好)
2587.pdb,0.9,Good (良好)
26739.pdb,0.9,Excellent (极好)
14904.pdb,0.9,Excellent (极好)
20453.pdb,0.9,Good (良好)
14963.pdb,0.9,Excellent (极好)
11788.pdb,0.9,Excellent (极好)
19831.pdb,0.9,Good (良好)
15356.pdb,0.9,Excellent (极好)
23042.pdb,0.9,Good (良好)
13704.pdb,0.9,Good (良好)
9819.pdb,0.9,Excellent (极好)
20091.pdb,0.9,Excellent (极好)
24535.pdb,0.9,Good (良好)
708.pdb,0.89,Good (良好)
15100.pdb,0.89,Good (良好)
14490.pdb,0.89,Good (良好)
19438.pdb,0.89,Good (良好)
27153.pdb,0.89,Good (良好)
2449.pdb,0.89,Good (良好)
28548.pdb,0.89,Good (良好)
30115.pdb,0.89,Good (良好)
10874.pdb,0.89,Good (良好)
11587.pdb,0.89,Good (良好)
19761.pdb,0.89,Good (良好)
23104.pdb,0.89,Good (良好)
18123.pdb,0.89,Good (良好)
5944.pdb,0.89,Good (良好)
9735.pdb,0.89,Good (良好)
31388.pdb,0.89,Good (良好)
162.pdb,0.89,Good (良好)
7028.pdb,0.89,Good (良好)
23254.pdb,0.89,Good (良好)
3623.pdb,0.89,Good (良好)
7238.pdb,0.89,Good (良好)
24082.pdb,0.89,Good (良好)
26321.pdb,0.89,Good (良好)
1757.pdb,0.89,Good (良好)
28585.pdb,0.89,Good (良好)
886.pdb,0.89,Good (良好)
11733.pdb,0.89,Good (良好)
12876.pdb,0.89,Good (良好)
11236.pdb,0.89,Good (良好)
1747.pdb,0.89,Good (良好)
18056.pdb,0.89,Good (良好)
20882.pdb,0.89,Good (良好)
29433.pdb,0.89,Good (良好)
14810.pdb,0.89,Good (良好)
30789.pdb,0.89,Good (良好)
29362.pdb,0.89,Good (良好)
8380.pdb,0.89,Good (良好)
6084.pdb,0.89,Good (良好)
6127.pdb,0.89,Good (良好)
9249.pdb,0.89,Good (良好)
1513.pdb,0.89,Good (良好)
11955.pdb,0.89,Good (良好)
12189.pdb,0.89,Good (良好)
9540.pdb,0.89,Good (良好)
13200.pdb,0.89,Good (良好)
14751.pdb,0.89,Good (良好)
14332.pdb,0.89,Good (良好)
14531.pdb,0.89,Good (良好)
15635.pdb,0.89,Good (良好)
30087.pdb,0.89,Good (良好)
2724.pdb,0.89,Good (良好)
18039.pdb,0.89,Good (良好)
21618.pdb,0.89,Good (良好)
15485.pdb,0.89,Good (良好)
29565.pdb,0.89,Good (良好)
10036.pdb,0.89,Good (良好)
8958.pdb,0.89,Good (良好)
25001.pdb,0.89,Good (良好)
19739.pdb,0.89,Good (良好)
7818.pdb,0.89,Good (良好)
27596.pdb,0.89,Good (良好)
28052.pdb,0.89,Good (良好)
9018.pdb,0.89,Good (良好)
11879.pdb,0.89,Good (良好)
30007.pdb,0.89,Good (良好)
14987.pdb,0.89,Good (良好)
22827.pdb,0.89,Good (良好)
27139.pdb,0.89,Good (良好)
8519.pdb,0.89,Good (良好)
10436.pdb,0.89,Good (良好)
30150.pdb,0.89,Good (良好)
13578.pdb,0.89,Good (良好)
5986.pdb,0.89,Good (良好)
13126.pdb,0.89,Good (良好)
29837.pdb,0.89,Good (良好)
1459.pdb,0.89,Good (良好)
28413.pdb,0.89,Good (良好)
11239.pdb,0.89,Good (良好)
18014.pdb,0.89,Good (良好)
22455.pdb,0.89,Good (良好)
9352.pdb,0.89,Good (良好)
3367.pdb,0.89,Good (良好)
5101.pdb,0.89,Good (良好)
7711.pdb,0.89,Good (良好)
1265.pdb,0.89,Good (良好)
9036.pdb,0.89,Good (良好)
584.pdb,0.89,Good (良好)
7234.pdb,0.89,Good (良好)
12460.pdb,0.89,Good (良好)
8069.pdb,0.89,Good (良好)
25356.pdb,0.89,Good (良好)
9788.pdb,0.89,Good (良好)
31136.pdb,0.89,Good (良好)
21977.pdb,0.89,Good (良好)
7597.pdb,0.89,Good (良好)
8848.pdb,0.89,Good (良好)
21623.pdb,0.89,Good (良好)
9375.pdb,0.89,Good (良好)
15992.pdb,0.89,Good (良好)
3471.pdb,0.89,Good (良好)
2191.pdb,0.89,Good (良好)
2318.pdb,0.89,Good (良好)
2775.pdb,0.89,Good (良好)
25683.pdb,0.89,Good (良好)
7669.pdb,0.89,Good (良好)
17350.pdb,0.89,Good (良好)
21547.pdb,0.89,Good (良好)
30648.pdb,0.89,Good (良好)
16271.pdb,0.89,Good (良好)
20511.pdb,0.89,Good (良好)
8345.pdb,0.89,Good (良好)
5486.pdb,0.89,Good (良好)
31140.pdb,0.89,Good (良好)
23621.pdb,0.89,Good (良好)
31185.pdb,0.89,Good (良好)
12914.pdb,0.89,Good (良好)
6441.pdb,0.89,Good (良好)
9673.pdb,0.89,Good (良好)
29109.pdb,0.89,Good (良好)
9468.pdb,0.89,Good (良好)
573.pdb,0.89,Good (良好)
9824.pdb,0.89,Good (良好)
808.pdb,0.89,Good (良好)
16002.pdb,0.89,Good (良好)
29121.pdb,0.89,Good (良好)
19403.pdb,0.89,Good (良好)
21742.pdb,0.89,Good (良好)
2274.pdb,0.89,Good (良好)
25888.pdb,0.89,Good (良好)
15582.pdb,0.89,Good (良好)
19283.pdb,0.89,Good (良好)
17727.pdb,0.89,Good (良好)
31133.pdb,0.89,Good (良好)
7792.pdb,0.89,Good (良好)
9271.pdb,0.89,Good (良好)
4772.pdb,0.89,Good (良好)
28309.pdb,0.89,Good (良好)
9816.pdb,0.89,Good (良好)
30236.pdb,0.89,Good (良好)
8877.pdb,0.89,Good (良好)
22973.pdb,0.89,Good (良好)
30323.pdb,0.89,Good (良好)
28879.pdb,0.89,Good (良好)
5112.pdb,0.89,Good (良好)
823.pdb,0.89,Good (良好)
22757.pdb,0.89,Good (良好)
10936.pdb,0.89,Good (良好)
27111.pdb,0.89,Good (良好)
21022.pdb,0.89,Good (良好)
12242.pdb,0.89,Good (良好)
8782.pdb,0.89,Good (良好)
10299.pdb,0.89,Good (良好)
2738.pdb,0.89,Good (良好)
8889.pdb,0.89,Good (良好)
13206.pdb,0.89,Good (良好)
1382.pdb,0.89,Good (良好)
27206.pdb,0.89,Good (良好)
25854.pdb,0.89,Good (良好)
25575.pdb,0.89,Good (良好)
14953.pdb,0.89,Good (良好)
26685.pdb,0.89,Good (良好)
29802.pdb,0.89,Good (良好)
8946.pdb,0.89,Good (良好)
21768.pdb,0.89,Good (良好)
7123.pdb,0.89,Good (良好)
29466.pdb,0.89,Good (良好)
8903.pdb,0.89,Good (良好)
29552.pdb,0.89,Good (良好)
30265.pdb,0.89,Good (良好)
21397.pdb,0.89,Good (良好)
14050.pdb,0.89,Good (良好)
14128.pdb,0.89,Good (良好)
27359.pdb,0.89,Good (良好)
12209.pdb,0.89,Good (良好)
21863.pdb,0.89,Good (良好)
31107.pdb,0.89,Good (良好)
8477.pdb,0.89,Good (良好)
656.pdb,0.89,Good (良好)
30720.pdb,0.89,Good (良好)
15364.pdb,0.89,Good (良好)
772.pdb,0.89,Good (良好)
29831.pdb,0.89,Good (良好)
9382.pdb,0.89,Good (良好)
11800.pdb,0.89,Good (良好)
150.pdb,0.89,Good (良好)
12221.pdb,0.89,Good (良好)
17764.pdb,0.89,Good (良好)
21148.pdb,0.89,Good (良好)
1882.pdb,0.89,Good (良好)
18103.pdb,0.89,Good (良好)
5106.pdb,0.89,Good (良好)
12875.pdb,0.89,Good (良好)
12775.pdb,0.89,Good (良好)
7579.pdb,0.89,Good (良好)
5633.pdb,0.89,Good (良好)
219.pdb,0.89,Good (良好)
125.pdb,0.89,Good (良好)
25636.pdb,0.89,Good (良好)
11259.pdb,0.89,Good (良好)
10560.pdb,0.89,Good (良好)
9054.pdb,0.89,Good (良好)
19124.pdb,0.89,Good (良好)
2607.pdb,0.89,Good (良好)
21615.pdb,0.89,Good (良好)
11577.pdb,0.89,Good (良好)
1865.pdb,0.89,Good (良好)
1942.pdb,0.89,Good (良好)
14993.pdb,0.89,Good (良好)
24942.pdb,0.89,Good (良好)
11502.pdb,0.89,Good (良好)
20949.pdb,0.89,Good (良好)
4611.pdb,0.89,Good (良好)
25236.pdb,0.89,Good (良好)
13214.pdb,0.89,Good (良好)
3541.pdb,0.89,Good (良好)
366.pdb,0.89,Good (良好)
1455.pdb,0.89,Good (良好)
1490.pdb,0.89,Good (良好)
9069.pdb,0.89,Good (良好)
21063.pdb,0.89,Good (良好)
22645.pdb,0.89,Good (良好)
3574.pdb,0.89,Good (良好)
17410.pdb,0.89,Good (良好)
15298.pdb,0.89,Good (良好)
26360.pdb,0.89,Good (良好)
4304.pdb,0.89,Good (良好)
15170.pdb,0.89,Good (良好)
21891.pdb,0.89,Good (良好)
29337.pdb,0.89,Good (良好)
2556.pdb,0.89,Good (良好)
9341.pdb,0.89,Good (良好)
1696.pdb,0.89,Good (良好)
29149.pdb,0.89,Good (良好)
12154.pdb,0.89,Good (良好)
5885.pdb,0.89,Good (良好)
19382.pdb,0.89,Good (良好)
8625.pdb,0.89,Good (良好)
675.pdb,0.89,Good (良好)
20011.pdb,0.89,Good (良好)
31121.pdb,0.89,Good (良好)
29260.pdb,0.89,Good (良好)
1246.pdb,0.89,Good (良好)
28874.pdb,0.89,Good (良好)
11650.pdb,0.89,Good (良好)
12164.pdb,0.89,Good (良好)
2830.pdb,0.89,Good (良好)
24223.pdb,0.89,Good (良好)
30790.pdb,0.89,Good (良好)
22580.pdb,0.89,Good (良好)
28053.pdb,0.89,Good (良好)
264.pdb,0.89,Good (良好)
14936.pdb,0.89,Good (良好)
23012.pdb,0.89,Good (良好)
7920.pdb,0.89,Good (良好)
8431.pdb,0.89,Good (良好)
21012.pdb,0.89,Good (良好)
11495.pdb,0.89,Good (良好)
12618.pdb,0.89,Good (良好)
1789.pdb,0.89,Good (良好)
15375.pdb,0.89,Good (良好)
11592.pdb,0.89,Good (良好)
7136.pdb,0.89,Good (良好)
2503.pdb,0.89,Good (良好)
29383.pdb,0.89,Good (良好)
12931.pdb,0.89,Good (良好)
21669.pdb,0.89,Good (良好)
979.pdb,0.89,Good (良好)
185.pdb,0.89,Good (良好)
977.pdb,0.89,Good (良好)
6019.pdb,0.89,Good (良好)
20220.pdb,0.89,Good (良好)
8973.pdb,0.89,Good (良好)
25808.pdb,0.89,Good (良好)
23094.pdb,0.89,Good (良好)
19917.pdb,0.89,Good (良好)
30324.pdb,0.89,Good (良好)
27215.pdb,0.89,Good (良好)
31183.pdb,0.89,Good (良好)
9469.pdb,0.89,Good (良好)
16331.pdb,0.89,Good (良好)
21757.pdb,0.89,Good (良好)
3946.pdb,0.89,Good (良好)
13725.pdb,0.89,Good (良好)
5807.pdb,0.89,Good (良好)
3958.pdb,0.89,Good (良好)
22089.pdb,0.89,Good (良好)
14249.pdb,0.89,Good (良好)
22968.pdb,0.89,Good (良好)
8857.pdb,0.89,Good (良好)
3054.pdb,0.89,Good (良好)
27365.pdb,0.89,Good (良好)
3536.pdb,0.89,Good (良好)
22929.pdb,0.89,Good (良好)
10497.pdb,0.89,Good (良好)
1604.pdb,0.89,Good (良好)
3292.pdb,0.89,Good (良好)
24760.pdb,0.89,Good (良好)
5000.pdb,0.89,Good (良好)
26725.pdb,0.89,Good (良好)
22848.pdb,0.89,Good (良好)
16488.pdb,0.89,Good (良好)
21974.pdb,0.89,Good (良好)
19765.pdb,0.89,Good (良好)
1915.pdb,0.89,Good (良好)
6232.pdb,0.89,Good (良好)
2411.pdb,0.89,Good (良好)
28893.pdb,0.89,Good (良好)
10097.pdb,0.89,Good (良好)
12947.pdb,0.89,Good (良好)
31010.pdb,0.89,Good (良好)
1597.pdb,0.89,Good (良好)
799.pdb,0.89,Good (良好)
1367.pdb,0.89,Good (良好)
28706.pdb,0.89,Good (良好)
30530.pdb,0.89,Good (良好)
11313.pdb,0.89,Good (良好)
3241.pdb,0.89,Good (良好)
19468.pdb,0.89,Good (良好)
21505.pdb,0.89,Good (良好)
29242.pdb,0.89,Good (良好)
25431.pdb,0.89,Good (良好)
9765.pdb,0.89,Good (良好)
14922.pdb,0.89,Good (良好)
26700.pdb,0.89,Good (良好)
21727.pdb,0.89,Good (良好)
7785.pdb,0.89,Good (良好)
14867.pdb,0.89,Good (良好)
1904.pdb,0.89,Good (良好)
20193.pdb,0.89,Good (良好)
21612.pdb,0.89,Good (良好)
16460.pdb,0.89,Good (良好)
21899.pdb,0.89,Good (良好)
31093.pdb,0.89,Good (良好)
24191.pdb,0.89,Good (良好)
5579.pdb,0.89,Good (良好)
14272.pdb,0.89,Good (良好)
3773.pdb,0.89,Good (良好)
26542.pdb,0.89,Good (良好)
876.pdb,0.89,Good (良好)
15305.pdb,0.89,Good (良好)
14986.pdb,0.89,Good (良好)
26406.pdb,0.89,Good (良好)
8995.pdb,0.89,Good (良好)
31222.pdb,0.89,Good (良好)
17709.pdb,0.89,Good (良好)
4125.pdb,0.89,Good (良好)
1154.pdb,0.89,Good (良好)
27556.pdb,0.89,Good (良好)
8427.pdb,0.89,Good (良好)
7755.pdb,0.89,Good (良好)
18058.pdb,0.89,Good (良好)
28439.pdb,0.89,Good (良好)
5500.pdb,0.89,Good (良好)
15283.pdb,0.89,Good (良好)
5697.pdb,0.89,Good (良好)
23586.pdb,0.89,Good (良好)
15584.pdb,0.89,Good (良好)
27043.pdb,0.89,Good (良好)
4223.pdb,0.89,Good (良好)
18247.pdb,0.89,Good (良好)
21387.pdb,0.89,Good (良好)
21937.pdb,0.89,Good (良好)
1371.pdb,0.89,Good (良好)
17351.pdb,0.89,Good (良好)
16273.pdb,0.89,Good (良好)
4368.pdb,0.89,Good (良好)
24664.pdb,0.89,Good (良好)
4872.pdb,0.89,Good (良好)
10679.pdb,0.89,Good (良好)
5359.pdb,0.89,Good (良好)
3974.pdb,0.89,Good (良好)
12347.pdb,0.89,Good (良好)
2477.pdb,0.89,Good (良好)
24195.pdb,0.89,Good (良好)
30520.pdb,0.89,Good (良好)
2383.pdb,0.89,Good (良好)
13737.pdb,0.89,Good (良好)
20491.pdb,0.89,Good (良好)
2671.pdb,0.88,Good (良好)
14930.pdb,0.88,Good (良好)
12834.pdb,0.88,Good (良好)
6342.pdb,0.88,Good (良好)
171.pdb,0.88,Good (良好)
19980.pdb,0.88,Good (良好)
5954.pdb,0.88,Good (良好)
2200.pdb,0.88,Good (良好)
5081.pdb,0.88,Good (良好)
5091.pdb,0.88,Good (良好)
20968.pdb,0.88,Good (良好)
28039.pdb,0.88,Good (良好)
29284.pdb,0.88,Good (良好)
11601.pdb,0.88,Good (良好)
12800.pdb,0.88,Good (良好)
30986.pdb,0.88,Good (良好)
29021.pdb,0.88,Good (良好)
6646.pdb,0.88,Good (良好)
2827.pdb,0.88,Good (良好)
19085.pdb,0.88,Good (良好)
21393.pdb,0.88,Good (良好)
7657.pdb,0.88,Good (良好)
21964.pdb,0.88,Good (良好)
8155.pdb,0.88,Good (良好)
29945.pdb,0.88,Good (良好)
30075.pdb,0.88,Good (良好)
17703.pdb,0.88,Good (良好)
1944.pdb,0.88,Good (良好)
30875.pdb,0.88,Good (良好)
30778.pdb,0.88,Good (良好)
3013.pdb,0.88,Good (良好)
31231.pdb,0.88,Good (良好)
2662.pdb,0.88,Good (良好)
11223.pdb,0.88,Good (良好)
9457.pdb,0.88,Good (良好)
9531.pdb,0.88,Good (良好)
23841.pdb,0.88,Good (良好)
5728.pdb,0.88,Good (良好)
29336.pdb,0.88,Good (良好)
14712.pdb,0.88,Good (良好)
13681.pdb,0.88,Good (良好)
10748.pdb,0.88,Good (良好)
3349.pdb,0.88,Good (良好)
10399.pdb,0.88,Good (良好)
11600.pdb,0.88,Good (良好)
1437.pdb,0.88,Good (良好)
3783.pdb,0.88,Good (良好)
19111.pdb,0.88,Good (良好)
29377.pdb,0.88,Good (良好)
18068.pdb,0.88,Good (良好)
8579.pdb,0.88,Good (良好)
23318.pdb,0.88,Good (良好)
4723.pdb,0.88,Good (良好)
29888.pdb,0.88,Good (良好)
2112.pdb,0.88,Good (良好)
30107.pdb,0.88,Good (良好)
8346.pdb,0.88,Good (良好)
7791.pdb,0.88,Good (良好)
19714.pdb,0.88,Good (良好)
1820.pdb,0.88,Good (良好)
15476.pdb,0.88,Good (良好)
804.pdb,0.88,Good (良好)
3717.pdb,0.88,Good (良好)
26677.pdb,0.88,Good (良好)
15376.pdb,0.88,Good (良好)
6421.pdb,0.88,Good (良好)
8347.pdb,0.88,Good (良好)
15182.pdb,0.88,Good (良好)
2552.pdb,0.88,Good (良好)
23731.pdb,0.88,Good (良好)
29080.pdb,0.88,Good (良好)
19147.pdb,0.88,Good (良好)
13185.pdb,0.88,Good (良好)
30170.pdb,0.88,Good (良好)
22485.pdb,0.88,Good (良好)
18257.pdb,0.88,Good (良好)
21969.pdb,0.88,Good (良好)
1913.pdb,0.88,Good (良好)
16033.pdb,0.88,Good (良好)
4351.pdb,0.88,Good (良好)
26464.pdb,0.88,Good (良好)
2252.pdb,0.88,Good (良好)
29676.pdb,0.88,Good (良好)
6372.pdb,0.88,Good (良好)
2812.pdb,0.88,Good (良好)
9617.pdb,0.88,Good (良好)
9685.pdb,0.88,Good (良好)
1244.pdb,0.88,Good (良好)
3547.pdb,0.88,Good (良好)
3381.pdb,0.88,Good (良好)
1468.pdb,0.88,Good (良好)
12817.pdb,0.88,Good (良好)
29732.pdb,0.88,Good (良好)
681.pdb,0.88,Good (良好)
10195.pdb,0.88,Good (良好)
29138.pdb,0.88,Good (良好)
3221.pdb,0.88,Good (良好)
7586.pdb,0.88,Good (良好)
3300.pdb,0.88,Good (良好)
21829.pdb,0.88,Good (良好)
20821.pdb,0.88,Good (良好)
30100.pdb,0.88,Good (良好)
2565.pdb,0.88,Good (良好)
29795.pdb,0.88,Good (良好)
31357.pdb,0.88,Good (良好)
10079.pdb,0.88,Good (良好)
8366.pdb,0.88,Good (良好)
24742.pdb,0.88,Good (良好)
169.pdb,0.88,Good (良好)
7781.pdb,0.88,Good (良好)
24490.pdb,0.88,Good (良好)
20652.pdb,0.88,Good (良好)
30054.pdb,0.88,Good (良好)
21798.pdb,0.88,Good (良好)
4321.pdb,0.88,Good (良好)
1583.pdb,0.88,Good (良好)
29553.pdb,0.88,Good (良好)
30038.pdb,0.88,Good (良好)
24079.pdb,0.88,Good (良好)
9143.pdb,0.88,Good (良好)
1791.pdb,0.88,Good (良好)
29290.pdb,0.88,Good (良好)
28395.pdb,0.88,Good (良好)
15122.pdb,0.88,Good (良好)
10145.pdb,0.88,Good (良好)
29792.pdb,0.88,Good (良好)
14831.pdb,0.88,Good (良好)
5472.pdb,0.88,Good (良好)
11932.pdb,0.88,Good (良好)
29379.pdb,0.88,Good (良好)
107.pdb,0.88,Good (良好)
27193.pdb,0.88,Good (良好)
9606.pdb,0.88,Good (良好)
8186.pdb,0.88,Good (良好)
9647.pdb,0.88,Good (良好)
11542.pdb,0.88,Good (良好)
3979.pdb,0.88,Good (良好)
8061.pdb,0.88,Good (良好)
4158.pdb,0.88,Good (良好)
11324.pdb,0.88,Good (良好)
14969.pdb,0.88,Good (良好)
6419.pdb,0.88,Good (良好)
21365.pdb,0.88,Good (良好)
8360.pdb,0.88,Good (良好)
11962.pdb,0.88,Good (良好)
15909.pdb,0.88,Good (良好)
28249.pdb,0.88,Good (良好)
5749.pdb,0.88,Good (良好)
4014.pdb,0.88,Good (良好)
14481.pdb,0.88,Good (良好)
9235.pdb,0.88,Good (良好)
20213.pdb,0.88,Good (良好)
8412.pdb,0.88,Good (良好)
16267.pdb,0.88,Good (良好)
28201.pdb,0.88,Good (良好)
29729.pdb,0.88,Good (良好)
21737.pdb,0.88,Good (良好)
6909.pdb,0.88,Good (良好)
29860.pdb,0.88,Good (良好)
28515.pdb,0.88,Good (良好)
7457.pdb,0.88,Good (良好)
23180.pdb,0.88,Good (良好)
27526.pdb,0.88,Good (良好)
22828.pdb,0.88,Good (良好)
2300.pdb,0.88,Good (良好)
277.pdb,0.88,Good (良好)
1326.pdb,0.88,Good (良好)
5616.pdb,0.88,Good (良好)
3041.pdb,0.88,Good (良好)
24912.pdb,0.88,Good (良好)
22815.pdb,0.88,Good (良好)
29923.pdb,0.88,Good (良好)
6996.pdb,0.88,Good (良好)
13254.pdb,0.88,Good (良好)
28533.pdb,0.88,Good (良好)
24857.pdb,0.88,Good (良好)
30328.pdb,0.88,Good (良好)
10824.pdb,0.88,Good (良好)
30400.pdb,0.88,Good (良好)
25101.pdb,0.88,Good (良好)
5415.pdb,0.88,Good (良好)
5985.pdb,0.88,Good (良好)
2186.pdb,0.88,Good (良好)
21919.pdb,0.88,Good (良好)
21893.pdb,0.88,Good (良好)
14761.pdb,0.88,Good (良好)
7156.pdb,0.88,Good (良好)
18038.pdb,0.88,Good (良好)
29673.pdb,0.88,Good (良好)
7397.pdb,0.88,Good (良好)
29254.pdb,0.88,Good (良好)
1472.pdb,0.88,Good (良好)
7808.pdb,0.88,Good (良好)
1562.pdb,0.88,Good (良好)
30978.pdb,0.88,Good (良好)
13687.pdb,0.88,Good (良好)
7797.pdb,0.88,Good (良好)
3493.pdb,0.88,Good (良好)
7091.pdb,0.88,Good (良好)
15995.pdb,0.88,Good (良好)
27547.pdb,0.88,Good (良好)
5277.pdb,0.88,Good (良好)
29266.pdb,0.88,Good (良好)
4520.pdb,0.88,Good (良好)
20709.pdb,0.88,Good (良好)
9086.pdb,0.88,Good (良好)
14741.pdb,0.88,Good (良好)
21799.pdb,0.88,Good (良好)
8377.pdb,0.88,Good (良好)
23382.pdb,0.88,Good (良好)
3207.pdb,0.88,Good (良好)
4184.pdb,0.88,Good (良好)
20666.pdb,0.88,Good (良好)
15959.pdb,0.88,Good (良好)
21911.pdb,0.88,Good (良好)
9374.pdb,0.88,Good (良好)
948.pdb,0.88,Good (良好)
3777.pdb,0.88,Good (良好)
24976.pdb,0.88,Good (良好)
5276.pdb,0.88,Good (良好)
4992.pdb,0.88,Good (良好)
12808.pdb,0.88,Good (良好)
25613.pdb,0.88,Good (良好)
2683.pdb,0.88,Good (良好)
4660.pdb,0.88,Good (良好)
7886.pdb,0.88,Good (良好)
532.pdb,0.88,Good (良好)
30373.pdb,0.88,Good (良好)
26155.pdb,0.88,Good (良好)
16127.pdb,0.88,Good (良好)
10143.pdb,0.88,Good (良好)
24738.pdb,0.88,Good (良好)
16253.pdb,0.88,Good (良好)
1700.pdb,0.88,Good (良好)
6705.pdb,0.88,Good (良好)
23062.pdb,0.88,Good (良好)
1496.pdb,0.88,Good (良好)
5284.pdb,0.88,Good (良好)
15508.pdb,0.88,Good (良好)
25307.pdb,0.88,Good (良好)
14935.pdb,0.88,Good (良好)
1977.pdb,0.88,Good (良好)
30674.pdb,0.88,Good (良好)
21668.pdb,0.88,Good (良好)
3048.pdb,0.88,Good (良好)
3551.pdb,0.88,Good (良好)
12555.pdb,0.88,Good (良好)
410.pdb,0.88,Good (良好)
26356.pdb,0.88,Good (良好)
1234.pdb,0.88,Good (良好)
10673.pdb,0.88,Good (良好)
22987.pdb,0.88,Good (良好)
28675.pdb,0.88,Good (良好)
15941.pdb,0.88,Good (良好)
6056.pdb,0.88,Good (良好)
19148.pdb,0.88,Good (良好)
12451.pdb,0.88,Good (良好)
24505.pdb,0.88,Good (良好)
24914.pdb,0.88,Good (良好)
23118.pdb,0.88,Good (良好)
15204.pdb,0.88,Good (良好)
12454.pdb,0.88,Good (良好)
6515.pdb,0.88,Good (良好)
11981.pdb,0.88,Good (良好)
29793.pdb,0.88,Good (良好)
6755.pdb,0.88,Good (良好)
26224.pdb,0.88,Good (良好)
17466.pdb,0.88,Good (良好)
5510.pdb,0.88,Good (良好)
336.pdb,0.88,Good (良好)
10846.pdb,0.88,Good (良好)
8534.pdb,0.88,Good (良好)
25386.pdb,0.88,Good (良好)
2382.pdb,0.88,Good (良好)
26615.pdb,0.88,Good (良好)
4328.pdb,0.88,Good (良好)
20439.pdb,0.88,Good (良好)
8669.pdb,0.88,Good (良好)
15339.pdb,0.88,Good (良好)
10568.pdb,0.88,Good (良好)
18235.pdb,0.88,Good (良好)
5808.pdb,0.88,Good (良好)
1966.pdb,0.88,Good (良好)
8527.pdb,0.88,Good (良好)
13735.pdb,0.88,Good (良好)
24048.pdb,0.88,Good (良好)
143.pdb,0.88,Good (良好)
1645.pdb,0.88,Good (良好)
8114.pdb,0.88,Good (良好)
26590.pdb,0.88,Good (良好)
3062.pdb,0.88,Good (良好)
24759.pdb,0.88,Good (良好)
23115.pdb,0.88,Good (良好)
6192.pdb,0.88,Good (良好)
1629.pdb,0.88,Good (良好)
27256.pdb,0.88,Good (良好)
2277.pdb,0.88,Good (良好)
5037.pdb,0.88,Good (良好)
1403.pdb,0.88,Good (良好)
255.pdb,0.88,Good (良好)
9438.pdb,0.88,Good (良好)
3002.pdb,0.88,Good (良好)
5345.pdb,0.88,Good (良好)
30612.pdb,0.88,Good (良好)
4790.pdb,0.88,Good (良好)
13914.pdb,0.88,Good (良好)
786.pdb,0.88,Good (良好)
20736.pdb,0.88,Good (良好)
27057.pdb,0.88,Good (良好)
23354.pdb,0.88,Good (良好)
15964.pdb,0.88,Good (良好)
14250.pdb,0.87,Good (良好)
11264.pdb,0.87,Good (良好)
30965.pdb,0.87,Good (良好)
5870.pdb,0.87,Good (良好)
14014.pdb,0.87,Good (良好)
24539.pdb,0.87,Good (良好)
20227.pdb,0.87,Good (良好)
7705.pdb,0.87,Good (良好)
18070.pdb,0.87,Good (良好)
26841.pdb,0.87,Good (良好)
12782.pdb,0.87,Good (良好)
7347.pdb,0.87,Good (良好)
3893.pdb,0.87,Good (良好)
8966.pdb,0.87,Good (良好)
6360.pdb,0.87,Good (良好)
4879.pdb,0.87,Good (良好)
1357.pdb,0.87,Good (良好)
7079.pdb,0.87,Good (良好)
31134.pdb,0.87,Good (良好)
2130.pdb,0.87,Good (良好)
25198.pdb,0.87,Good (良好)
22334.pdb,0.87,Good (良好)
22547.pdb,0.87,Good (良好)
3488.pdb,0.87,Good (良好)
28720.pdb,0.87,Good (良好)
30421.pdb,0.87,Good (良好)
3267.pdb,0.87,Good (良好)
8485.pdb,0.87,Good (良好)
12759.pdb,0.87,Good (良好)
16310.pdb,0.87,Good (良好)
5386.pdb,0.87,Good (良好)
303.pdb,0.87,Good (良好)
8062.pdb,0.87,Good (良好)
23286.pdb,0.87,Good (良好)
22559.pdb,0.87,Good (良好)
157.pdb,0.87,Good (良好)
20207.pdb,0.87,Good (良好)
20171.pdb,0.87,Good (良好)
31347.pdb,0.87,Good (良好)
7418.pdb,0.87,Good (良好)
4941.pdb,0.87,Good (良好)
20745.pdb,0.87,Good (良好)
23919.pdb,0.87,Good (良好)
20554.pdb,0.87,Good (良好)
12846.pdb,0.87,Good (良好)
4812.pdb,0.87,Good (良好)
27029.pdb,0.87,Good (良好)
1402.pdb,0.87,Good (良好)
2124.pdb,0.87,Good (良好)
5374.pdb,0.87,Good (良好)
13148.pdb,0.87,Good (良好)
5133.pdb,0.87,Good (良好)
7872.pdb,0.87,Good (良好)
4961.pdb,0.87,Good (良好)
7478.pdb,0.87,Good (良好)
2657.pdb,0.87,Good (良好)
24899.pdb,0.87,Good (良好)
11374.pdb,0.87,Good (良好)
28983.pdb,0.87,Good (良好)
7140.pdb,0.87,Good (良好)
22586.pdb,0.87,Good (良好)
23161.pdb,0.87,Good (良好)
22836.pdb,0.87,Good (良好)
26288.pdb,0.87,Good (良好)
4914.pdb,0.87,Good (良好)
30350.pdb,0.87,Good (良好)
22543.pdb,0.87,Good (良好)
12172.pdb,0.87,Good (良好)
3809.pdb,0.87,Good (良好)
29804.pdb,0.87,Good (良好)
28289.pdb,0.87,Good (良好)
16120.pdb,0.87,Good (良好)
9130.pdb,0.87,Good (良好)
633.pdb,0.87,Good (良好)
3431.pdb,0.87,Good (良好)
2162.pdb,0.87,Good (良好)
12781.pdb,0.87,Good (良好)
4994.pdb,0.87,Good (良好)
29966.pdb,0.87,Good (良好)
1214.pdb,0.87,Good (良好)
17420.pdb,0.87,Good (良好)
10822.pdb,0.87,Good (良好)
29052.pdb,0.87,Good (良好)
26113.pdb,0.87,Good (良好)
24870.pdb,0.87,Good (良好)
8158.pdb,0.87,Good (良好)
8479.pdb,0.87,Good (良好)
29991.pdb,0.87,Good (良好)
557.pdb,0.87,Good (良好)
22711.pdb,0.87,Good (良好)
13122.pdb,0.87,Good (良好)
2005.pdb,0.87,Good (良好)
13106.pdb,0.87,Good (良好)
9641.pdb,0.87,Good (良好)
1967.pdb,0.87,Good (良好)
20552.pdb,0.87,Good (良好)
29558.pdb,0.87,Good (良好)
1783.pdb,0.87,Good (良好)
15990.pdb,0.87,Good (良好)
21960.pdb,0.87,Good (良好)
26414.pdb,0.87,Good (良好)
19390.pdb,0.87,Good (良好)
16123.pdb,0.87,Good (良好)
12162.pdb,0.87,Good (良好)
22288.pdb,0.87,Good (良好)
14034.pdb,0.87,Good (良好)
778.pdb,0.87,Good (良好)
30650.pdb,0.87,Good (良好)
21846.pdb,0.87,Good (良好)
4860.pdb,0.87,Good (良好)
29834.pdb,0.87,Good (良好)
15618.pdb,0.87,Good (良好)
525.pdb,0.87,Good (良好)
31069.pdb,0.87,Good (良好)
30979.pdb,0.87,Good (良好)
29446.pdb,0.87,Good (良好)
30551.pdb,0.87,Good (良好)
14889.pdb,0.87,Good (良好)
5092.pdb,0.87,Good (良好)
31075.pdb,0.87,Good (良好)
31205.pdb,0.87,Good (良好)
1861.pdb,0.87,Good (良好)
29903.pdb,0.87,Good (良好)
27484.pdb,0.87,Good (良好)
17737.pdb,0.87,Good (良好)
29859.pdb,0.87,Good (良好)
18148.pdb,0.87,Good (良好)
30271.pdb,0.87,Good (良好)
22565.pdb,0.87,Good (良好)
24655.pdb,0.87,Good (良好)
16041.pdb,0.87,Good (良好)
11396.pdb,0.87,Good (良好)
24892.pdb,0.87,Good (良好)
24651.pdb,0.87,Good (良好)
22343.pdb,0.87,Good (良好)
7263.pdb,0.87,Good (良好)
27142.pdb,0.87,Good (良好)
14992.pdb,0.87,Good (良好)
16403.pdb,0.87,Good (良好)
12458.pdb,0.87,Good (良好)
20086.pdb,0.87,Good (良好)
10196.pdb,0.87,Good (良好)
30380.pdb,0.87,Good (良好)
947.pdb,0.87,Good (良好)
7254.pdb,0.87,Good (良好)
8089.pdb,0.87,Good (良好)
23596.pdb,0.87,Good (良好)
6106.pdb,0.87,Good (良好)
22842.pdb,0.87,Good (良好)
18129.pdb,0.87,Good (良好)
29585.pdb,0.87,Good (良好)
12494.pdb,0.87,Good (良好)
161.pdb,0.87,Good (良好)
16256.pdb,0.87,Good (良好)
23371.pdb,0.87,Good (良好)
9432.pdb,0.87,Good (良好)
17925.pdb,0.87,Good (良好)
20837.pdb,0.87,Good (良好)
29188.pdb,0.87,Good (良好)
12204.pdb,0.87,Good (良好)
154.pdb,0.87,Good (良好)
21321.pdb,0.87,Good (良好)
10752.pdb,0.87,Good (良好)
22313.pdb,0.87,Good (良好)
4796.pdb,0.87,Good (良好)
30931.pdb,0.87,Good (良好)
6976.pdb,0.87,Good (良好)
7475.pdb,0.87,Good (良好)
21972.pdb,0.87,Good (良好)
19064.pdb,0.87,Good (良好)
19458.pdb,0.87,Good (良好)
106.pdb,0.87,Good (良好)
13738.pdb,0.87,Good (良好)
25.pdb,0.87,Good (良好)
12828.pdb,0.87,Good (良好)
14317.pdb,0.87,Good (良好)
8772.pdb,0.87,Good (良好)
30424.pdb,0.87,Good (良好)
23659.pdb,0.87,Good (良好)
21701.pdb,0.87,Good (良好)
2744.pdb,0.87,Good (良好)
23178.pdb,0.87,Good (良好)
29359.pdb,0.87,Good (良好)
15590.pdb,0.87,Good (良好)
2699.pdb,0.87,Good (良好)
29412.pdb,0.87,Good (良好)
22084.pdb,0.87,Good (良好)
9794.pdb,0.87,Good (良好)
29814.pdb,0.87,Good (良好)
1413.pdb,0.87,Good (良好)
7331.pdb,0.87,Good (良好)
21845.pdb,0.87,Good (良好)
1623.pdb,0.87,Good (良好)
7101.pdb,0.87,Good (良好)
1348.pdb,0.87,Good (良好)
30479.pdb,0.87,Good (良好)
9233.pdb,0.87,Good (良好)
15073.pdb,0.87,Good (良好)
22576.pdb,0.87,Good (良好)
13736.pdb,0.87,Good (良好)
538.pdb,0.87,Good (良好)
4654.pdb,0.87,Good (良好)
8638.pdb,0.87,Good (良好)
26108.pdb,0.87,Good (良好)
6764.pdb,0.87,Good (良好)
9680.pdb,0.87,Good (良好)
21166.pdb,0.87,Good (良好)
12203.pdb,0.87,Good (良好)
25296.pdb,0.87,Good (良好)
3206.pdb,0.87,Good (良好)
363.pdb,0.87,Good (良好)
14515.pdb,0.87,Good (良好)
2558.pdb,0.87,Good (良好)
8422.pdb,0.87,Good (良好)
11558.pdb,0.87,Good (良好)
14208.pdb,0.87,Good (良好)
20601.pdb,0.87,Good (良好)
346.pdb,0.87,Good (良好)
14510.pdb,0.87,Good (良好)
6392.pdb,0.87,Good (良好)
26232.pdb,0.87,Good (良好)
24971.pdb,0.87,Good (良好)
29049.pdb,0.87,Good (良好)
12125.pdb,0.87,Good (良好)
24671.pdb,0.87,Good (良好)
27060.pdb,0.87,Good (良好)
30828.pdb,0.87,Good (良好)
15510.pdb,0.87,Good (良好)
21318.pdb,0.87,Good (良好)
28015.pdb,0.87,Good (良好)
12143.pdb,0.87,Good (良好)
59.pdb,0.87,Good (良好)
2287.pdb,0.87,Good (良好)
7206.pdb,0.87,Good (良好)
16384.pdb,0.87,Good (良好)
30614.pdb,0.87,Good (良好)
14407.pdb,0.87,Good (良好)
28064.pdb,0.87,Good (良好)
10441.pdb,0.87,Good (良好)
30833.pdb,0.87,Good (良好)
28695.pdb,0.87,Good (良好)
587.pdb,0.87,Good (良好)
5564.pdb,0.87,Good (良好)
2195.pdb,0.87,Good (良好)
23732.pdb,0.87,Good (良好)
6168.pdb,0.87,Good (良好)
20344.pdb,0.87,Good (良好)
6984.pdb,0.87,Good (良好)
6457.pdb,0.87,Good (良好)
3060.pdb,0.87,Good (良好)
3197.pdb,0.87,Good (良好)
5223.pdb,0.87,Good (良好)
29739.pdb,0.87,Good (良好)
24985.pdb,0.87,Good (良好)
20883.pdb,0.87,Good (良好)
5469.pdb,0.87,Good (良好)
26830.pdb,0.87,Good (良好)
660.pdb,0.87,Good (良好)
15377.pdb,0.87,Good (良好)
25490.pdb,0.87,Good (良好)
4371.pdb,0.87,Good (良好)
8085.pdb,0.87,Good (良好)
7504.pdb,0.87,Good (良好)
23786.pdb,0.87,Good (良好)
7403.pdb,0.87,Good (良好)
2346.pdb,0.87,Good (良好)
30514.pdb,0.87,Good (良好)
15216.pdb,0.87,Good (良好)
6087.pdb,0.87,Good (良好)
8440.pdb,0.87,Good (良好)
30500.pdb,0.87,Good (良好)
2715.pdb,0.87,Good (良好)
9096.pdb,0.87,Good (良好)
29909.pdb,0.87,Good (良好)
4728.pdb,0.87,Good (良好)
12146.pdb,0.87,Good (良好)
31040.pdb,0.87,Good (良好)
23335.pdb,0.87,Good (良好)
4564.pdb,0.87,Good (良好)
19092.pdb,0.87,Good (良好)
24704.pdb,0.87,Good (良好)
28671.pdb,0.86,Good (良好)
19363.pdb,0.86,Good (良好)
23588.pdb,0.86,Good (良好)
12879.pdb,0.86,Good (良好)
8977.pdb,0.86,Good (良好)
21265.pdb,0.86,Good (良好)
30120.pdb,0.86,Good (良好)
14760.pdb,0.86,Good (良好)
1599.pdb,0.86,Good (良好)
2938.pdb,0.86,Good (良好)
30976.pdb,0.86,Good (良好)
20542.pdb,0.86,Good (良好)
383.pdb,0.86,Good (良好)
1656.pdb,0.86,Good (良好)
21704.pdb,0.86,Good (良好)
13651.pdb,0.86,Good (良好)
519.pdb,0.86,Good (良好)
6442.pdb,0.86,Good (良好)
377.pdb,0.86,Good (良好)
30438.pdb,0.86,Good (良好)
9583.pdb,0.86,Good (良好)
6478.pdb,0.86,Good (良好)
27189.pdb,0.86,Good (良好)
9378.pdb,0.86,Good (良好)
7997.pdb,0.86,Good (良好)
31031.pdb,0.86,Good (良好)
13150.pdb,0.86,Good (良好)
15153.pdb,0.86,Good (良好)
29720.pdb,0.86,Good (良好)
30624.pdb,0.86,Good (良好)
1418.pdb,0.86,Good (良好)
6507.pdb,0.86,Good (良好)
12734.pdb,0.86,Good (良好)
5596.pdb,0.86,Good (良好)
4577.pdb,0.86,Good (良好)
12867.pdb,0.86,Good (良好)
941.pdb,0.86,Good (良好)
2476.pdb,0.86,Good (良好)
13140.pdb,0.86,Good (良好)
8529.pdb,0.86,Good (良好)
11520.pdb,0.86,Good (良好)
17326.pdb,0.86,Good (良好)
2426.pdb,0.86,Good (良好)
28589.pdb,0.86,Good (良好)
4680.pdb,0.86,Good (良好)
21643.pdb,0.86,Good (良好)
21610.pdb,0.86,Good (良好)
9436.pdb,0.86,Good (良好)
16537.pdb,0.86,Good (良好)
28222.pdb,0.86,Good (良好)
10659.pdb,0.86,Good (良好)
14580.pdb,0.86,Good (良好)
137.pdb,0.86,Good (良好)
6571.pdb,0.86,Good (良好)
5802.pdb,0.86,Good (良好)
14924.pdb,0.86,Good (良好)
15000.pdb,0.86,Good (良好)
15250.pdb,0.86,Good (良好)
9603.pdb,0.86,Good (良好)
4305.pdb,0.86,Good (良好)
22738.pdb,0.86,Good (良好)
11941.pdb,0.86,Good (良好)
9304.pdb,0.86,Good (良好)
1716.pdb,0.86,Good (良好)
611.pdb,0.86,Good (良好)
1194.pdb,0.86,Good (良好)
21821.pdb,0.86,Good (良好)
1784.pdb,0.86,Good (良好)
659.pdb,0.86,Good (良好)
29949.pdb,0.86,Good (良好)
27465.pdb,0.86,Good (良好)
3457.pdb,0.86,Good (良好)
29981.pdb,0.86,Good (良好)
29302.pdb,0.86,Good (良好)
8523.pdb,0.86,Good (良好)
19260.pdb,0.86,Good (良好)
7477.pdb,0.86,Good (良好)
22555.pdb,0.86,Good (良好)
1651.pdb,0.86,Good (良好)
30704.pdb,0.86,Good (良好)
18011.pdb,0.86,Good (良好)
3443.pdb,0.86,Good (良好)
2539.pdb,0.86,Good (良好)
534.pdb,0.86,Good (良好)
7089.pdb,0.86,Good (良好)
11516.pdb,0.86,Good (良好)
5107.pdb,0.86,Good (良好)
11494.pdb,0.86,Good (良好)
15056.pdb,0.86,Good (良好)
1273.pdb,0.86,Good (良好)
5828.pdb,0.86,Good (良好)
10664.pdb,0.86,Good (良好)
6945.pdb,0.86,Good (良好)
2149.pdb,0.86,Good (良好)
6001.pdb,0.86,Good (良好)
1793.pdb,0.86,Good (良好)
3069.pdb,0.86,Good (良好)
27681.pdb,0.86,Good (良好)
294.pdb,0.86,Good (良好)
1503.pdb,0.86,Good (良好)
27120.pdb,0.86,Good (良好)
14388.pdb,0.86,Good (良好)
23020.pdb,0.86,Good (良好)
12174.pdb,0.86,Good (良好)
3729.pdb,0.86,Good (良好)
9491.pdb,0.86,Good (良好)
10814.pdb,0.86,Good (良好)
17445.pdb,0.86,Good (良好)
13627.pdb,0.86,Good (良好)
1972.pdb,0.86,Good (良好)
21803.pdb,0.86,Good (良好)
15908.pdb,0.86,Good (良好)
9080.pdb,0.86,Good (良好)
1806.pdb,0.86,Good (良好)
31298.pdb,0.86,Good (良好)
3209.pdb,0.86,Good (良好)
12298.pdb,0.86,Good (良好)
24763.pdb,0.86,Good (良好)
630.pdb,0.86,Good (良好)
12605.pdb,0.86,Good (良好)
14423.pdb,0.86,Good (良好)
28391.pdb,0.86,Good (良好)
26130.pdb,0.86,Good (良好)
26357.pdb,0.86,Good (良好)
10704.pdb,0.86,Good (良好)
8269.pdb,0.86,Good (良好)
27375.pdb,0.86,Good (良好)
20446.pdb,0.86,Good (良好)
1975.pdb,0.86,Good (良好)
735.pdb,0.86,Good (良好)
1281.pdb,0.86,Good (良好)
186.pdb,0.86,Good (良好)
24629.pdb,0.86,Good (良好)
29236.pdb,0.86,Good (良好)
21730.pdb,0.86,Good (良好)
1535.pdb,0.86,Good (良好)
6847.pdb,0.86,Good (良好)
20996.pdb,0.86,Good (良好)
31129.pdb,0.86,Good (良好)
30214.pdb,0.86,Good (良好)
21652.pdb,0.86,Good (良好)
8384.pdb,0.86,Good (良好)
8769.pdb,0.86,Good (良好)
24905.pdb,0.86,Good (良好)
7520.pdb,0.86,Good (良好)
29620.pdb,0.86,Good (良好)
4981.pdb,0.86,Good (良好)
3278.pdb,0.86,Good (良好)
3353.pdb,0.86,Good (良好)
8778.pdb,0.86,Good (良好)
29902.pdb,0.86,Good (良好)
14818.pdb,0.86,Good (良好)
610.pdb,0.86,Good (良好)
30384.pdb,0.86,Good (良好)
27277.pdb,0.86,Good (良好)
22889.pdb,0.86,Good (良好)
27403.pdb,0.86,Good (良好)
29826.pdb,0.86,Good (良好)
19471.pdb,0.86,Good (良好)
22491.pdb,0.86,Good (良好)
17673.pdb,0.86,Good (良好)
29451.pdb,0.86,Good (良好)
937.pdb,0.86,Good (良好)
12916.pdb,0.86,Good (良好)
10161.pdb,0.86,Good (良好)
31229.pdb,0.86,Good (良好)
12621.pdb,0.86,Good (良好)
23121.pdb,0.86,Good (良好)
30911.pdb,0.86,Good (良好)
19913.pdb,0.86,Good (良好)
1542.pdb,0.86,Good (良好)
10503.pdb,0.86,Good (良好)
23578.pdb,0.86,Good (良好)
13099.pdb,0.86,Good (良好)
21543.pdb,0.86,Good (良好)
11685.pdb,0.86,Good (良好)
12912.pdb,0.86,Good (良好)
3818.pdb,0.86,Good (良好)
2499.pdb,0.86,Good (良好)
14103.pdb,0.86,Good (良好)
9236.pdb,0.86,Good (良好)
47.pdb,0.86,Good (良好)
1338.pdb,0.86,Good (良好)
27771.pdb,0.86,Good (良好)
2185.pdb,0.86,Good (良好)
3895.pdb,0.86,Good (良好)
7298.pdb,0.86,Good (良好)
4997.pdb,0.86,Good (良好)
20966.pdb,0.86,Good (良好)
24752.pdb,0.86,Good (良好)
5100.pdb,0.86,Good (良好)
24699.pdb,0.86,Good (良好)
12140.pdb,0.86,Good (良好)
23327.pdb,0.86,Good (良好)
25299.pdb,0.86,Good (良好)
1291.pdb,0.86,Good (良好)
13663.pdb,0.86,Good (良好)
22042.pdb,0.86,Good (良好)
3186.pdb,0.86,Good (良好)
2691.pdb,0.86,Good (良好)
4229.pdb,0.86,Good (良好)
3371.pdb,0.86,Good (良好)
7849.pdb,0.86,Good (良好)
8586.pdb,0.86,Good (良好)
731.pdb,0.86,Good (良好)
29249.pdb,0.86,Good (良好)
13234.pdb,0.86,Good (良好)
19364.pdb,0.86,Good (良好)
3992.pdb,0.86,Good (良好)
652.pdb,0.86,Good (良好)
1561.pdb,0.86,Good (良好)
6401.pdb,0.86,Good (良好)
631.pdb,0.86,Good (良好)
12855.pdb,0.86,Good (良好)
404.pdb,0.86,Good (良好)
28247.pdb,0.86,Good (良好)
26550.pdb,0.86,Good (良好)
6520.pdb,0.86,Good (良好)
29197.pdb,0.86,Good (良好)
20612.pdb,0.86,Good (良好)
17399.pdb,0.86,Good (良好)
14955.pdb,0.86,Good (良好)
15332.pdb,0.86,Good (良好)
29702.pdb,0.86,Good (良好)
30501.pdb,0.86,Good (良好)
30273.pdb,0.86,Good (良好)
21390.pdb,0.86,Good (良好)
30048.pdb,0.86,Good (良好)
1892.pdb,0.86,Good (良好)
10522.pdb,0.86,Good (良好)
6471.pdb,0.86,Good (良好)
14278.pdb,0.86,Good (良好)
1494.pdb,0.86,Good (良好)
12554.pdb,0.86,Good (良好)
14996.pdb,0.86,Good (良好)
23614.pdb,0.86,Good (良好)
30730.pdb,0.86,Good (良好)
20933.pdb,0.86,Good (良好)
22294.pdb,0.86,Good (良好)
2534.pdb,0.86,Good (良好)
22761.pdb,0.86,Good (良好)
27778.pdb,0.86,Good (良好)
31184.pdb,0.86,Good (良好)
25402.pdb,0.86,Good (良好)
29658.pdb,0.86,Good (良好)
1601.pdb,0.86,Good (良好)
1655.pdb,0.86,Good (良好)
20374.pdb,0.86,Good (良好)
28564.pdb,0.86,Good (良好)
10555.pdb,0.86,Good (良好)
4218.pdb,0.86,Good (良好)
28070.pdb,0.86,Good (良好)
26248.pdb,0.86,Good (良好)
15972.pdb,0.86,Good (良好)
25445.pdb,0.85,Good (良好)
28618.pdb,0.85,Good (良好)
24957.pdb,0.85,Good (良好)
2855.pdb,0.85,Good (良好)
20867.pdb,0.85,Good (良好)
4948.pdb,0.85,Good (良好)
12468.pdb,0.85,Good (良好)
232.pdb,0.85,Good (良好)
7549.pdb,0.85,Good (良好)
27053.pdb,0.85,Good (良好)
13913.pdb,0.85,Good (良好)
189.pdb,0.85,Good (良好)
26416.pdb,0.85,Good (良好)
21588.pdb,0.85,Good (良好)
3599.pdb,0.85,Good (良好)
30714.pdb,0.85,Good (良好)
20254.pdb,0.85,Good (良好)
29653.pdb,0.85,Good (良好)
30880.pdb,0.85,Good (良好)
21850.pdb,0.85,Good (良好)
5664.pdb,0.85,Good (良好)
11561.pdb,0.85,Good (良好)
3887.pdb,0.85,Good (良好)
15394.pdb,0.85,Good (良好)
14542.pdb,0.85,Good (良好)
3515.pdb,0.85,Good (良好)
25343.pdb,0.85,Good (良好)
31084.pdb,0.85,Good (良好)
24073.pdb,0.85,Good (良好)
13581.pdb,0.85,Good (良好)
9604.pdb,0.85,Good (良好)
3977.pdb,0.85,Good (良好)
31276.pdb,0.85,Good (良好)
19716.pdb,0.85,Good (良好)
7648.pdb,0.85,Good (良好)
8454.pdb,0.85,Good (良好)
30795.pdb,0.85,Good (良好)
2340.pdb,0.85,Good (良好)
8714.pdb,0.85,Good (良好)
30845.pdb,0.85,Good (良好)
25398.pdb,0.85,Good (良好)
24956.pdb,0.85,Good (良好)
29241.pdb,0.85,Good (良好)
14497.pdb,0.85,Good (良好)
321.pdb,0.85,Good (良好)
24550.pdb,0.85,Good (良好)
25163.pdb,0.85,Good (良好)
4690.pdb,0.85,Good (良好)
29959.pdb,0.85,Good (良好)
10834.pdb,0.85,Good (良好)
29026.pdb,0.85,Good (良好)
19802.pdb,0.85,Good (良好)
28462.pdb,0.85,Good (良好)
14343.pdb,0.85,Good (良好)
7139.pdb,0.85,Good (良好)
266.pdb,0.85,Good (良好)
28139.pdb,0.85,Good (良好)
25596.pdb,0.85,Good (良好)
13942.pdb,0.85,Good (良好)
25266.pdb,0.85,Good (良好)
28510.pdb,0.85,Good (良好)
6284.pdb,0.85,Good (良好)
27513.pdb,0.85,Good (良好)
13208.pdb,0.85,Good (良好)
26398.pdb,0.85,Good (良好)
1181.pdb,0.85,Good (良好)
15041.pdb,0.85,Good (良好)
24097.pdb,0.85,Good (良好)
8357.pdb,0.85,Good (良好)
10118.pdb,0.85,Good (良好)
25201.pdb,0.85,Good (良好)
2156.pdb,0.85,Good (良好)
28505.pdb,0.85,Good (良好)
3401.pdb,0.85,Good (良好)
4269.pdb,0.85,Good (良好)
7932.pdb,0.85,Good (良好)
25791.pdb,0.85,Good (良好)
23233.pdb,0.85,Good (良好)
8548.pdb,0.85,Good (良好)
11780.pdb,0.85,Good (良好)
3379.pdb,0.85,Good (良好)
12619.pdb,0.85,Good (良好)
1686.pdb,0.85,Good (良好)
2369.pdb,0.85,Good (良好)
854.pdb,0.85,Good (良好)
1676.pdb,0.85,Good (良好)
2204.pdb,0.85,Good (良好)
7160.pdb,0.85,Good (良好)
24897.pdb,0.85,Good (良好)
12742.pdb,0.85,Good (良好)
11572.pdb,0.85,Good (良好)
945.pdb,0.85,Good (良好)
29245.pdb,0.85,Good (良好)
30638.pdb,0.85,Good (良好)
8421.pdb,0.85,Good (良好)
6700.pdb,0.85,Good (良好)
14905.pdb,0.85,Good (良好)
1847.pdb,0.85,Good (良好)
30639.pdb,0.85,Good (良好)
30527.pdb,0.85,Good (良好)
26810.pdb,0.85,Good (良好)
613.pdb,0.85,Good (良好)
13242.pdb,0.85,Good (良好)
26040.pdb,0.85,Good (良好)
9085.pdb,0.85,Good (良好)
25517.pdb,0.85,Good (良好)
22552.pdb,0.85,Good (良好)
22054.pdb,0.85,Good (良好)
6208.pdb,0.85,Good (良好)
3708.pdb,0.85,Good (良好)
223.pdb,0.85,Good (良好)
747.pdb,0.85,Good (良好)
201.pdb,0.85,Good (良好)
20803.pdb,0.85,Good (良好)
618.pdb,0.85,Good (良好)
30293.pdb,0.85,Good (良好)
4152.pdb,0.85,Good (良好)
4167.pdb,0.85,Good (良好)
6438.pdb,0.85,Good (良好)
20951.pdb,0.85,Good (良好)
10571.pdb,0.85,Good (良好)
2168.pdb,0.85,Good (良好)
28107.pdb,0.85,Good (良好)
20160.pdb,0.85,Good (良好)
24147.pdb,0.85,Good (良好)
29615.pdb,0.85,Good (良好)
11407.pdb,0.85,Good (良好)
6970.pdb,0.85,Good (良好)
20724.pdb,0.85,Good (良好)
8720.pdb,0.85,Good (良好)
1302.pdb,0.85,Good (良好)
27995.pdb,0.85,Good (良好)
28257.pdb,0.85,Good (良好)
1814.pdb,0.85,Good (良好)
2817.pdb,0.85,Good (良好)
16533.pdb,0.85,Good (良好)
12.pdb,0.85,Good (良好)
11692.pdb,0.85,Good (良好)
754.pdb,0.85,Good (良好)
31122.pdb,0.85,Good (良好)
21369.pdb,0.85,Good (良好)
18134.pdb,0.85,Good (良好)
26752.pdb,0.85,Good (良好)
28896.pdb,0.85,Good (良好)
9781.pdb,0.85,Good (良好)
617.pdb,0.85,Good (良好)
13711.pdb,0.85,Good (良好)
8168.pdb,0.85,Good (良好)
29641.pdb,0.85,Good (良好)
27293.pdb,0.85,Good (良好)
28229.pdb,0.85,Good (良好)
1343.pdb,0.85,Good (良好)
2596.pdb,0.85,Good (良好)
30270.pdb,0.85,Good (良好)
11472.pdb,0.85,Good (良好)
2634.pdb,0.85,Good (良好)
5504.pdb,0.85,Good (良好)
4816.pdb,0.85,Good (良好)
193.pdb,0.85,Good (良好)
2215.pdb,0.85,Good (良好)
26182.pdb,0.85,Good (良好)
2212.pdb,0.85,Good (良好)
28057.pdb,0.85,Good (良好)
1450.pdb,0.85,Good (良好)
686.pdb,0.85,Good (良好)
8318.pdb,0.85,Good (良好)
16374.pdb,0.85,Good (良好)
29324.pdb,0.85,Good (良好)
2052.pdb,0.85,Good (良好)
10703.pdb,0.85,Good (良好)
29878.pdb,0.85,Good (良好)
12921.pdb,0.85,Good (良好)
21467.pdb,0.85,Good (良好)
20876.pdb,0.85,Good (良好)
18065.pdb,0.85,Good (良好)
52.pdb,0.85,Good (良好)
8319.pdb,0.85,Good (良好)
20892.pdb,0.85,Good (良好)
27316.pdb,0.85,Good (良好)
17464.pdb,0.85,Good (良好)
26466.pdb,0.85,Good (良好)
21625.pdb,0.85,Good (良好)
11953.pdb,0.85,Good (良好)
4968.pdb,0.85,Good (良好)
14362.pdb,0.85,Good (良好)
729.pdb,0.85,Good (良好)
9760.pdb,0.85,Good (良好)
25902.pdb,0.85,Good (良好)
23269.pdb,0.85,Good (良好)
9470.pdb,0.85,Good (良好)
27737.pdb,0.85,Good (良好)
10214.pdb,0.85,Good (良好)
10255.pdb,0.85,Good (良好)
1143.pdb,0.85,Good (良好)
24213.pdb,0.85,Good (良好)
22844.pdb,0.85,Good (良好)
30050.pdb,0.85,Good (良好)
1674.pdb,0.85,Good (良好)
17681.pdb,0.85,Good (良好)
790.pdb,0.85,Good (良好)
10280.pdb,0.85,Good (良好)
4607.pdb,0.85,Good (良好)
24555.pdb,0.85,Good (良好)
15974.pdb,0.85,Good (良好)
24294.pdb,0.85,Good (良好)
27302.pdb,0.85,Good (良好)
1947.pdb,0.85,Good (良好)
20008.pdb,0.85,Good (良好)
17402.pdb,0.85,Good (良好)
8887.pdb,0.85,Good (良好)
23421.pdb,0.85,Good (良好)
12768.pdb,0.85,Good (良好)
22549.pdb,0.85,Good (良好)
25228.pdb,0.85,Good (良好)
19130.pdb,0.85,Good (良好)
28299.pdb,0.85,Good (良好)
4627.pdb,0.85,Good (良好)
8099.pdb,0.85,Good (良好)
6889.pdb,0.85,Good (良好)
8465.pdb,0.85,Good (良好)
10406.pdb,0.85,Good (良好)
17465.pdb,0.85,Good (良好)
28199.pdb,0.85,Good (良好)
22458.pdb,0.85,Good (良好)
29220.pdb,0.85,Good (良好)
22646.pdb,0.85,Good (良好)
5873.pdb,0.85,Good (良好)
8581.pdb,0.85,Good (良好)
6898.pdb,0.85,Good (良好)
7968.pdb,0.85,Good (良好)
25162.pdb,0.85,Good (良好)
25423.pdb,0.85,Good (良好)
910.pdb,0.85,Good (良好)
1221.pdb,0.85,Good (良好)
19093.pdb,0.85,Good (良好)
1796.pdb,0.85,Good (良好)
9745.pdb,0.85,Good (良好)
14083.pdb,0.85,Good (良好)
13576.pdb,0.85,Good (良好)
7196.pdb,0.85,Good (良好)
17744.pdb,0.85,Good (良好)
30330.pdb,0.85,Good (良好)
8941.pdb,0.85,Good (良好)
10502.pdb,0.85,Good (良好)
11563.pdb,0.85,Good (良好)
6125.pdb,0.85,Good (良好)
24649.pdb,0.85,Good (良好)
10024.pdb,0.85,Good (良好)
2406.pdb,0.85,Good (良好)
12285.pdb,0.85,Good (良好)
15271.pdb,0.85,Good (良好)
2983.pdb,0.84,Good (良好)
29934.pdb,0.84,Good (良好)
21033.pdb,0.84,Good (良好)
30962.pdb,0.84,Good (良好)
2500.pdb,0.84,Good (良好)
818.pdb,0.84,Good (良好)
11578.pdb,0.84,Good (良好)
29159.pdb,0.84,Good (良好)
12839.pdb,0.84,Good (良好)
3412.pdb,0.84,Good (良好)
16312.pdb,0.84,Good (良好)
24199.pdb,0.84,Good (良好)
1131.pdb,0.84,Good (良好)
4105.pdb,0.84,Good (良好)
30344.pdb,0.84,Good (良好)
13939.pdb,0.84,Good (良好)
20737.pdb,0.84,Good (良好)
1509.pdb,0.84,Good (良好)
29858.pdb,0.84,Good (良好)
23258.pdb,0.84,Good (良好)
787.pdb,0.84,Good (良好)
26073.pdb,0.84,Good (良好)
29549.pdb,0.84,Good (良好)
23248.pdb,0.84,Good (良好)
10971.pdb,0.84,Good (良好)
944.pdb,0.84,Good (良好)
2964.pdb,0.84,Good (良好)
21902.pdb,0.84,Good (良好)
1568.pdb,0.84,Good (良好)
1224.pdb,0.84,Good (良好)
23005.pdb,0.84,Good (良好)
21477.pdb,0.84,Good (良好)
17371.pdb,0.84,Good (良好)
1.pdb,0.84,Good (良好)
4287.pdb,0.84,Good (良好)
12481.pdb,0.84,Good (良好)
15303.pdb,0.84,Good (良好)
28761.pdb,0.84,Good (良好)
8664.pdb,0.84,Good (良好)
20150.pdb,0.84,Good (良好)
9508.pdb,0.84,Good (良好)
17461.pdb,0.84,Good (良好)
8961.pdb,0.84,Good (良好)
879.pdb,0.84,Good (良好)
284.pdb,0.84,Good (良好)
13133.pdb,0.84,Good (良好)
23598.pdb,0.84,Good (良好)
2522.pdb,0.84,Good (良好)
16116.pdb,0.84,Good (良好)
7227.pdb,0.84,Good (良好)
6545.pdb,0.84,Good (良好)
4864.pdb,0.84,Good (良好)
15502.pdb,0.84,Good (良好)
22548.pdb,0.84,Good (良好)
10190.pdb,0.84,Good (良好)
15404.pdb,0.84,Good (良好)
11832.pdb,0.84,Good (良好)
3316.pdb,0.84,Good (良好)
31036.pdb,0.84,Good (良好)
15208.pdb,0.84,Good (良好)
7976.pdb,0.84,Good (良好)
27756.pdb,0.84,Good (良好)
15627.pdb,0.84,Good (良好)
10785.pdb,0.84,Good (良好)
14375.pdb,0.84,Good (良好)
14365.pdb,0.84,Good (良好)
30368.pdb,0.84,Good (良好)
6135.pdb,0.84,Good (良好)
23342.pdb,0.84,Good (良好)
2802.pdb,0.84,Good (良好)
11814.pdb,0.84,Good (良好)
30209.pdb,0.84,Good (良好)
23334.pdb,0.84,Good (良好)
2368.pdb,0.84,Good (良好)
6288.pdb,0.84,Good (良好)
26597.pdb,0.84,Good (良好)
29794.pdb,0.84,Good (良好)
30839.pdb,0.84,Good (良好)
301.pdb,0.84,Good (良好)
21305.pdb,0.84,Good (良好)
1722.pdb,0.84,Good (良好)
3204.pdb,0.84,Good (良好)
1986.pdb,0.84,Good (良好)
29894.pdb,0.84,Good (良好)
2113.pdb,0.84,Good (良好)
29586.pdb,0.84,Good (良好)
19400.pdb,0.84,Good (良好)
11938.pdb,0.84,Good (良好)
29468.pdb,0.84,Good (良好)
8538.pdb,0.84,Good (良好)
10395.pdb,0.84,Good (良好)
1764.pdb,0.84,Good (良好)
9490.pdb,0.84,Good (良好)
15399.pdb,0.84,Good (良好)
31096.pdb,0.84,Good (良好)
25227.pdb,0.84,Good (良好)
9694.pdb,0.84,Good (良好)
7127.pdb,0.84,Good (良好)
12587.pdb,0.84,Good (良好)
15671.pdb,0.84,Good (良好)
898.pdb,0.84,Good (良好)
28595.pdb,0.84,Good (良好)
7565.pdb,0.84,Good (良好)
8943.pdb,0.84,Good (良好)
2728.pdb,0.84,Good (良好)
2038.pdb,0.84,Good (良好)
29716.pdb,0.84,Good (良好)
10699.pdb,0.84,Good (良好)
1469.pdb,0.84,Good (良好)
26583.pdb,0.84,Good (良好)
20255.pdb,0.84,Good (良好)
19425.pdb,0.84,Good (良好)
20433.pdb,0.84,Good (良好)
10146.pdb,0.84,Good (良好)
24761.pdb,0.84,Good (良好)
29228.pdb,0.84,Good (良好)
1575.pdb,0.84,Good (良好)
19285.pdb,0.84,Good (良好)
14529.pdb,0.84,Good (良好)
21259.pdb,0.84,Good (良好)
20007.pdb,0.84,Good (良好)
15933.pdb,0.84,Good (良好)
5115.pdb,0.84,Good (良好)
9518.pdb,0.84,Good (良好)
599.pdb,0.84,Good (良好)
10028.pdb,0.84,Good (良好)
3222.pdb,0.84,Good (良好)
30756.pdb,0.84,Good (良好)
8292.pdb,0.84,Good (良好)
2386.pdb,0.84,Good (良好)
1929.pdb,0.84,Good (良好)
30096.pdb,0.84,Good (良好)
25063.pdb,0.84,Good (良好)
11860.pdb,0.84,Good (良好)
112.pdb,0.84,Good (良好)
497.pdb,0.84,Good (良好)
19740.pdb,0.84,Good (良好)
4515.pdb,0.84,Good (良好)
5572.pdb,0.84,Good (良好)
8969.pdb,0.84,Good (良好)
4668.pdb,0.84,Good (良好)
27259.pdb,0.84,Good (良好)
29311.pdb,0.84,Good (良好)
30908.pdb,0.84,Good (良好)
2934.pdb,0.84,Good (良好)
8549.pdb,0.84,Good (良好)
29297.pdb,0.84,Good (良好)
29698.pdb,0.84,Good (良好)
7909.pdb,0.84,Good (良好)
30661.pdb,0.84,Good (良好)
20363.pdb,0.84,Good (良好)
6596.pdb,0.84,Good (良好)
8763.pdb,0.84,Good (良好)
7071.pdb,0.84,Good (良好)
13212.pdb,0.84,Good (良好)
3408.pdb,0.84,Good (良好)
29569.pdb,0.84,Good (良好)
31011.pdb,0.84,Good (良好)
18264.pdb,0.84,Good (良好)
3618.pdb,0.84,Good (良好)
9574.pdb,0.84,Good (良好)
18179.pdb,0.84,Good (良好)
8447.pdb,0.84,Good (良好)
23017.pdb,0.84,Good (良好)
30153.pdb,0.84,Good (良好)
24861.pdb,0.84,Good (良好)
2737.pdb,0.84,Good (良好)
6557.pdb,0.84,Good (良好)
165.pdb,0.84,Good (良好)
11199.pdb,0.84,Good (良好)
11341.pdb,0.84,Good (良好)
29127.pdb,0.84,Good (良好)
807.pdb,0.84,Good (良好)
5483.pdb,0.84,Good (良好)
21150.pdb,0.84,Good (良好)
13252.pdb,0.84,Good (良好)
26138.pdb,0.84,Good (良好)
9342.pdb,0.84,Good (良好)
17463.pdb,0.84,Good (良好)
17413.pdb,0.84,Good (良好)
8386.pdb,0.84,Good (良好)
1729.pdb,0.84,Good (良好)
10482.pdb,0.84,Good (良好)
6107.pdb,0.84,Good (良好)
293.pdb,0.84,Good (良好)
2801.pdb,0.84,Good (良好)
3396.pdb,0.84,Good (良好)
26512.pdb,0.84,Good (良好)
13623.pdb,0.84,Good (良好)
7120.pdb,0.84,Good (良好)
30604.pdb,0.84,Good (良好)
728.pdb,0.84,Good (良好)
733.pdb,0.84,Good (良好)
29666.pdb,0.84,Good (良好)
30585.pdb,0.84,Good (良好)
379.pdb,0.84,Good (良好)
8426.pdb,0.84,Good (良好)
18256.pdb,0.84,Good (良好)
20840.pdb,0.84,Good (良好)
454.pdb,0.84,Good (良好)
7918.pdb,0.84,Good (良好)
26106.pdb,0.84,Good (良好)
23007.pdb,0.84,Good (良好)
31288.pdb,0.84,Good (良好)
15145.pdb,0.84,Good (良好)
10633.pdb,0.84,Good (良好)
3439.pdb,0.84,Good (良好)
4202.pdb,0.84,Good (良好)
16250.pdb,0.84,Good (良好)
30555.pdb,0.84,Good (良好)
3533.pdb,0.84,Good (良好)
7258.pdb,0.84,Good (良好)
27037.pdb,0.84,Good (良好)
2157.pdb,0.84,Good (良好)
21979.pdb,0.84,Good (良好)
12413.pdb,0.84,Good (良好)
1718.pdb,0.84,Good (良好)
11801.pdb,0.84,Good (良好)
25710.pdb,0.83,Good (良好)
28580.pdb,0.83,Good (良好)
9790.pdb,0.83,Good (良好)
9810.pdb,0.83,Good (良好)
3274.pdb,0.83,Good (良好)
11725.pdb,0.83,Good (良好)
25364.pdb,0.83,Good (良好)
17773.pdb,0.83,Good (良好)
51.pdb,0.83,Good (良好)
9609.pdb,0.83,Good (良好)
4003.pdb,0.83,Good (良好)
29905.pdb,0.83,Good (良好)
13591.pdb,0.83,Good (良好)
20644.pdb,0.83,Good (良好)
19747.pdb,0.83,Good (良好)
23803.pdb,0.83,Good (良好)
27124.pdb,0.83,Good (良好)
15023.pdb,0.83,Good (良好)
17452.pdb,0.83,Good (良好)
21966.pdb,0.83,Good (良好)
7595.pdb,0.83,Good (良好)
11902.pdb,0.83,Good (良好)
20316.pdb,0.83,Good (良好)
15683.pdb,0.83,Good (良好)
20851.pdb,0.83,Good (良好)
4557.pdb,0.83,Good (良好)
2178.pdb,0.83,Good (良好)
29825.pdb,0.83,Good (良好)
20454.pdb,0.83,Good (良好)
2688.pdb,0.83,Good (良好)
31387.pdb,0.83,Good (良好)
20910.pdb,0.83,Good (良好)
27396.pdb,0.83,Good (良好)
7559.pdb,0.83,Good (良好)
1283.pdb,0.83,Good (良好)
16341.pdb,0.83,Good (良好)
25805.pdb,0.83,Good (良好)
8779.pdb,0.83,Good (良好)
21336.pdb,0.83,Good (良好)
22948.pdb,0.83,Good (良好)
1144.pdb,0.83,Good (良好)
7306.pdb,0.83,Good (良好)
26490.pdb,0.83,Good (良好)
1405.pdb,0.83,Good (良好)
29790.pdb,0.83,Good (良好)
30768.pdb,0.83,Good (良好)
1845.pdb,0.83,Good (良好)
30632.pdb,0.83,Good (良好)
19785.pdb,0.83,Good (良好)
4362.pdb,0.83,Good (良好)
25389.pdb,0.83,Good (良好)
14862.pdb,0.83,Good (良好)
13677.pdb,0.83,Good (良好)
30.pdb,0.83,Good (良好)
11330.pdb,0.83,Good (良好)
28465.pdb,0.83,Good (良好)
1233.pdb,0.83,Good (良好)
861.pdb,0.83,Good (良好)
22788.pdb,0.83,Good (良好)
2795.pdb,0.83,Good (良好)
26284.pdb,0.83,Good (良好)
642.pdb,0.83,Good (良好)
5319.pdb,0.83,Good (良好)
8444.pdb,0.83,Good (良好)
1420.pdb,0.83,Good (良好)
21838.pdb,0.83,Good (良好)
4621.pdb,0.83,Good (良好)
372.pdb,0.83,Good (良好)
27642.pdb,0.83,Good (良好)
6473.pdb,0.83,Good (良好)
2433.pdb,0.83,Good (良好)
8810.pdb,0.83,Good (良好)
90.pdb,0.83,Good (良好)
20403.pdb,0.83,Good (良好)
7821.pdb,0.83,Good (良好)
9357.pdb,0.83,Good (良好)
28721.pdb,0.83,Good (良好)
30694.pdb,0.83,Good (良好)
27615.pdb,0.83,Good (良好)
11694.pdb,0.83,Good (良好)
30213.pdb,0.83,Good (良好)
3955.pdb,0.83,Good (良好)
8900.pdb,0.83,Good (良好)
2863.pdb,0.83,Good (良好)
28974.pdb,0.83,Good (良好)
515.pdb,0.83,Good (良好)
21398.pdb,0.83,Good (良好)
15641.pdb,0.83,Good (良好)
3733.pdb,0.83,Good (良好)
31043.pdb,0.83,Good (良好)
6197.pdb,0.83,Good (良好)
4247.pdb,0.83,Good (良好)
29762.pdb,0.83,Good (良好)
1206.pdb,0.83,Good (良好)
29209.pdb,0.83,Good (良好)
7992.pdb,0.83,Good (良好)
26701.pdb,0.83,Good (良好)
8667.pdb,0.83,Good (良好)
31220.pdb,0.83,Good (良好)
30189.pdb,0.83,Good (良好)
4358.pdb,0.83,Good (良好)
30791.pdb,0.83,Good (良好)
9478.pdb,0.83,Good (良好)
1425.pdb,0.83,Good (良好)
29796.pdb,0.83,Good (良好)
1767.pdb,0.83,Good (良好)
28145.pdb,0.83,Good (良好)
30314.pdb,0.83,Good (良好)
2107.pdb,0.83,Good (良好)
30291.pdb,0.83,Good (良好)
20683.pdb,0.83,Good (良好)
10101.pdb,0.83,Good (良好)
3265.pdb,0.83,Good (良好)
393.pdb,0.83,Good (良好)
1817.pdb,0.83,Good (良好)
26818.pdb,0.83,Good (良好)
20547.pdb,0.83,Good (良好)
29382.pdb,0.83,Good (良好)
12483.pdb,0.83,Good (良好)
27425.pdb,0.83,Good (良好)
409.pdb,0.83,Good (良好)
28255.pdb,0.83,Good (良好)
8487.pdb,0.83,Good (良好)
6617.pdb,0.83,Good (良好)
7945.pdb,0.83,Good (良好)
12128.pdb,0.83,Good (良好)
25341.pdb,0.83,Good (良好)
1274.pdb,0.83,Good (良好)
21019.pdb,0.83,Good (良好)
28495.pdb,0.83,Good (良好)
29098.pdb,0.83,Good (良好)
1968.pdb,0.83,Good (良好)
2848.pdb,0.83,Good (良好)
22584.pdb,0.83,Good (良好)
2997.pdb,0.83,Good (良好)
29751.pdb,0.83,Good (良好)
2702.pdb,0.83,Good (良好)
11776.pdb,0.83,Good (良好)
12404.pdb,0.83,Good (良好)
11429.pdb,0.83,Good (良好)
8916.pdb,0.83,Good (良好)
30378.pdb,0.83,Good (良好)
12493.pdb,0.83,Good (良好)
19084.pdb,0.83,Good (良好)
1453.pdb,0.83,Good (良好)
3405.pdb,0.83,Good (良好)
24693.pdb,0.83,Good (良好)
582.pdb,0.83,Good (良好)
30736.pdb,0.83,Good (良好)
6189.pdb,0.83,Good (良好)
26722.pdb,0.83,Good (良好)
2526.pdb,0.83,Good (良好)
26765.pdb,0.83,Good (良好)
10873.pdb,0.83,Good (良好)
15477.pdb,0.83,Good (良好)
11293.pdb,0.83,Good (良好)
17739.pdb,0.83,Good (良好)
2450.pdb,0.83,Good (良好)
5370.pdb,0.83,Good (良好)
16017.pdb,0.83,Good (良好)
25815.pdb,0.83,Good (良好)
29636.pdb,0.83,Good (良好)
26445.pdb,0.83,Good (良好)
25285.pdb,0.83,Good (良好)
22461.pdb,0.83,Good (良好)
10858.pdb,0.83,Good (良好)
7146.pdb,0.83,Good (良好)
7111.pdb,0.83,Good (良好)
27663.pdb,0.83,Good (良好)
4975.pdb,0.83,Good (良好)
6895.pdb,0.83,Good (良好)
29781.pdb,0.83,Good (良好)
9455.pdb,0.83,Good (良好)
31090.pdb,0.83,Good (良好)
11336.pdb,0.83,Good (良好)
31170.pdb,0.83,Good (良好)
4990.pdb,0.83,Good (良好)
1165.pdb,0.83,Good (良好)
13718.pdb,0.83,Good (良好)
23804.pdb,0.83,Good (良好)
15939.pdb,0.83,Good (良好)
11831.pdb,0.83,Good (良好)
3426.pdb,0.83,Good (良好)
30552.pdb,0.83,Good (良好)
30187.pdb,0.83,Good (良好)
29775.pdb,0.83,Good (良好)
24064.pdb,0.83,Good (良好)
25721.pdb,0.83,Good (良好)
12535.pdb,0.83,Good (良好)
6565.pdb,0.83,Good (良好)
25770.pdb,0.83,Good (良好)
6791.pdb,0.83,Good (良好)
897.pdb,0.83,Good (良好)
21525.pdb,0.83,Good (良好)
12011.pdb,0.83,Good (良好)
31207.pdb,0.83,Good (良好)
22324.pdb,0.83,Good (良好)
26713.pdb,0.83,Good (良好)
30655.pdb,0.83,Good (良好)
3629.pdb,0.83,Good (良好)
3961.pdb,0.83,Good (良好)
6358.pdb,0.83,Good (良好)
22015.pdb,0.83,Good (良好)
19055.pdb,0.83,Good (良好)
1470.pdb,0.83,Good (良好)
2940.pdb,0.83,Good (良好)
4507.pdb,0.83,Good (良好)
7080.pdb,0.83,Good (良好)
31282.pdb,0.83,Good (良好)
5534.pdb,0.83,Good (良好)
24054.pdb,0.83,Good (良好)
2681.pdb,0.83,Good (良好)
1267.pdb,0.83,Good (良好)
30168.pdb,0.83,Good (良好)
3524.pdb,0.83,Good (良好)
17738.pdb,0.83,Good (良好)
29780.pdb,0.82,Good (良好)
28097.pdb,0.82,Good (良好)
12788.pdb,0.82,Good (良好)
8801.pdb,0.82,Good (良好)
4127.pdb,0.82,Good (良好)
1208.pdb,0.82,Good (良好)
11582.pdb,0.82,Good (良好)
238.pdb,0.82,Good (良好)
15401.pdb,0.82,Good (良好)
8191.pdb,0.82,Good (良好)
30237.pdb,0.82,Good (良好)
20458.pdb,0.82,Good (良好)
31053.pdb,0.82,Good (良好)
29864.pdb,0.82,Good (良好)
1800.pdb,0.82,Good (良好)
21773.pdb,0.82,Good (良好)
20036.pdb,0.82,Good (良好)
30771.pdb,0.82,Good (良好)
11809.pdb,0.82,Good (良好)
7698.pdb,0.82,Good (良好)
1788.pdb,0.82,Good (良好)
1580.pdb,0.82,Good (良好)
29874.pdb,0.82,Good (良好)
8141.pdb,0.82,Good (良好)
6456.pdb,0.82,Good (良好)
19176.pdb,0.82,Good (良好)
1923.pdb,0.82,Good (良好)
15139.pdb,0.82,Good (良好)
23840.pdb,0.82,Good (良好)
7491.pdb,0.82,Good (良好)
21571.pdb,0.82,Good (良好)
21980.pdb,0.82,Good (良好)
22980.pdb,0.82,Good (良好)
9670.pdb,0.82,Good (良好)
6144.pdb,0.82,Good (良好)
30144.pdb,0.82,Good (良好)
26070.pdb,0.82,Good (良好)
6615.pdb,0.82,Good (良好)
12596.pdb,0.82,Good (良好)
27329.pdb,0.82,Good (良好)
14462.pdb,0.82,Good (良好)
10131.pdb,0.82,Good (良好)
967.pdb,0.82,Good (良好)
22210.pdb,0.82,Good (良好)
21473.pdb,0.82,Good (良好)
22749.pdb,0.82,Good (良好)
641.pdb,0.82,Good (良好)
6739.pdb,0.82,Good (良好)
30398.pdb,0.82,Good (良好)
20476.pdb,0.82,Good (良好)
30030.pdb,0.82,Good (良好)
423.pdb,0.82,Good (良好)
885.pdb,0.82,Good (良好)
25823.pdb,0.82,Good (良好)
23983.pdb,0.82,Good (良好)
19719.pdb,0.82,Good (良好)
6049.pdb,0.82,Good (良好)
20174.pdb,0.82,Good (良好)
6811.pdb,0.82,Good (良好)
19805.pdb,0.82,Good (良好)
30183.pdb,0.82,Good (良好)
1943.pdb,0.82,Good (良好)
24685.pdb,0.82,Good (良好)
28414.pdb,0.82,Good (良好)
29146.pdb,0.82,Good (良好)
20353.pdb,0.82,Good (良好)
28213.pdb,0.82,Good (良好)
4803.pdb,0.82,Good (良好)
250.pdb,0.82,Good (良好)
14949.pdb,0.82,Good (良好)
6632.pdb,0.82,Good (良好)
20147.pdb,0.82,Good (良好)
209.pdb,0.82,Good (良好)
9684.pdb,0.82,Good (良好)
31338.pdb,0.82,Good (良好)
11139.pdb,0.82,Good (良好)
4521.pdb,0.82,Good (良好)
27169.pdb,0.82,Good (良好)
6141.pdb,0.82,Good (良好)
19441.pdb,0.82,Good (良好)
97.pdb,0.82,Good (良好)
21006.pdb,0.82,Good (良好)
18012.pdb,0.82,Good (良好)
1781.pdb,0.82,Good (良好)
7611.pdb,0.82,Good (良好)
241.pdb,0.82,Good (良好)
1336.pdb,0.82,Good (良好)
1930.pdb,0.82,Good (良好)
11580.pdb,0.82,Good (良好)
12563.pdb,0.82,Good (良好)
29548.pdb,0.82,Good (良好)
25173.pdb,0.82,Good (良好)
1412.pdb,0.82,Good (良好)
10305.pdb,0.82,Good (良好)
20296.pdb,0.82,Good (良好)
27355.pdb,0.82,Good (良好)
21043.pdb,0.82,Good (良好)
9533.pdb,0.82,Good (良好)
1748.pdb,0.82,Good (良好)
6335.pdb,0.82,Good (良好)
19871.pdb,0.82,Good (良好)
12764.pdb,0.82,Good (良好)
30853.pdb,0.82,Good (良好)
30909.pdb,0.82,Good (良好)
9004.pdb,0.82,Good (良好)
7875.pdb,0.82,Good (良好)
13730.pdb,0.82,Good (良好)
8603.pdb,0.82,Good (良好)
11298.pdb,0.82,Good (良好)
8866.pdb,0.82,Good (良好)
5995.pdb,0.82,Good (良好)
30508.pdb,0.82,Good (良好)
635.pdb,0.82,Good (良好)
21995.pdb,0.82,Good (良好)
29142.pdb,0.82,Good (良好)
12531.pdb,0.82,Good (良好)
9488.pdb,0.82,Good (良好)
26891.pdb,0.82,Good (良好)
8374.pdb,0.82,Good (良好)
664.pdb,0.82,Good (良好)
23221.pdb,0.82,Good (良好)
23291.pdb,0.82,Good (良好)
29316.pdb,0.82,Good (良好)
20656.pdb,0.82,Good (良好)
13652.pdb,0.82,Good (良好)
14017.pdb,0.82,Good (良好)
23753.pdb,0.82,Good (良好)
750.pdb,0.82,Good (良好)
8169.pdb,0.82,Good (良好)
7036.pdb,0.82,Good (良好)
9505.pdb,0.82,Good (良好)
22503.pdb,0.82,Good (良好)
30313.pdb,0.82,Good (良好)
5709.pdb,0.82,Good (良好)
30774.pdb,0.82,Good (良好)
10498.pdb,0.82,Good (良好)
30695.pdb,0.82,Good (良好)
8802.pdb,0.82,Good (良好)
3163.pdb,0.82,Good (良好)
2915.pdb,0.82,Good (良好)
489.pdb,0.82,Good (良好)
30826.pdb,0.82,Good (良好)
2373.pdb,0.82,Good (良好)
28550.pdb,0.82,Good (良好)
25061.pdb,0.82,Good (良好)
12252.pdb,0.82,Good (良好)
17710.pdb,0.82,Good (良好)
3938.pdb,0.82,Good (良好)
31372.pdb,0.82,Good (良好)
42.pdb,0.82,Good (良好)
8636.pdb,0.82,Good (良好)
12303.pdb,0.82,Good (良好)
22846.pdb,0.82,Good (良好)
9499.pdb,0.82,Good (良好)
1842.pdb,0.82,Good (良好)
4147.pdb,0.82,Good (良好)
24291.pdb,0.82,Good (良好)
20402.pdb,0.82,Good (良好)
2137.pdb,0.82,Good (良好)
11921.pdb,0.82,Good (良好)
3841.pdb,0.82,Good (良好)
14342.pdb,0.82,Good (良好)
23908.pdb,0.82,Good (良好)
12877.pdb,0.82,Good (良好)
19840.pdb,0.82,Good (良好)
20478.pdb,0.82,Good (良好)
16032.pdb,0.82,Good (良好)
18208.pdb,0.82,Good (良好)
11271.pdb,0.82,Good (良好)
2974.pdb,0.82,Good (良好)
2917.pdb,0.82,Good (良好)
30194.pdb,0.82,Good (良好)
10314.pdb,0.82,Good (良好)
14021.pdb,0.82,Good (良好)
14263.pdb,0.82,Good (良好)
3989.pdb,0.82,Good (良好)
5117.pdb,0.82,Good (良好)
8490.pdb,0.82,Good (良好)
29913.pdb,0.82,Good (良好)
8458.pdb,0.82,Good (良好)
5932.pdb,0.82,Good (良好)
7260.pdb,0.82,Good (良好)
20417.pdb,0.82,Good (良好)
8882.pdb,0.82,Good (良好)
736.pdb,0.82,Good (良好)
3400.pdb,0.82,Good (良好)
7247.pdb,0.82,Good (良好)
11510.pdb,0.82,Good (良好)
651.pdb,0.82,Good (良好)
29764.pdb,0.82,Good (良好)
1231.pdb,0.82,Good (良好)
20014.pdb,0.82,Good (良好)
3940.pdb,0.82,Good (良好)
10842.pdb,0.82,Good (良好)
15572.pdb,0.82,Good (良好)
30295.pdb,0.82,Good (良好)
28208.pdb,0.82,Good (良好)
2455.pdb,0.82,Good (良好)
9329.pdb,0.82,Good (良好)
14392.pdb,0.81,Good (良好)
15938.pdb,0.81,Good (良好)
8423.pdb,0.81,Good (良好)
24297.pdb,0.81,Good (良好)
12199.pdb,0.81,Good (良好)
5955.pdb,0.81,Good (良好)
3505.pdb,0.81,Good (良好)
24977.pdb,0.81,Good (良好)
21461.pdb,0.81,Good (良好)
19361.pdb,0.81,Good (良好)
11311.pdb,0.81,Good (良好)
31006.pdb,0.81,Good (良好)
7780.pdb,0.81,Good (良好)
16156.pdb,0.81,Good (良好)
7625.pdb,0.81,Good (良好)
30219.pdb,0.81,Good (良好)
30570.pdb,0.81,Good (良好)
12942.pdb,0.81,Good (良好)
28422.pdb,0.81,Good (良好)
17455.pdb,0.81,Good (良好)
3080.pdb,0.81,Good (良好)
19819.pdb,0.81,Good (良好)
29704.pdb,0.81,Good (良好)
92.pdb,0.81,Good (良好)
8471.pdb,0.81,Good (良好)
7382.pdb,0.81,Good (良好)
14545.pdb,0.81,Good (良好)
30531.pdb,0.81,Good (良好)
2839.pdb,0.81,Good (良好)
24205.pdb,0.81,Good (良好)
26041.pdb,0.81,Good (良好)
17745.pdb,0.81,Good (良好)
3725.pdb,0.81,Good (良好)
10253.pdb,0.81,Good (良好)
23564.pdb,0.81,Good (良好)
14028.pdb,0.81,Good (良好)
29994.pdb,0.81,Good (良好)
12926.pdb,0.81,Good (良好)
29887.pdb,0.81,Good (良好)
30726.pdb,0.81,Good (良好)
8585.pdb,0.81,Good (良好)
28007.pdb,0.81,Good (良好)
10242.pdb,0.81,Good (良好)
3263.pdb,0.81,Good (良好)
761.pdb,0.81,Good (良好)
8221.pdb,0.81,Good (良好)
9740.pdb,0.81,Good (良好)
7166.pdb,0.81,Good (良好)
15668.pdb,0.81,Good (良好)
15403.pdb,0.81,Good (良好)
9028.pdb,0.81,Good (良好)
27430.pdb,0.81,Good (良好)
2177.pdb,0.81,Good (良好)
15183.pdb,0.81,Good (良好)
15009.pdb,0.81,Good (良好)
20623.pdb,0.81,Good (良好)
4882.pdb,0.81,Good (良好)
29839.pdb,0.81,Good (良好)
30158.pdb,0.81,Good (良好)
11764.pdb,0.81,Good (良好)
27713.pdb,0.81,Good (良好)
5698.pdb,0.81,Good (良好)
31242.pdb,0.81,Good (良好)
11872.pdb,0.81,Good (良好)
390.pdb,0.81,Good (良好)
9699.pdb,0.81,Good (良好)
286.pdb,0.81,Good (良好)
21596.pdb,0.81,Good (良好)
23787.pdb,0.81,Good (良好)
22623.pdb,0.81,Good (良好)
2633.pdb,0.81,Good (良好)
6634.pdb,0.81,Good (良好)
12250.pdb,0.81,Good (良好)
29204.pdb,0.81,Good (良好)
2790.pdb,0.81,Good (良好)
8308.pdb,0.81,Good (良好)
710.pdb,0.81,Good (良好)
26743.pdb,0.81,Good (良好)
28037.pdb,0.81,Good (良好)
21614.pdb,0.81,Good (良好)
20981.pdb,0.81,Good (良好)
28088.pdb,0.81,Good (良好)
2169.pdb,0.81,Good (良好)
27491.pdb,0.81,Good (良好)
20639.pdb,0.81,Good (良好)
24063.pdb,0.81,Good (良好)
1247.pdb,0.81,Good (良好)
10227.pdb,0.81,Good (良好)
29559.pdb,0.81,Good (良好)
12542.pdb,0.81,Good (良好)
3437.pdb,0.81,Good (良好)
12467.pdb,0.81,Good (良好)
24979.pdb,0.81,Good (良好)
7285.pdb,0.81,Good (良好)
25265.pdb,0.81,Good (良好)
2931.pdb,0.81,Good (良好)
11159.pdb,0.81,Good (良好)
8912.pdb,0.81,Good (良好)
418.pdb,0.81,Good (良好)
23660.pdb,0.81,Good (良好)
12815.pdb,0.81,Good (良好)
12490.pdb,0.81,Good (良好)
6884.pdb,0.81,Good (良好)
30949.pdb,0.81,Good (良好)
12939.pdb,0.81,Good (良好)
20083.pdb,0.81,Good (良好)
455.pdb,0.81,Good (良好)
15976.pdb,0.81,Good (良好)
13922.pdb,0.81,Good (良好)
18238.pdb,0.81,Good (良好)
9387.pdb,0.81,Good (良好)
833.pdb,0.81,Good (良好)
2320.pdb,0.81,Good (良好)
21839.pdb,0.81,Good (良好)
1380.pdb,0.81,Good (良好)
15504.pdb,0.81,Good (良好)
2109.pdb,0.81,Good (良好)
15155.pdb,0.81,Good (良好)
23697.pdb,0.81,Good (良好)
9306.pdb,0.81,Good (良好)
26066.pdb,0.81,Good (良好)
8472.pdb,0.81,Good (良好)
23998.pdb,0.81,Good (良好)
8957.pdb,0.81,Good (良好)
11905.pdb,0.81,Good (良好)
30423.pdb,0.81,Good (良好)
18291.pdb,0.81,Good (良好)
1525.pdb,0.81,Good (良好)
10916.pdb,0.81,Good (良好)
27521.pdb,0.81,Good (良好)
15522.pdb,0.81,Good (良好)
29478.pdb,0.81,Good (良好)
17908.pdb,0.81,Good (良好)
19858.pdb,0.81,Good (良好)
25492.pdb,0.81,Good (良好)
28687.pdb,0.81,Good (良好)
2674.pdb,0.81,Good (良好)
8982.pdb,0.81,Good (良好)
3467.pdb,0.81,Good (良好)
12283.pdb,0.81,Good (良好)
11277.pdb,0.81,Good (良好)
3418.pdb,0.81,Good (良好)
11826.pdb,0.81,Good (良好)
11147.pdb,0.81,Good (良好)
2845.pdb,0.81,Good (良好)
9390.pdb,0.81,Good (良好)
13689.pdb,0.81,Good (良好)
14597.pdb,0.81,Good (良好)
3198.pdb,0.81,Good (良好)
30858.pdb,0.81,Good (良好)
2184.pdb,0.81,Good (良好)
1616.pdb,0.81,Good (良好)
3934.pdb,0.8,Good (良好)
30125.pdb,0.8,Good (良好)
1809.pdb,0.8,Good (良好)
3793.pdb,0.8,Good (良好)
19080.pdb,0.8,Good (良好)
23962.pdb,0.8,Good (良好)
6963.pdb,0.8,Good (良好)
4457.pdb,0.8,Good (良好)
2903.pdb,0.8,Good (良好)
6388.pdb,0.8,Good (良好)
334.pdb,0.8,Good (良好)
6865.pdb,0.8,Good (良好)
1551.pdb,0.8,Good (良好)
9544.pdb,0.8,Good (良好)
2583.pdb,0.8,Good (良好)
7903.pdb,0.8,Good (良好)
27114.pdb,0.8,Good (良好)
10875.pdb,0.8,Good (良好)
8555.pdb,0.8,Good (良好)
23236.pdb,0.8,Good (良好)
4163.pdb,0.8,Good (良好)
24987.pdb,0.8,Good (良好)
965.pdb,0.8,Good (良好)
1586.pdb,0.8,Good (良好)
28196.pdb,0.8,Good (良好)
21750.pdb,0.8,Good (良好)
546.pdb,0.8,Good (良好)
3038.pdb,0.8,Good (良好)
567.pdb,0.8,Good (良好)
24726.pdb,0.8,Good (良好)
17434.pdb,0.8,Good (良好)
1728.pdb,0.8,Good (良好)
1936.pdb,0.8,Good (良好)
27498.pdb,0.8,Good (良好)
24819.pdb,0.8,Good (良好)
7916.pdb,0.8,Good (良好)
11205.pdb,0.8,Good (良好)
566.pdb,0.8,Good (良好)
29134.pdb,0.8,Good (良好)
4795.pdb,0.8,Good (良好)
23049.pdb,0.8,Good (良好)
10126.pdb,0.8,Good (良好)
1603.pdb,0.8,Good (良好)
5693.pdb,0.8,Good (良好)
1368.pdb,0.8,Good (良好)
18227.pdb,0.8,Good (良好)
8650.pdb,0.8,Good (良好)
480.pdb,0.8,Good (良好)
12498.pdb,0.8,Good (良好)
29621.pdb,0.8,Good (良好)
26239.pdb,0.8,Good (良好)
10953.pdb,0.8,Good (良好)
13248.pdb,0.8,Good (良好)
25561.pdb,0.8,Good (良好)
26074.pdb,0.8,Good (良好)
29840.pdb,0.8,Good (良好)
300.pdb,0.8,Good (良好)
30399.pdb,0.8,Good (良好)
23721.pdb,0.8,Good (良好)
4671.pdb,0.8,Good (良好)
2165.pdb,0.8,Good (良好)
3775.pdb,0.8,Good (良好)
29275.pdb,0.8,Good (良好)
27431.pdb,0.8,Good (良好)
8809.pdb,0.8,Good (良好)
1504.pdb,0.8,Good (良好)
21916.pdb,0.8,Good (良好)
2730.pdb,0.8,Good (良好)
30367.pdb,0.8,Good (良好)
31370.pdb,0.8,Good (良好)
881.pdb,0.8,Good (良好)
6539.pdb,0.8,Good (良好)
4533.pdb,0.8,Good (良好)
23903.pdb,0.8,Good (良好)
4898.pdb,0.8,Good (良好)
7897.pdb,0.8,Good (良好)
6792.pdb,0.8,Good (良好)
23058.pdb,0.8,Good (良好)
7430.pdb,0.8,Good (良好)
8306.pdb,0.8,Good (良好)
8456.pdb,0.8,Good (良好)
2887.pdb,0.8,Good (良好)
25104.pdb,0.8,Good (良好)
4020.pdb,0.8,Good (良好)
21294.pdb,0.8,Good (良好)
26409.pdb,0.8,Good (良好)
8599.pdb,0.8,Good (良好)
29344.pdb,0.8,Good (良好)
26748.pdb,0.8,Good (良好)
27698.pdb,0.8,Good (良好)
30283.pdb,0.8,Good (良好)
2339.pdb,0.8,Good (良好)
13911.pdb,0.8,Good (良好)
14983.pdb,0.8,Good (良好)
12019.pdb,0.8,Good (良好)
27522.pdb,0.8,Good (良好)
12208.pdb,0.8,Good (良好)
14984.pdb,0.8,Good (良好)
30485.pdb,0.8,Good (良好)
11533.pdb,0.8,Good (良好)
21363.pdb,0.8,Good (良好)
29353.pdb,0.8,Good (良好)
961.pdb,0.8,Good (良好)
2153.pdb,0.8,Good (良好)
15025.pdb,0.8,Good (良好)
11564.pdb,0.8,Good (良好)
30041.pdb,0.8,Good (良好)
504.pdb,0.8,Good (良好)
20225.pdb,0.8,Good (良好)
774.pdb,0.8,Good (良好)
6980.pdb,0.8,Good (良好)
27752.pdb,0.8,Good (良好)
31124.pdb,0.8,Good (良好)
23416.pdb,0.8,Good (良好)
3624.pdb,0.8,Good (良好)
22463.pdb,0.8,Good (良好)
4272.pdb,0.8,Good (良好)
26291.pdb,0.8,Good (良好)
1995.pdb,0.8,Good (良好)
170.pdb,0.8,Good (良好)
5086.pdb,0.8,Good (良好)
30174.pdb,0.8,Good (良好)
19935.pdb,0.8,Good (良好)
4022.pdb,0.8,Good (良好)
29731.pdb,0.8,Good (良好)
21617.pdb,0.8,Good (良好)
11401.pdb,0.8,Good (良好)
2160.pdb,0.8,Good (良好)
7955.pdb,0.8,Good (良好)
1879.pdb,0.8,Good (良好)
27286.pdb,0.8,Good (良好)
10504.pdb,0.8,Good (良好)
7434.pdb,0.8,Good (良好)
11753.pdb,0.8,Good (良好)
27661.pdb,0.8,Good (良好)
926.pdb,0.8,Good (良好)
21877.pdb,0.8,Good (良好)
2665.pdb,0.8,Good (良好)
13210.pdb,0.8,Good (良好)
12780.pdb,0.8,Good (良好)
2713.pdb,0.8,Good (良好)
9451.pdb,0.8,Good (良好)
734.pdb,0.8,Good (良好)
15917.pdb,0.8,Good (良好)
26220.pdb,0.8,Good (良好)
26297.pdb,0.8,Good (良好)
17752.pdb,0.8,Good (良好)
1386.pdb,0.8,Good (良好)
3819.pdb,0.8,Good (良好)
11225.pdb,0.8,Good (良好)
20869.pdb,0.79,Good (良好)
3715.pdb,0.79,Good (良好)
2856.pdb,0.79,Good (良好)
2567.pdb,0.79,Good (良好)
5768.pdb,0.79,Good (良好)
10697.pdb,0.79,Good (良好)
4710.pdb,0.79,Good (良好)
26718.pdb,0.79,Good (良好)
18151.pdb,0.79,Good (良好)
3742.pdb,0.79,Good (良好)
23881.pdb,0.79,Good (良好)
11937.pdb,0.79,Good (良好)
4135.pdb,0.79,Good (良好)
30703.pdb,0.79,Good (良好)
26516.pdb,0.79,Good (良好)
13683.pdb,0.79,Good (良好)
419.pdb,0.79,Good (良好)
23120.pdb,0.79,Good (良好)
20131.pdb,0.79,Good (良好)
19475.pdb,0.79,Good (良好)
30152.pdb,0.79,Good (良好)
24520.pdb,0.79,Good (良好)
19707.pdb,0.79,Good (良好)
25534.pdb,0.79,Good (良好)
30085.pdb,0.79,Good (良好)
30563.pdb,0.79,Good (良好)
30653.pdb,0.79,Good (良好)
9637.pdb,0.79,Good (良好)
16286.pdb,0.79,Good (良好)
1614.pdb,0.79,Good (良好)
3037.pdb,0.79,Good (良好)
29856.pdb,0.79,Good (良好)
1672.pdb,0.79,Good (良好)
10755.pdb,0.79,Good (良好)
1907.pdb,0.79,Good (良好)
9087.pdb,0.79,Good (良好)
28239.pdb,0.79,Good (良好)
10602.pdb,0.79,Good (良好)
15083.pdb,0.79,Good (良好)
28311.pdb,0.79,Good (良好)
4704.pdb,0.79,Good (良好)
310.pdb,0.79,Good (良好)
9421.pdb,0.79,Good (良好)
2829.pdb,0.79,Good (良好)
15175.pdb,0.79,Good (良好)
4697.pdb,0.79,Good (良好)
304.pdb,0.79,Good (良好)
5558.pdb,0.79,Good (良好)
8371.pdb,0.79,Good (良好)
25688.pdb,0.79,Good (良好)
6712.pdb,0.79,Good (良好)
3454.pdb,0.79,Good (良好)
14203.pdb,0.79,Good (良好)
11865.pdb,0.79,Good (良好)
25524.pdb,0.79,Good (良好)
2077.pdb,0.79,Good (良好)
6271.pdb,0.79,Good (良好)
26115.pdb,0.79,Good (良好)
25246.pdb,0.79,Good (良好)
10818.pdb,0.79,Good (良好)
6165.pdb,0.79,Good (良好)
10233.pdb,0.79,Good (良好)
57.pdb,0.79,Good (良好)
27076.pdb,0.79,Good (良好)
30419.pdb,0.79,Good (良好)
20903.pdb,0.79,Good (良好)
30916.pdb,0.79,Good (良好)
30070.pdb,0.79,Good (良好)
841.pdb,0.79,Good (良好)
1473.pdb,0.79,Good (良好)
11304.pdb,0.79,Good (良好)
7132.pdb,0.79,Good (良好)
29920.pdb,0.79,Good (良好)
449.pdb,0.79,Good (良好)
11581.pdb,0.79,Good (良好)
25151.pdb,0.79,Good (良好)
23984.pdb,0.79,Good (良好)
1435.pdb,0.79,Good (良好)
10938.pdb,0.79,Good (良好)
10826.pdb,0.79,Good (良好)
31385.pdb,0.79,Good (良好)
24807.pdb,0.79,Good (良好)
23728.pdb,0.79,Good (良好)
29880.pdb,0.79,Good (良好)
3252.pdb,0.79,Good (良好)
2356.pdb,0.79,Good (良好)
14957.pdb,0.79,Good (良好)
28479.pdb,0.79,Good (良好)
30732.pdb,0.79,Good (良好)
8183.pdb,0.79,Good (良好)
485.pdb,0.79,Good (良好)
23602.pdb,0.79,Good (良好)
20743.pdb,0.79,Good (良好)
20948.pdb,0.79,Good (良好)
15676.pdb,0.79,Good (良好)
563.pdb,0.79,Good (良好)
2673.pdb,0.79,Good (良好)
22598.pdb,0.79,Good (良好)
24266.pdb,0.79,Good (良好)
19931.pdb,0.79,Good (良好)
6337.pdb,0.79,Good (良好)
25894.pdb,0.79,Good (良好)
2705.pdb,0.79,Good (良好)
19235.pdb,0.79,Good (良好)
23924.pdb,0.79,Good (良好)
3538.pdb,0.79,Good (良好)
5662.pdb,0.79,Good (良好)
26364.pdb,0.79,Good (良好)
25593.pdb,0.79,Good (良好)
4786.pdb,0.79,Good (良好)
15470.pdb,0.79,Good (良好)
7415.pdb,0.79,Good (良好)
25897.pdb,0.79,Good (良好)
10807.pdb,0.79,Good (良好)
2454.pdb,0.79,Good (良好)
24528.pdb,0.79,Good (良好)
1363.pdb,0.79,Good (良好)
3731.pdb,0.79,Good (良好)
11268.pdb,0.79,Good (良好)
30968.pdb,0.79,Good (良好)
11284.pdb,0.79,Good (良好)
14715.pdb,0.79,Good (良好)
9040.pdb,0.79,Good (良好)
3501.pdb,0.79,Good (良好)
8121.pdb,0.79,Good (良好)
16536.pdb,0.79,Good (良好)
15954.pdb,0.79,Good (良好)
2042.pdb,0.79,Good (良好)
1317.pdb,0.79,Good (良好)
15932.pdb,0.79,Good (良好)
30671.pdb,0.79,Good (良好)
30131.pdb,0.78,Good (良好)
15658.pdb,0.78,Good (良好)
25152.pdb,0.78,Good (良好)
685.pdb,0.78,Good (良好)
26714.pdb,0.78,Good (良好)
5120.pdb,0.78,Good (良好)
323.pdb,0.78,Good (良好)
6804.pdb,0.78,Good (良好)
1768.pdb,0.78,Good (良好)
3270.pdb,0.78,Good (良好)
27173.pdb,0.78,Good (良好)
2625.pdb,0.78,Good (良好)
20771.pdb,0.78,Good (良好)
18204.pdb,0.78,Good (良好)
145.pdb,0.78,Good (良好)
751.pdb,0.78,Good (良好)
14735.pdb,0.78,Good (良好)
6385.pdb,0.78,Good (良好)
23945.pdb,0.78,Good (良好)
30837.pdb,0.78,Good (良好)
7714.pdb,0.78,Good (良好)
17478.pdb,0.78,Good (良好)
29542.pdb,0.78,Good (良好)
6215.pdb,0.78,Good (良好)
20356.pdb,0.78,Good (良好)
28056.pdb,0.78,Good (良好)
8065.pdb,0.78,Good (良好)
22628.pdb,0.78,Good (良好)
172.pdb,0.78,Good (良好)
7396.pdb,0.78,Good (良好)
30758.pdb,0.78,Good (良好)
24119.pdb,0.78,Good (良好)
17753.pdb,0.78,Good (良好)
30523.pdb,0.78,Good (良好)
2566.pdb,0.78,Good (良好)
397.pdb,0.78,Good (良好)
5271.pdb,0.78,Good (良好)
4886.pdb,0.78,Good (良好)
15397.pdb,0.78,Good (良好)
7877.pdb,0.78,Good (良好)
8616.pdb,0.78,Good (良好)
13181.pdb,0.78,Good (良好)
21619.pdb,0.78,Good (良好)
20609.pdb,0.78,Good (良好)
394.pdb,0.78,Good (良好)
3797.pdb,0.78,Good (良好)
8861.pdb,0.78,Good (良好)
22752.pdb,0.78,Good (良好)
26476.pdb,0.78,Good (良好)
30889.pdb,0.78,Good (良好)
29058.pdb,0.78,Good (良好)
7851.pdb,0.78,Good (良好)
23591.pdb,0.78,Good (良好)
9025.pdb,0.78,Good (良好)
29799.pdb,0.78,Good (良好)
3045.pdb,0.78,Good (良好)
8750.pdb,0.78,Good (良好)
9503.pdb,0.78,Good (良好)
17347.pdb,0.78,Good (良好)
1657.pdb,0.78,Good (良好)
14406.pdb,0.78,Good (良好)
12075.pdb,0.78,Good (良好)
2584.pdb,0.78,Good (良好)
7509.pdb,0.78,Good (良好)
20027.pdb,0.78,Good (良好)
25242.pdb,0.78,Good (良好)
27686.pdb,0.78,Good (良好)
19117.pdb,0.78,Good (良好)
7809.pdb,0.78,Good (良好)
17349.pdb,0.78,Good (良好)
27056.pdb,0.78,Good (良好)
3603.pdb,0.78,Good (良好)
14965.pdb,0.78,Good (良好)
9397.pdb,0.78,Good (良好)
11565.pdb,0.78,Good (良好)
5061.pdb,0.78,Good (良好)
9270.pdb,0.78,Good (良好)
6956.pdb,0.78,Good (良好)
2891.pdb,0.78,Good (良好)
8855.pdb,0.78,Good (良好)
2980.pdb,0.78,Good (良好)
30274.pdb,0.78,Good (良好)
15557.pdb,0.78,Good (良好)
6295.pdb,0.78,Good (良好)
21372.pdb,0.78,Good (良好)
4538.pdb,0.78,Good (良好)
6690.pdb,0.78,Good (良好)
1306.pdb,0.78,Good (良好)
10116.pdb,0.78,Good (良好)
15289.pdb,0.78,Good (良好)
2782.pdb,0.78,Good (良好)
10168.pdb,0.78,Good (良好)
27443.pdb,0.78,Good (良好)
10470.pdb,0.78,Good (良好)
30662.pdb,0.78,Good (良好)
10265.pdb,0.78,Good (良好)
20630.pdb,0.78,Good (良好)
28643.pdb,0.78,Good (良好)
5962.pdb,0.78,Good (良好)
420.pdb,0.78,Good (良好)
28523.pdb,0.78,Good (良好)
22876.pdb,0.78,Good (良好)
30540.pdb,0.78,Good (良好)
31182.pdb,0.78,Good (良好)
15172.pdb,0.78,Good (良好)
26870.pdb,0.78,Good (良好)
27125.pdb,0.78,Good (良好)
2172.pdb,0.78,Good (良好)
8896.pdb,0.78,Good (良好)
6591.pdb,0.78,Good (良好)
22048.pdb,0.78,Good (良好)
4758.pdb,0.78,Good (良好)
27452.pdb,0.78,Good (良好)
30357.pdb,0.78,Good (良好)
7949.pdb,0.78,Good (良好)
23362.pdb,0.78,Good (良好)
24076.pdb,0.78,Good (良好)
367.pdb,0.78,Good (良好)
30448.pdb,0.78,Good (良好)
26604.pdb,0.78,Good (良好)
1576.pdb,0.78,Good (良好)
28885.pdb,0.78,Good (良好)
2959.pdb,0.78,Good (良好)
13114.pdb,0.78,Good (良好)
835.pdb,0.78,Good (良好)
2019.pdb,0.78,Good (良好)
20029.pdb,0.78,Good (良好)
4838.pdb,0.78,Good (良好)
24496.pdb,0.78,Good (良好)
15323.pdb,0.78,Good (良好)
29010.pdb,0.78,Good (良好)
773.pdb,0.78,Good (良好)
12224.pdb,0.78,Good (良好)
31285.pdb,0.78,Good (良好)
22514.pdb,0.77,Good (良好)
8806.pdb,0.77,Good (良好)
6584.pdb,0.77,Good (良好)
9030.pdb,0.77,Good (良好)
14767.pdb,0.77,Good (良好)
2298.pdb,0.77,Good (良好)
6934.pdb,0.77,Good (良好)
10302.pdb,0.77,Good (良好)
9766.pdb,0.77,Good (良好)
5786.pdb,0.77,Good (良好)
26511.pdb,0.77,Good (良好)
2484.pdb,0.77,Good (良好)
6512.pdb,0.77,Good (良好)
12616.pdb,0.77,Good (良好)
3901.pdb,0.77,Good (良好)
30579.pdb,0.77,Good (良好)
30057.pdb,0.77,Good (良好)
1223.pdb,0.77,Good (良好)
11319.pdb,0.77,Good (良好)
15882.pdb,0.77,Good (良好)
2381.pdb,0.77,Good (良好)
29756.pdb,0.77,Good (良好)
10287.pdb,0.77,Good (良好)
20115.pdb,0.77,Good (良好)
22739.pdb,0.77,Good (良好)
9335.pdb,0.77,Good (良好)
26314.pdb,0.77,Good (良好)
10403.pdb,0.77,Good (良好)
21267.pdb,0.77,Good (良好)
30995.pdb,0.77,Good (良好)
29808.pdb,0.77,Good (良好)
757.pdb,0.77,Good (良好)
7458.pdb,0.77,Good (良好)
25860.pdb,0.77,Good (良好)
29341.pdb,0.77,Good (良好)
1329.pdb,0.77,Good (良好)
21722.pdb,0.77,Good (良好)
1759.pdb,0.77,Good (良好)
3589.pdb,0.77,Good (良好)
1365.pdb,0.77,Good (良好)
16440.pdb,0.77,Good (良好)
11778.pdb,0.77,Good (良好)
20852.pdb,0.77,Good (良好)
27412.pdb,0.77,Good (良好)
6702.pdb,0.77,Good (良好)
7422.pdb,0.77,Good (良好)
2968.pdb,0.77,Good (良好)
20502.pdb,0.77,Good (良好)
25182.pdb,0.77,Good (良好)
20701.pdb,0.77,Good (良好)
15533.pdb,0.77,Good (良好)
26599.pdb,0.77,Good (良好)
17386.pdb,0.77,Good (良好)
3067.pdb,0.77,Good (良好)
25452.pdb,0.77,Good (良好)
11347.pdb,0.77,Good (良好)
11549.pdb,0.77,Good (良好)
24258.pdb,0.77,Good (良好)
8087.pdb,0.77,Good (良好)
20857.pdb,0.77,Good (良好)
2293.pdb,0.77,Good (良好)
13728.pdb,0.77,Good (良好)
23198.pdb,0.77,Good (良好)
28400.pdb,0.77,Good (良好)
2771.pdb,0.77,Good (良好)
8899.pdb,0.77,Good (良好)
1705.pdb,0.77,Good (良好)
15994.pdb,0.77,Good (良好)
2875.pdb,0.77,Good (良好)
13722.pdb,0.77,Good (良好)
10402.pdb,0.77,Good (良好)
2198.pdb,0.77,Good (良好)
8410.pdb,0.77,Good (良好)
857.pdb,0.77,Good (良好)
381.pdb,0.77,Good (良好)
495.pdb,0.77,Good (良好)
9441.pdb,0.77,Good (良好)
10494.pdb,0.77,Good (良好)
26257.pdb,0.77,Good (良好)
715.pdb,0.77,Good (良好)
9773.pdb,0.77,Good (良好)
4292.pdb,0.77,Good (良好)
2822.pdb,0.77,Good (良好)
31175.pdb,0.77,Good (良好)
7926.pdb,0.77,Good (良好)
17677.pdb,0.77,Good (良好)
33.pdb,0.77,Good (良好)
11676.pdb,0.77,Good (良好)
4967.pdb,0.77,Good (良好)
24717.pdb,0.77,Good (良好)
6924.pdb,0.77,Good (良好)
1387.pdb,0.77,Good (良好)
6258.pdb,0.77,Good (良好)
3928.pdb,0.77,Good (良好)
20031.pdb,0.77,Good (良好)
1362.pdb,0.77,Good (良好)
21982.pdb,0.77,Good (良好)
26458.pdb,0.77,Good (良好)
21468.pdb,0.77,Good (良好)
23655.pdb,0.77,Good (良好)
14379.pdb,0.77,Good (良好)
12506.pdb,0.77,Good (良好)
933.pdb,0.77,Good (良好)
4446.pdb,0.77,Good (良好)
7314.pdb,0.77,Good (良好)
16096.pdb,0.77,Good (良好)
10158.pdb,0.77,Good (良好)
23974.pdb,0.77,Good (良好)
687.pdb,0.77,Good (良好)
6250.pdb,0.77,Good (良好)
2876.pdb,0.77,Good (良好)
8322.pdb,0.77,Good (良好)
2544.pdb,0.77,Good (良好)
4876.pdb,0.77,Good (良好)
2591.pdb,0.77,Good (良好)
29609.pdb,0.77,Good (良好)
2748.pdb,0.77,Good (良好)
7081.pdb,0.77,Good (良好)
29877.pdb,0.77,Good (良好)
1202.pdb,0.77,Good (良好)
3614.pdb,0.76,Good (良好)
21807.pdb,0.76,Good (良好)
5557.pdb,0.76,Good (良好)
6114.pdb,0.76,Good (良好)
22517.pdb,0.76,Good (良好)
22072.pdb,0.76,Good (良好)
31051.pdb,0.76,Good (良好)
15244.pdb,0.76,Good (良好)
27641.pdb,0.76,Good (良好)
8681.pdb,0.76,Good (良好)
24919.pdb,0.76,Good (良好)
25274.pdb,0.76,Good (良好)
22849.pdb,0.76,Good (良好)
30257.pdb,0.76,Good (良好)
3506.pdb,0.76,Good (良好)
25699.pdb,0.76,Good (良好)
4192.pdb,0.76,Good (良好)
27046.pdb,0.76,Good (良好)
30672.pdb,0.76,Good (良好)
25469.pdb,0.76,Good (良好)
26346.pdb,0.76,Good (良好)
22051.pdb,0.76,Good (良好)
2275.pdb,0.76,Good (良好)
24277.pdb,0.76,Good (良好)
3963.pdb,0.76,Good (良好)
8070.pdb,0.76,Good (良好)
697.pdb,0.76,Good (良好)
9057.pdb,0.76,Good (良好)
10355.pdb,0.76,Good (良好)
24495.pdb,0.76,Good (良好)
20418.pdb,0.76,Good (良好)
24712.pdb,0.76,Good (良好)
29815.pdb,0.76,Good (良好)
3761.pdb,0.76,Good (良好)
31102.pdb,0.76,Good (良好)
4357.pdb,0.76,Good (良好)
27501.pdb,0.76,Good (良好)
8871.pdb,0.76,Good (良好)
5992.pdb,0.76,Good (良好)
138.pdb,0.76,Good (良好)
28521.pdb,0.76,Good (良好)
11320.pdb,0.76,Good (良好)
1618.pdb,0.76,Good (良好)
10217.pdb,0.76,Good (良好)
30361.pdb,0.76,Good (良好)
24039.pdb,0.76,Good (良好)
7083.pdb,0.76,Good (良好)
23592.pdb,0.76,Good (良好)
30015.pdb,0.76,Good (良好)
15027.pdb,0.76,Good (良好)
2380.pdb,0.76,Good (良好)
23225.pdb,0.76,Good (良好)
7624.pdb,0.76,Good (良好)
11156.pdb,0.76,Good (良好)
16083.pdb,0.76,Good (良好)
30338.pdb,0.76,Good (良好)
24612.pdb,0.76,Good (良好)
9372.pdb,0.76,Good (良好)
20692.pdb,0.76,Good (良好)
24499.pdb,0.76,Good (良好)
19367.pdb,0.76,Good (良好)
792.pdb,0.76,Good (良好)
24110.pdb,0.76,Good (良好)
8287.pdb,0.76,Good (良好)
13589.pdb,0.76,Good (良好)
29322.pdb,0.76,Good (良好)
21653.pdb,0.76,Good (良好)
10507.pdb,0.76,Good (良好)
20916.pdb,0.76,Good (良好)
25067.pdb,0.76,Good (良好)
30581.pdb,0.76,Good (良好)
21579.pdb,0.76,Good (良好)
31262.pdb,0.76,Good (良好)
30333.pdb,0.76,Good (良好)
29303.pdb,0.76,Good (良好)
10163.pdb,0.76,Good (良好)
30681.pdb,0.76,Good (良好)
10336.pdb,0.76,Good (良好)
9627.pdb,0.76,Good (良好)
4974.pdb,0.76,Good (良好)
361.pdb,0.76,Good (良好)
23854.pdb,0.76,Good (良好)
1411.pdb,0.76,Good (良好)
23140.pdb,0.76,Good (良好)
10617.pdb,0.76,Good (良好)
3255.pdb,0.76,Good (良好)
26862.pdb,0.76,Good (良好)
1610.pdb,0.76,Good (良好)
11769.pdb,0.75,Good (良好)
27020.pdb,0.75,Good (良好)
221.pdb,0.75,Good (良好)
7716.pdb,0.75,Good (良好)
28686.pdb,0.75,Good (良好)
7399.pdb,0.75,Good (良好)
25694.pdb,0.75,Good (良好)
31034.pdb,0.75,Good (良好)
31028.pdb,0.75,Good (良好)
29760.pdb,0.75,Good (良好)
15480.pdb,0.75,Good (良好)
8301.pdb,0.75,Good (良好)
5931.pdb,0.75,Good (良好)
1211.pdb,0.75,Good (良好)
29932.pdb,0.75,Good (良好)
3027.pdb,0.75,Good (良好)
2603.pdb,0.75,Good (良好)
25519.pdb,0.75,Good (良好)
9635.pdb,0.75,Good (良好)
3634.pdb,0.75,Good (良好)
23144.pdb,0.75,Good (良好)
9373.pdb,0.75,Good (良好)
349.pdb,0.75,Good (良好)
30594.pdb,0.75,Good (良好)
5012.pdb,0.75,Good (良好)
29911.pdb,0.75,Good (良好)
30512.pdb,0.75,Good (良好)
30081.pdb,0.75,Good (良好)
8752.pdb,0.75,Good (良好)
1180.pdb,0.75,Good (良好)
3720.pdb,0.75,Good (良好)
24237.pdb,0.75,Good (良好)
1528.pdb,0.75,Good (良好)
7377.pdb,0.75,Good (良好)
30389.pdb,0.75,Good (良好)
13662.pdb,0.75,Good (良好)
6319.pdb,0.75,Good (良好)
1385.pdb,0.75,Good (良好)
2742.pdb,0.75,Good (良好)
10500.pdb,0.75,Good (良好)
14381.pdb,0.75,Good (良好)
13221.pdb,0.75,Good (良好)
2489.pdb,0.75,Good (良好)
23163.pdb,0.75,Good (良好)
20549.pdb,0.75,Good (良好)
5627.pdb,0.75,Good (良好)
22289.pdb,0.75,Good (良好)
8535.pdb,0.75,Good (良好)
5577.pdb,0.75,Good (良好)
15284.pdb,0.75,Good (良好)
3052.pdb,0.75,Good (良好)
11636.pdb,0.75,Good (良好)
7591.pdb,0.75,Good (良好)
30568.pdb,0.75,Good (良好)
21736.pdb,0.75,Good (良好)
10351.pdb,0.75,Good (良好)
8908.pdb,0.75,Good (良好)
10770.pdb,0.75,Good (良好)
8220.pdb,0.75,Good (良好)
7876.pdb,0.75,Good (良好)
11220.pdb,0.75,Good (良好)
10295.pdb,0.75,Good (良好)
7.pdb,0.75,Good (良好)
23205.pdb,0.75,Good (良好)
26184.pdb,0.75,Good (良好)
23109.pdb,0.75,Good (良好)
12569.pdb,0.75,Good (良好)
1393.pdb,0.75,Good (良好)
314.pdb,0.75,Good (良好)
9525.pdb,0.75,Good (良好)
8352.pdb,0.75,Good (良好)
2324.pdb,0.75,Good (良好)
827.pdb,0.75,Good (良好)
24265.pdb,0.75,Good (良好)
7281.pdb,0.75,Good (良好)
3877.pdb,0.75,Good (良好)
27050.pdb,0.75,Good (良好)
12924.pdb,0.75,Good (良好)
3843.pdb,0.75,Good (良好)
4282.pdb,0.75,Good (良好)
5342.pdb,0.75,Good (良好)
23041.pdb,0.75,Good (良好)
26164.pdb,0.75,Good (良好)
2473.pdb,0.75,Good (良好)
2858.pdb,0.75,Good (良好)
5650.pdb,0.75,Good (良好)
24459.pdb,0.75,Good (良好)
3092.pdb,0.75,Good (良好)
16039.pdb,0.75,Good (良好)
17419.pdb,0.75,Good (良好)
9461.pdb,0.75,Good (良好)
27965.pdb,0.75,Good (良好)
30391.pdb,0.75,Good (良好)
20410.pdb,0.75,Good (良好)
6426.pdb,0.75,Good (良好)
3883.pdb,0.75,Good (良好)
14095.pdb,0.75,Good (良好)
2139.pdb,0.75,Good (良好)
15885.pdb,0.75,Good (良好)
14122.pdb,0.75,Good (良好)
3983.pdb,0.75,Good (良好)
27493.pdb,0.75,Good (良好)
26483.pdb,0.75,Good (良好)
20242.pdb,0.75,Good (良好)
24975.pdb,0.75,Good (良好)
4959.pdb,0.75,Good (良好)
1950.pdb,0.75,Good (良好)
13667.pdb,0.74,Good (良好)
8626.pdb,0.74,Good (良好)
25171.pdb,0.74,Good (良好)
7177.pdb,0.74,Good (良好)
30534.pdb,0.74,Good (良好)
29196.pdb,0.74,Good (良好)
1646.pdb,0.74,Good (良好)
26515.pdb,0.74,Good (良好)
17328.pdb,0.74,Good (良好)
2507.pdb,0.74,Good (良好)
16255.pdb,0.74,Good (良好)
15983.pdb,0.74,Good (良好)
24052.pdb,0.74,Good (良好)
23359.pdb,0.74,Good (良好)
7025.pdb,0.74,Good (良好)
3889.pdb,0.74,Good (良好)
22952.pdb,0.74,Good (良好)
29604.pdb,0.74,Good (良好)
3539.pdb,0.74,Good (良好)
1606.pdb,0.74,Good (良好)
24516.pdb,0.74,Good (良好)
24949.pdb,0.74,Good (良好)
9062.pdb,0.74,Good (良好)
4694.pdb,0.74,Good (良好)
9763.pdb,0.74,Good (良好)
23955.pdb,0.74,Good (良好)
21319.pdb,0.74,Good (良好)
24878.pdb,0.74,Good (良好)
9326.pdb,0.74,Good (良好)
11949.pdb,0.74,Good (良好)
8553.pdb,0.74,Good (良好)
29198.pdb,0.74,Good (良好)
2118.pdb,0.74,Good (良好)
5787.pdb,0.74,Good (良好)
25600.pdb,0.74,Good (良好)
8415.pdb,0.74,Good (良好)
2901.pdb,0.74,Good (良好)
19232.pdb,0.74,Good (良好)
6321.pdb,0.74,Good (良好)
12067.pdb,0.74,Good (良好)
19822.pdb,0.74,Good (良好)
23612.pdb,0.74,Good (良好)
31111.pdb,0.74,Good (良好)
24634.pdb,0.74,Good (良好)
24532.pdb,0.74,Good (良好)
12744.pdb,0.74,Good (良好)
19960.pdb,0.74,Good (良好)
23759.pdb,0.74,Good (良好)
29956.pdb,0.74,Good (良好)
891.pdb,0.74,Good (良好)
4201.pdb,0.74,Good (良好)
8544.pdb,0.74,Good (良好)
845.pdb,0.74,Good (良好)
29914.pdb,0.74,Good (良好)
25326.pdb,0.74,Good (良好)
10297.pdb,0.74,Good (良好)
11944.pdb,0.74,Good (良好)
14791.pdb,0.74,Good (良好)
22639.pdb,0.74,Good (良好)
24589.pdb,0.74,Good (良好)
10843.pdb,0.74,Good (良好)
7623.pdb,0.74,Good (良好)
22679.pdb,0.74,Good (良好)
24955.pdb,0.74,Good (良好)
5009.pdb,0.74,Good (良好)
30179.pdb,0.74,Good (良好)
30146.pdb,0.74,Good (良好)
4800.pdb,0.74,Good (良好)
14725.pdb,0.74,Good (良好)
5338.pdb,0.74,Good (良好)
22880.pdb,0.74,Good (良好)
26341.pdb,0.74,Good (良好)
30859.pdb,0.74,Good (良好)
23338.pdb,0.74,Good (良好)
22093.pdb,0.74,Good (良好)
5479.pdb,0.74,Good (良好)
328.pdb,0.74,Good (良好)
798.pdb,0.74,Good (良好)
24835.pdb,0.74,Good (良好)
29807.pdb,0.74,Good (良好)
11537.pdb,0.74,Good (良好)
19736.pdb,0.74,Good (良好)
25774.pdb,0.74,Good (良好)
3831.pdb,0.74,Good (良好)
2926.pdb,0.74,Good (良好)
10871.pdb,0.74,Good (良好)
23160.pdb,0.74,Good (良好)
7353.pdb,0.74,Good (良好)
3420.pdb,0.74,Good (良好)
17442.pdb,0.74,Good (良好)
1510.pdb,0.74,Good (良好)
6599.pdb,0.74,Good (良好)
13670.pdb,0.74,Good (良好)
12257.pdb,0.74,Good (良好)
8470.pdb,0.74,Good (良好)
9294.pdb,0.74,Good (良好)
6176.pdb,0.74,Good (良好)
15924.pdb,0.74,Good (良好)
28704.pdb,0.74,Good (良好)
27018.pdb,0.74,Good (良好)
9135.pdb,0.74,Good (良好)
4216.pdb,0.74,Good (良好)
8373.pdb,0.74,Good (良好)
25512.pdb,0.74,Good (良好)
3374.pdb,0.74,Good (良好)
6308.pdb,0.74,Good (良好)
29097.pdb,0.74,Good (良好)
20230.pdb,0.73,Good (良好)
8057.pdb,0.73,Good (良好)
5520.pdb,0.73,Good (良好)
6957.pdb,0.73,Good (良好)
24243.pdb,0.73,Good (良好)
781.pdb,0.73,Good (良好)
18059.pdb,0.73,Good (良好)
23287.pdb,0.73,Good (良好)
4523.pdb,0.73,Good (良好)
1973.pdb,0.73,Good (良好)
6389.pdb,0.73,Good (良好)
7503.pdb,0.73,Good (良好)
10726.pdb,0.73,Good (良好)
8864.pdb,0.73,Good (良好)
11909.pdb,0.73,Good (良好)
25411.pdb,0.73,Good (良好)
6817.pdb,0.73,Good (良好)
29355.pdb,0.73,Good (良好)
14396.pdb,0.73,Good (良好)
7819.pdb,0.73,Good (良好)
3380.pdb,0.73,Good (良好)
25910.pdb,0.73,Good (良好)
7919.pdb,0.73,Good (良好)
2398.pdb,0.73,Good (良好)
30279.pdb,0.73,Good (良好)
20556.pdb,0.73,Good (良好)
30178.pdb,0.73,Good (良好)
27381.pdb,0.73,Good (良好)
5853.pdb,0.73,Good (良好)
4573.pdb,0.73,Good (良好)
25590.pdb,0.73,Good (良好)
13752.pdb,0.73,Good (良好)
1248.pdb,0.73,Good (良好)
10606.pdb,0.73,Good (良好)
6157.pdb,0.73,Good (良好)
5044.pdb,0.73,Good (良好)
23638.pdb,0.73,Good (良好)
24544.pdb,0.73,Good (良好)
23080.pdb,0.73,Good (良好)
20416.pdb,0.73,Good (良好)
333.pdb,0.73,Good (良好)
5550.pdb,0.73,Good (良好)
7311.pdb,0.73,Good (良好)
31270.pdb,0.73,Good (良好)
25665.pdb,0.73,Good (良好)
13691.pdb,0.73,Good (良好)
19713.pdb,0.73,Good (良好)
25041.pdb,0.73,Good (良好)
15140.pdb,0.73,Good (良好)
22564.pdb,0.73,Good (良好)
5562.pdb,0.73,Good (良好)
30000.pdb,0.73,Good (良好)
11300.pdb,0.73,Good (良好)
23629.pdb,0.73,Good (良好)
11933.pdb,0.73,Good (良好)
25754.pdb,0.73,Good (良好)
874.pdb,0.73,Good (良好)
21353.pdb,0.73,Good (良好)
29827.pdb,0.73,Good (良好)
31188.pdb,0.73,Good (良好)
3172.pdb,0.73,Good (良好)
23783.pdb,0.73,Good (良好)
30258.pdb,0.73,Good (良好)
20568.pdb,0.73,Good (良好)
8611.pdb,0.73,Good (良好)
935.pdb,0.73,Good (良好)
13588.pdb,0.73,Good (良好)
2695.pdb,0.73,Good (良好)
9768.pdb,0.73,Good (良好)
11363.pdb,0.73,Good (良好)
2800.pdb,0.73,Good (良好)
24750.pdb,0.73,Good (良好)
30539.pdb,0.73,Good (良好)
29993.pdb,0.73,Good (良好)
29611.pdb,0.73,Good (良好)
4572.pdb,0.73,Good (良好)
15884.pdb,0.73,Good (良好)
30171.pdb,0.73,Good (良好)
15097.pdb,0.73,Good (良好)
3272.pdb,0.73,Good (良好)
31192.pdb,0.73,Good (良好)
2734.pdb,0.73,Good (良好)
16342.pdb,0.72,Good (良好)
30480.pdb,0.72,Good (良好)
16532.pdb,0.72,Good (良好)
26755.pdb,0.72,Good (良好)
10928.pdb,0.72,Good (良好)
14422.pdb,0.72,Good (良好)
29410.pdb,0.72,Good (良好)
12769.pdb,0.72,Good (良好)
24848.pdb,0.72,Good (良好)
12880.pdb,0.72,Good (良好)
7440.pdb,0.72,Good (良好)
15374.pdb,0.72,Good (良好)
4644.pdb,0.72,Good (良好)
26639.pdb,0.72,Good (良好)
6230.pdb,0.72,Good (良好)
24591.pdb,0.72,Good (良好)
2256.pdb,0.72,Good (良好)
6995.pdb,0.72,Good (良好)
2497.pdb,0.72,Good (良好)
9284.pdb,0.72,Good (良好)
17742.pdb,0.72,Good (良好)
6375.pdb,0.72,Good (良好)
8391.pdb,0.72,Good (良好)
29393.pdb,0.72,Good (良好)
1706.pdb,0.72,Good (良好)
10575.pdb,0.72,Good (良好)
14505.pdb,0.72,Good (良好)
11792.pdb,0.72,Good (良好)
7450.pdb,0.72,Good (良好)
9145.pdb,0.72,Good (良好)
1316.pdb,0.72,Good (良好)
24787.pdb,0.72,Good (良好)
10505.pdb,0.72,Good (良好)
31104.pdb,0.72,Good (良好)
391.pdb,0.72,Good (良好)
1227.pdb,0.72,Good (良好)
4513.pdb,0.72,Good (良好)
16248.pdb,0.72,Good (良好)
17702.pdb,0.72,Good (良好)
10150.pdb,0.72,Good (良好)
23199.pdb,0.72,Good (良好)
13237.pdb,0.72,Good (良好)
25268.pdb,0.72,Good (良好)
22934.pdb,0.72,Good (良好)
27213.pdb,0.72,Good (良好)
6073.pdb,0.72,Good (良好)
23910.pdb,0.72,Good (良好)
496.pdb,0.72,Good (良好)
28429.pdb,0.72,Good (良好)
6629.pdb,0.72,Good (良好)
7131.pdb,0.72,Good (良好)
2941.pdb,0.72,Good (良好)
4173.pdb,0.72,Good (良好)
14500.pdb,0.72,Good (良好)
10033.pdb,0.72,Good (良好)
1893.pdb,0.72,Good (良好)
20539.pdb,0.72,Good (良好)
227.pdb,0.72,Good (良好)
5760.pdb,0.72,Good (良好)
7564.pdb,0.72,Good (良好)
25006.pdb,0.72,Good (良好)
22501.pdb,0.72,Good (良好)
26886.pdb,0.72,Good (良好)
11798.pdb,0.72,Good (良好)
20704.pdb,0.72,Good (良好)
10053.pdb,0.72,Good (良好)
17712.pdb,0.72,Good (良好)
9549.pdb,0.72,Good (良好)
7911.pdb,0.72,Good (良好)
30748.pdb,0.72,Good (良好)
7982.pdb,0.72,Good (良好)
2302.pdb,0.72,Good (良好)
12745.pdb,0.72,Good (良好)
25111.pdb,0.72,Good (良好)
6300.pdb,0.72,Good (良好)
2897.pdb,0.72,Good (良好)
7594.pdb,0.72,Good (良好)
30496.pdb,0.72,Good (良好)
29354.pdb,0.71,Good (良好)
17358.pdb,0.71,Good (良好)
4463.pdb,0.71,Good (良好)
24485.pdb,0.71,Good (良好)
26437.pdb,0.71,Good (良好)
23722.pdb,0.71,Good (良好)
31266.pdb,0.71,Good (良好)
20569.pdb,0.71,Good (良好)
10702.pdb,0.71,Good (良好)
1675.pdb,0.71,Good (良好)
23807.pdb,0.71,Good (良好)
22075.pdb,0.71,Good (良好)
6263.pdb,0.71,Good (良好)
10127.pdb,0.71,Good (良好)
28425.pdb,0.71,Good (良好)
19903.pdb,0.71,Good (良好)
6368.pdb,0.71,Good (良好)
1609.pdb,0.71,Good (良好)
28401.pdb,0.71,Good (良好)
27045.pdb,0.71,Good (良好)
19757.pdb,0.71,Good (良好)
3919.pdb,0.71,Good (良好)
2981.pdb,0.71,Good (良好)
4460.pdb,0.71,Good (良好)
25317.pdb,0.71,Good (良好)
21362.pdb,0.71,Good (良好)
7583.pdb,0.71,Good (良好)
12917.pdb,0.71,Good (良好)
3101.pdb,0.71,Good (良好)
28455.pdb,0.71,Good (良好)
16287.pdb,0.71,Good (良好)
26270.pdb,0.71,Good (良好)
16095.pdb,0.71,Good (良好)
11113.pdb,0.71,Good (良好)
1926.pdb,0.71,Good (良好)
17403.pdb,0.71,Good (良好)
23219.pdb,0.71,Good (良好)
10516.pdb,0.71,Good (良好)
30933.pdb,0.71,Good (良好)
7998.pdb,0.71,Good (良好)
23920.pdb,0.71,Good (良好)
28072.pdb,0.71,Good (良好)
14390.pdb,0.71,Good (良好)
23096.pdb,0.71,Good (良好)
14583.pdb,0.71,Good (良好)
23306.pdb,0.71,Good (良好)
14046.pdb,0.71,Good (良好)
2874.pdb,0.71,Good (良好)
8054.pdb,0.71,Good (良好)
31273.pdb,0.71,Good (良好)
23413.pdb,0.71,Good (良好)
29032.pdb,0.71,Good (良好)
6352.pdb,0.71,Good (良好)
15659.pdb,0.71,Good (良好)
19706.pdb,0.71,Good (良好)
30558.pdb,0.71,Good (良好)
11552.pdb,0.71,Good (良好)
23232.pdb,0.71,Good (良好)
18225.pdb,0.71,Good (良好)
1785.pdb,0.71,Good (良好)
19908.pdb,0.71,Good (良好)
12372.pdb,0.71,Good (良好)
28763.pdb,0.71,Good (良好)
22335.pdb,0.71,Good (良好)
24713.pdb,0.71,Good (良好)
8106.pdb,0.71,Good (良好)
20372.pdb,0.71,Good (良好)
20970.pdb,0.71,Good (良好)
26650.pdb,0.71,Good (良好)
24679.pdb,0.7,Good (良好)
30259.pdb,0.7,Fair (一般)
26814.pdb,0.7,Good (良好)
18249.pdb,0.7,Good (良好)
24930.pdb,0.7,Fair (一般)
20499.pdb,0.7,Fair (一般)
3034.pdb,0.7,Fair (一般)
15005.pdb,0.7,Good (良好)
28012.pdb,0.7,Good (良好)
13703.pdb,0.7,Fair (一般)
3838.pdb,0.7,Fair (一般)
30334.pdb,0.7,Fair (一般)
2486.pdb,0.7,Good (良好)
28228.pdb,0.7,Good (良好)
3251.pdb,0.7,Good (良好)
19789.pdb,0.7,Good (良好)
31365.pdb,0.7,Fair (一般)
168.pdb,0.7,Good (良好)
30195.pdb,0.7,Good (良好)
8805.pdb,0.7,Fair (一般)
20699.pdb,0.7,Good (良好)
2804.pdb,0.7,Fair (一般)
548.pdb,0.7,Fair (一般)
5640.pdb,0.7,Good (良好)
6648.pdb,0.7,Fair (一般)
2598.pdb,0.7,Fair (一般)
6002.pdb,0.7,Fair (一般)
31076.pdb,0.7,Fair (一般)
26320.pdb,0.7,Fair (一般)
20519.pdb,0.7,Fair (一般)
20313.pdb,0.7,Fair (一般)
922.pdb,0.7,Fair (一般)
21710.pdb,0.7,Fair (一般)
2927.pdb,0.7,Fair (一般)
6845.pdb,0.7,Fair (一般)
25316.pdb,0.7,Good (良好)
10653.pdb,0.7,Fair (一般)
234.pdb,0.7,Fair (一般)
2751.pdb,0.7,Good (良好)
20336.pdb,0.7,Fair (一般)
22877.pdb,0.7,Fair (一般)
6068.pdb,0.7,Fair (一般)
22301.pdb,0.7,Fair (一般)
28984.pdb,0.7,Good (良好)
26658.pdb,0.7,Fair (一般)
28982.pdb,0.7,Fair (一般)
2954.pdb,0.7,Good (良好)
20094.pdb,0.7,Fair (一般)
19424.pdb,0.7,Good (良好)
15147.pdb,0.7,Good (良好)
27117.pdb,0.7,Good (良好)
15916.pdb,0.7,Good (良好)
5057.pdb,0.7,Fair (一般)
1831.pdb,0.7,Fair (一般)
21544.pdb,0.7,Fair (一般)
7364.pdb,0.7,Good (良好)
30099.pdb,0.7,Good (良好)
8459.pdb,0.7,Fair (一般)
9729.pdb,0.7,Good (良好)
15904.pdb,0.69,Fair (一般)
20089.pdb,0.69,Fair (一般)
14738.pdb,0.69,Fair (一般)
4546.pdb,0.69,Fair (一般)
30860.pdb,0.69,Fair (一般)
6492.pdb,0.69,Fair (一般)
26740.pdb,0.69,Fair (一般)
29996.pdb,0.69,Fair (一般)
2412.pdb,0.69,Fair (一般)
18064.pdb,0.69,Fair (一般)
16335.pdb,0.69,Fair (一般)
23594.pdb,0.69,Fair (一般)
2328.pdb,0.69,Fair (一般)
28917.pdb,0.69,Fair (一般)
18241.pdb,0.69,Fair (一般)
3832.pdb,0.69,Fair (一般)
3173.pdb,0.69,Fair (一般)
4224.pdb,0.69,Fair (一般)
2686.pdb,0.69,Fair (一般)
7245.pdb,0.69,Fair (一般)
1873.pdb,0.69,Fair (一般)
17467.pdb,0.69,Fair (一般)
7854.pdb,0.69,Fair (一般)
30028.pdb,0.69,Fair (一般)
5355.pdb,0.69,Fair (一般)
30471.pdb,0.69,Fair (一般)
21317.pdb,0.69,Fair (一般)
19833.pdb,0.69,Fair (一般)
13754.pdb,0.69,Fair (一般)
2962.pdb,0.69,Fair (一般)
7931.pdb,0.69,Fair (一般)
10387.pdb,0.69,Fair (一般)
28574.pdb,0.69,Fair (一般)
875.pdb,0.69,Fair (一般)
29318.pdb,0.69,Fair (一般)
5721.pdb,0.69,Fair (一般)
30290.pdb,0.69,Fair (一般)
20563.pdb,0.69,Fair (一般)
30590.pdb,0.69,Fair (一般)
25632.pdb,0.69,Fair (一般)
16433.pdb,0.69,Fair (一般)
8731.pdb,0.69,Fair (一般)
26348.pdb,0.69,Fair (一般)
31178.pdb,0.69,Fair (一般)
11375.pdb,0.69,Fair (一般)
27453.pdb,0.69,Fair (一般)
10492.pdb,0.69,Fair (一般)
30204.pdb,0.69,Fair (一般)
27444.pdb,0.69,Fair (一般)
3559.pdb,0.69,Fair (一般)
16324.pdb,0.69,Fair (一般)
31363.pdb,0.69,Fair (一般)
12276.pdb,0.69,Fair (一般)
16426.pdb,0.69,Fair (一般)
4559.pdb,0.69,Fair (一般)
10511.pdb,0.69,Fair (一般)
405.pdb,0.69,Fair (一般)
11623.pdb,0.69,Fair (一般)
12335.pdb,0.69,Fair (一般)
24519.pdb,0.69,Fair (一般)
11353.pdb,0.69,Fair (一般)
1714.pdb,0.69,Fair (一般)
7938.pdb,0.69,Fair (一般)
8408.pdb,0.69,Fair (一般)
25675.pdb,0.69,Fair (一般)
15578.pdb,0.69,Fair (一般)
17680.pdb,0.69,Fair (一般)
24683.pdb,0.68,Fair (一般)
1607.pdb,0.68,Fair (一般)
31196.pdb,0.68,Fair (一般)
4541.pdb,0.68,Fair (一般)
31057.pdb,0.68,Fair (一般)
5272.pdb,0.68,Fair (一般)
5076.pdb,0.68,Fair (一般)
16261.pdb,0.68,Fair (一般)
12267.pdb,0.68,Fair (一般)
31061.pdb,0.68,Fair (一般)
31024.pdb,0.68,Fair (一般)
4624.pdb,0.68,Fair (一般)
906.pdb,0.68,Fair (一般)
22611.pdb,0.68,Fair (一般)
6461.pdb,0.68,Fair (一般)
28284.pdb,0.68,Fair (一般)
28250.pdb,0.68,Fair (一般)
1727.pdb,0.68,Fair (一般)
8120.pdb,0.68,Fair (一般)
16383.pdb,0.68,Fair (一般)
23926.pdb,0.68,Fair (一般)
6354.pdb,0.68,Fair (一般)
6613.pdb,0.68,Fair (一般)
2960.pdb,0.68,Fair (一般)
25374.pdb,0.68,Fair (一般)
19213.pdb,0.68,Fair (一般)
1829.pdb,0.68,Fair (一般)
22600.pdb,0.68,Fair (一般)
2063.pdb,0.68,Fair (一般)
28307.pdb,0.68,Fair (一般)
28862.pdb,0.68,Fair (一般)
2508.pdb,0.68,Fair (一般)
23791.pdb,0.68,Fair (一般)
7604.pdb,0.68,Fair (一般)
26491.pdb,0.68,Fair (一般)
17360.pdb,0.68,Fair (一般)
27754.pdb,0.68,Fair (一般)
2514.pdb,0.68,Fair (一般)
26769.pdb,0.68,Fair (一般)
24613.pdb,0.68,Fair (一般)
11452.pdb,0.68,Fair (一般)
30575.pdb,0.68,Fair (一般)
24149.pdb,0.68,Fair (一般)
9764.pdb,0.68,Fair (一般)
25449.pdb,0.68,Fair (一般)
31210.pdb,0.68,Fair (一般)
3740.pdb,0.68,Fair (一般)
766.pdb,0.68,Fair (一般)
29908.pdb,0.68,Fair (一般)
23209.pdb,0.68,Fair (一般)
22671.pdb,0.68,Fair (一般)
7239.pdb,0.67,Fair (一般)
6112.pdb,0.67,Fair (一般)
29366.pdb,0.67,Fair (一般)
29951.pdb,0.67,Fair (一般)
17422.pdb,0.67,Fair (一般)
23987.pdb,0.67,Fair (一般)
3853.pdb,0.67,Fair (一般)
6566.pdb,0.67,Fair (一般)
9648.pdb,0.67,Fair (一般)
10927.pdb,0.67,Fair (一般)
17418.pdb,0.67,Fair (一般)
29872.pdb,0.67,Fair (一般)
1139.pdb,0.67,Fair (一般)
18146.pdb,0.67,Fair (一般)
31251.pdb,0.67,Fair (一般)
25689.pdb,0.67,Fair (一般)
8213.pdb,0.67,Fair (一般)
7507.pdb,0.67,Fair (一般)
20426.pdb,0.67,Fair (一般)
10734.pdb,0.67,Fair (一般)
2727.pdb,0.67,Fair (一般)
30823.pdb,0.67,Fair (一般)
29088.pdb,0.67,Fair (一般)
15096.pdb,0.67,Fair (一般)
3959.pdb,0.67,Fair (一般)
5097.pdb,0.67,Fair (一般)
20579.pdb,0.67,Fair (一般)
23707.pdb,0.67,Fair (一般)
12182.pdb,0.67,Fair (一般)
20013.pdb,0.67,Fair (一般)
8996.pdb,0.67,Fair (一般)
6365.pdb,0.67,Fair (一般)
1955.pdb,0.67,Fair (一般)
6693.pdb,0.67,Fair (一般)
9750.pdb,0.67,Fair (一般)
30752.pdb,0.67,Fair (一般)
31070.pdb,0.67,Fair (一般)
8872.pdb,0.67,Fair (一般)
8443.pdb,0.67,Fair (一般)
12054.pdb,0.67,Fair (一般)
27660.pdb,0.67,Fair (一般)
3024.pdb,0.67,Fair (一般)
6121.pdb,0.67,Fair (一般)
28639.pdb,0.67,Fair (一般)
562.pdb,0.67,Fair (一般)
3894.pdb,0.67,Fair (一般)
27560.pdb,0.67,Fair (一般)
27019.pdb,0.67,Fair (一般)
6395.pdb,0.67,Fair (一般)
8361.pdb,0.66,Fair (一般)
8369.pdb,0.66,Fair (一般)
20215.pdb,0.66,Fair (一般)
2902.pdb,0.66,Fair (一般)
8547.pdb,0.66,Fair (一般)
23565.pdb,0.66,Fair (一般)
20710.pdb,0.66,Fair (一般)
5008.pdb,0.66,Fair (一般)
21681.pdb,0.66,Fair (一般)
6867.pdb,0.66,Fair (一般)
9001.pdb,0.66,Fair (一般)
30090.pdb,0.66,Fair (一般)
352.pdb,0.66,Fair (一般)
11518.pdb,0.66,Fair (一般)
1938.pdb,0.66,Fair (一般)
1723.pdb,0.66,Fair (一般)
24047.pdb,0.66,Fair (一般)
26308.pdb,0.66,Fair (一般)
28113.pdb,0.66,Fair (一般)
3807.pdb,0.66,Fair (一般)
27107.pdb,0.66,Fair (一般)
101.pdb,0.66,Fair (一般)
3406.pdb,0.66,Fair (一般)
5879.pdb,0.66,Fair (一般)
3087.pdb,0.66,Fair (一般)
15535.pdb,0.66,Fair (一般)
3220.pdb,0.66,Fair (一般)
3976.pdb,0.66,Fair (一般)
23401.pdb,0.66,Fair (一般)
23175.pdb,0.66,Fair (一般)
4326.pdb,0.66,Fair (一般)
1474.pdb,0.66,Fair (一般)
29486.pdb,0.66,Fair (一般)
28973.pdb,0.66,Fair (一般)
5675.pdb,0.66,Fair (一般)
2437.pdb,0.66,Fair (一般)
27679.pdb,0.66,Fair (一般)
2060.pdb,0.66,Fair (一般)
8662.pdb,0.66,Fair (一般)
25907.pdb,0.66,Fair (一般)
10787.pdb,0.66,Fair (一般)
7859.pdb,0.66,Fair (一般)
7813.pdb,0.66,Fair (一般)
29401.pdb,0.66,Fair (一般)
7117.pdb,0.66,Fair (一般)
3562.pdb,0.66,Fair (一般)
1934.pdb,0.66,Fair (一般)
31239.pdb,0.65,Fair (一般)
18243.pdb,0.65,Fair (一般)
23202.pdb,0.65,Fair (一般)
759.pdb,0.65,Fair (一般)
23189.pdb,0.65,Fair (一般)
25258.pdb,0.65,Fair (一般)
28430.pdb,0.65,Fair (一般)
8849.pdb,0.65,Fair (一般)
7021.pdb,0.65,Fair (一般)
3001.pdb,0.65,Fair (一般)
22698.pdb,0.65,Fair (一般)
14212.pdb,0.65,Fair (一般)
20165.pdb,0.65,Fair (一般)
1852.pdb,0.65,Fair (一般)
16077.pdb,0.65,Fair (一般)
2921.pdb,0.65,Fair (一般)
30104.pdb,0.65,Fair (一般)
19231.pdb,0.65,Fair (一般)
16530.pdb,0.65,Fair (一般)
7675.pdb,0.65,Fair (一般)
30729.pdb,0.65,Fair (一般)
25801.pdb,0.65,Fair (一般)
2815.pdb,0.65,Fair (一般)
12484.pdb,0.65,Fair (一般)
6124.pdb,0.65,Fair (一般)
29536.pdb,0.65,Fair (一般)
29672.pdb,0.65,Fair (一般)
10712.pdb,0.65,Fair (一般)
27978.pdb,0.65,Fair (一般)
378.pdb,0.65,Fair (一般)
22982.pdb,0.65,Fair (一般)
25453.pdb,0.65,Fair (一般)
26345.pdb,0.65,Fair (一般)
9644.pdb,0.65,Fair (一般)
211.pdb,0.65,Fair (一般)
15116.pdb,0.65,Fair (一般)
11961.pdb,0.65,Fair (一般)
30977.pdb,0.65,Fair (一般)
6697.pdb,0.65,Fair (一般)
27749.pdb,0.65,Fair (一般)
5652.pdb,0.65,Fair (一般)
28283.pdb,0.65,Fair (一般)
15318.pdb,0.65,Fair (一般)
5406.pdb,0.65,Fair (一般)
27205.pdb,0.65,Fair (一般)
5691.pdb,0.65,Fair (一般)
10256.pdb,0.65,Fair (一般)
3565.pdb,0.65,Fair (一般)
30190.pdb,0.65,Fair (一般)
4479.pdb,0.65,Fair (一般)
10115.pdb,0.65,Fair (一般)
11964.pdb,0.64,Fair (一般)
9581.pdb,0.64,Fair (一般)
7764.pdb,0.64,Fair (一般)
24777.pdb,0.64,Fair (一般)
29449.pdb,0.64,Fair (一般)
7369.pdb,0.64,Fair (一般)
4540.pdb,0.64,Fair (一般)
11643.pdb,0.64,Fair (一般)
5764.pdb,0.64,Fair (一般)
10468.pdb,0.64,Fair (一般)
27283.pdb,0.64,Fair (一般)
27593.pdb,0.64,Fair (一般)
21777.pdb,0.64,Fair (一般)
3900.pdb,0.64,Fair (一般)
2865.pdb,0.64,Fair (一般)
30712.pdb,0.64,Fair (一般)
4373.pdb,0.64,Fair (一般)
24093.pdb,0.64,Fair (一般)
9667.pdb,0.64,Fair (一般)
6148.pdb,0.64,Fair (一般)
6252.pdb,0.64,Fair (一般)
8764.pdb,0.64,Fair (一般)
8708.pdb,0.64,Fair (一般)
1993.pdb,0.64,Fair (一般)
23244.pdb,0.64,Fair (一般)
8203.pdb,0.64,Fair (一般)
24108.pdb,0.64,Fair (一般)
10816.pdb,0.64,Fair (一般)
7929.pdb,0.64,Fair (一般)
11847.pdb,0.64,Fair (一般)
8744.pdb,0.64,Fair (一般)
8608.pdb,0.63,Fair (一般)
25555.pdb,0.63,Fair (一般)
20750.pdb,0.63,Fair (一般)
4986.pdb,0.63,Fair (一般)
1482.pdb,0.63,Fair (一般)
3801.pdb,0.63,Fair (一般)
13172.pdb,0.63,Fair (一般)
22854.pdb,0.63,Fair (一般)
4732.pdb,0.63,Fair (一般)
5725.pdb,0.63,Fair (一般)
10328.pdb,0.63,Fair (一般)
11309.pdb,0.63,Fair (一般)
29754.pdb,0.63,Fair (一般)
23284.pdb,0.63,Fair (一般)
26255.pdb,0.63,Fair (一般)
8134.pdb,0.63,Fair (一般)
344.pdb,0.63,Fair (一般)
7720.pdb,0.63,Fair (一般)
6642.pdb,0.63,Fair (一般)
10054.pdb,0.63,Fair (一般)
2925.pdb,0.63,Fair (一般)
2582.pdb,0.63,Fair (一般)
27972.pdb,0.63,Fair (一般)
10021.pdb,0.63,Fair (一般)
12366.pdb,0.63,Fair (一般)
12286.pdb,0.63,Fair (一般)
20168.pdb,0.63,Fair (一般)
6669.pdb,0.63,Fair (一般)
12791.pdb,0.63,Fair (一般)
7947.pdb,0.62,Fair (一般)
24465.pdb,0.62,Fair (一般)
11885.pdb,0.62,Fair (一般)
8582.pdb,0.62,Fair (一般)
20658.pdb,0.62,Fair (一般)
6881.pdb,0.62,Fair (一般)
24900.pdb,0.62,Fair (一般)
20106.pdb,0.62,Fair (一般)
8754.pdb,0.62,Fair (一般)
7231.pdb,0.62,Fair (一般)
11658.pdb,0.62,Fair (一般)
10964.pdb,0.62,Fair (一般)
29931.pdb,0.62,Fair (一般)
31268.pdb,0.62,Fair (一般)
15314.pdb,0.62,Fair (一般)
29013.pdb,0.62,Fair (一般)
8950.pdb,0.62,Fair (一般)
9296.pdb,0.62,Fair (一般)
20396.pdb,0.62,Fair (一般)
21771.pdb,0.62,Fair (一般)
13631.pdb,0.62,Fair (一般)
10239.pdb,0.62,Fair (一般)
27470.pdb,0.62,Fair (一般)
6555.pdb,0.62,Fair (一般)
28635.pdb,0.62,Fair (一般)
2290.pdb,0.62,Fair (一般)
8742.pdb,0.62,Fair (一般)
10746.pdb,0.62,Fair (一般)
3920.pdb,0.62,Fair (一般)
11517.pdb,0.62,Fair (一般)
3705.pdb,0.62,Fair (一般)
22867.pdb,0.62,Fair (一般)
5789.pdb,0.62,Fair (一般)
1900.pdb,0.62,Fair (一般)
30788.pdb,0.62,Fair (一般)
12455.pdb,0.62,Fair (一般)
25049.pdb,0.62,Fair (一般)
23148.pdb,0.62,Fair (一般)
26062.pdb,0.62,Fair (一般)
2288.pdb,0.62,Fair (一般)
5590.pdb,0.62,Fair (一般)
11849.pdb,0.62,Fair (一般)
23073.pdb,0.62,Fair (一般)
25892.pdb,0.62,Fair (一般)
10844.pdb,0.62,Fair (一般)
19255.pdb,0.62,Fair (一般)
9736.pdb,0.62,Fair (一般)
9722.pdb,0.62,Fair (一般)
14785.pdb,0.61,Fair (一般)
26607.pdb,0.61,Fair (一般)
10259.pdb,0.61,Fair (一般)
25479.pdb,0.61,Fair (一般)
16315.pdb,0.61,Fair (一般)
31368.pdb,0.61,Fair (一般)
242.pdb,0.61,Fair (一般)
19145.pdb,0.61,Fair (一般)
8965.pdb,0.61,Fair (一般)
4862.pdb,0.61,Fair (一般)
5748.pdb,0.61,Fair (一般)
30177.pdb,0.61,Fair (一般)
3534.pdb,0.61,Fair (一般)
16010.pdb,0.61,Fair (一般)
8612.pdb,0.61,Fair (一般)
23302.pdb,0.61,Fair (一般)
3181.pdb,0.61,Fair (一般)
20222.pdb,0.61,Fair (一般)
11846.pdb,0.61,Fair (一般)
4918.pdb,0.61,Fair (一般)
26352.pdb,0.61,Fair (一般)
1230.pdb,0.61,Fair (一般)
18201.pdb,0.61,Fair (一般)
29387.pdb,0.61,Fair (一般)
4249.pdb,0.61,Fair (一般)
28193.pdb,0.61,Fair (一般)
353.pdb,0.61,Fair (一般)
22619.pdb,0.61,Fair (一般)
20740.pdb,0.61,Fair (一般)
26139.pdb,0.61,Fair (一般)
279.pdb,0.61,Fair (一般)
14246.pdb,0.61,Fair (一般)
20943.pdb,0.61,Fair (一般)
1692.pdb,0.61,Fair (一般)
5371.pdb,0.61,Fair (一般)
14460.pdb,0.61,Fair (一般)
26447.pdb,0.61,Fair (一般)
22685.pdb,0.61,Fair (一般)
17397.pdb,0.61,Fair (一般)
22624.pdb,0.6,Fair (一般)
17385.pdb,0.6,Fair (一般)
513.pdb,0.6,Fair (一般)
22700.pdb,0.6,Fair (一般)
5872.pdb,0.6,Fair (一般)
370.pdb,0.6,Fair (一般)
4273.pdb,0.6,Fair (一般)
22250.pdb,0.6,Fair (一般)
28275.pdb,0.6,Fair (一般)
5624.pdb,0.6,Fair (一般)
13664.pdb,0.6,Fair (一般)
20973.pdb,0.6,Fair (一般)
4488.pdb,0.6,Fair (一般)
4260.pdb,0.6,Fair (一般)
14776.pdb,0.6,Fair (一般)
10317.pdb,0.6,Fair (一般)
1578.pdb,0.6,Fair (一般)
2266.pdb,0.6,Fair (一般)
14363.pdb,0.6,Fair (一般)
34.pdb,0.6,Fair (一般)
1358.pdb,0.6,Fair (一般)
3303.pdb,0.6,Fair (一般)
29511.pdb,0.6,Fair (一般)
1512.pdb,0.6,Fair (一般)
29126.pdb,0.6,Fair (一般)
23779.pdb,0.6,Fair (一般)
7614.pdb,0.6,Fair (一般)
23016.pdb,0.59,Fair (一般)
23656.pdb,0.59,Fair (一般)
8494.pdb,0.59,Fair (一般)
21507.pdb,0.59,Fair (一般)
24044.pdb,0.59,Fair (一般)
6770.pdb,0.59,Fair (一般)
29434.pdb,0.59,Fair (一般)
20822.pdb,0.59,Fair (一般)
575.pdb,0.59,Fair (一般)
29093.pdb,0.59,Fair (一般)
3362.pdb,0.59,Fair (一般)
27574.pdb,0.59,Fair (一般)
26669.pdb,0.59,Fair (一般)
27692.pdb,0.59,Fair (一般)
18206.pdb,0.59,Fair (一般)
28315.pdb,0.59,Fair (一般)
12378.pdb,0.59,Fair (一般)
30549.pdb,0.59,Fair (一般)
6111.pdb,0.59,Fair (一般)
5800.pdb,0.59,Fair (一般)
29571.pdb,0.59,Fair (一般)
11654.pdb,0.59,Fair (一般)
27639.pdb,0.59,Fair (一般)
1550.pdb,0.58,Fair (一般)
7185.pdb,0.58,Fair (一般)
2704.pdb,0.58,Fair (一般)
6081.pdb,0.58,Fair (一般)
13907.pdb,0.58,Fair (一般)
31159.pdb,0.58,Fair (一般)
5034.pdb,0.58,Fair (一般)
7533.pdb,0.58,Fair (一般)
3269.pdb,0.58,Fair (一般)
29288.pdb,0.58,Fair (一般)
679.pdb,0.58,Fair (一般)
19284.pdb,0.58,Fair (一般)
21475.pdb,0.58,Fair (一般)
27588.pdb,0.58,Fair (一般)
19987.pdb,0.58,Fair (一般)
3927.pdb,0.58,Fair (一般)
10876.pdb,0.58,Fair (一般)
20693.pdb,0.58,Fair (一般)
28537.pdb,0.58,Fair (一般)
11808.pdb,0.58,Fair (一般)
30126.pdb,0.58,Fair (一般)
4586.pdb,0.58,Fair (一般)
17435.pdb,0.58,Fair (一般)
6429.pdb,0.58,Fair (一般)
15398.pdb,0.58,Fair (一般)
426.pdb,0.58,Fair (一般)
25097.pdb,0.58,Fair (一般)
29394.pdb,0.57,Fair (一般)
20489.pdb,0.57,Fair (一般)
22602.pdb,0.57,Fair (一般)
19344.pdb,0.57,Fair (一般)
20357.pdb,0.57,Fair (一般)
29084.pdb,0.57,Fair (一般)
30249.pdb,0.57,Fair (一般)
24106.pdb,0.57,Fair (一般)
1261.pdb,0.57,Fair (一般)
30109.pdb,0.57,Fair (一般)
10329.pdb,0.57,Fair (一般)
19780.pdb,0.57,Fair (一般)
6324.pdb,0.57,Fair (一般)
11837.pdb,0.57,Fair (一般)
10641.pdb,0.57,Fair (一般)
9661.pdb,0.57,Fair (一般)
11637.pdb,0.57,Fair (一般)
22771.pdb,0.57,Fair (一般)
9459.pdb,0.57,Fair (一般)
20594.pdb,0.57,Fair (一般)
1715.pdb,0.57,Fair (一般)
8654.pdb,0.57,Fair (一般)
20376.pdb,0.57,Fair (一般)
6444.pdb,0.57,Fair (一般)
10345.pdb,0.57,Fair (一般)
12845.pdb,0.56,Fair (一般)
3047.pdb,0.56,Fair (一般)
2080.pdb,0.56,Fair (一般)
25487.pdb,0.56,Fair (一般)
3290.pdb,0.56,Fair (一般)
319.pdb,0.56,Fair (一般)
188.pdb,0.56,Fair (一般)
29936.pdb,0.56,Fair (一般)
27795.pdb,0.56,Fair (一般)
9409.pdb,0.56,Fair (一般)
968.pdb,0.56,Fair (一般)
8663.pdb,0.56,Fair (一般)
19171.pdb,0.56,Fair (一般)
1228.pdb,0.56,Fair (一般)
21498.pdb,0.56,Fair (一般)
19391.pdb,0.56,Fair (一般)
19256.pdb,0.56,Fair (一般)
25281.pdb,0.56,Fair (一般)
31286.pdb,0.56,Fair (一般)
18276.pdb,0.56,Fair (一般)
24674.pdb,0.56,Fair (一般)
13621.pdb,0.55,Fair (一般)
4129.pdb,0.55,Fair (一般)
23988.pdb,0.55,Fair (一般)
20945.pdb,0.55,Fair (一般)
1147.pdb,0.55,Fair (一般)
7626.pdb,0.55,Fair (一般)
8682.pdb,0.55,Fair (一般)
21563.pdb,0.55,Fair (一般)
28670.pdb,0.55,Fair (一般)
6671.pdb,0.55,Fair (一般)
7956.pdb,0.55,Fair (一般)
14881.pdb,0.55,Fair (一般)
6508.pdb,0.55,Fair (一般)
1266.pdb,0.55,Fair (一般)
12614.pdb,0.54,Fair (一般)
14602.pdb,0.54,Fair (一般)
2395.pdb,0.54,Fair (一般)
25697.pdb,0.54,Fair (一般)
26282.pdb,0.54,Fair (一般)
15326.pdb,0.54,Fair (一般)
5965.pdb,0.54,Fair (一般)
31296.pdb,0.54,Fair (一般)
1673.pdb,0.54,Fair (一般)
3532.pdb,0.54,Fair (一般)
179.pdb,0.54,Fair (一般)
29304.pdb,0.54,Fair (一般)
30906.pdb,0.54,Fair (一般)
7616.pdb,0.54,Fair (一般)
23853.pdb,0.54,Fair (一般)
26353.pdb,0.53,Fair (一般)
10952.pdb,0.53,Fair (一般)
30918.pdb,0.53,Fair (一般)
4238.pdb,0.53,Fair (一般)
287.pdb,0.53,Fair (一般)
26544.pdb,0.53,Fair (一般)
14013.pdb,0.53,Fair (一般)
9394.pdb,0.53,Fair (一般)
27774.pdb,0.53,Fair (一般)
8601.pdb,0.53,Fair (一般)
29965.pdb,0.53,Fair (一般)
22241.pdb,0.53,Fair (一般)
29369.pdb,0.53,Fair (一般)
7505.pdb,0.53,Fair (一般)
23297.pdb,0.53,Fair (一般)
20728.pdb,0.53,Fair (一般)
262.pdb,0.53,Fair (一般)
26712.pdb,0.52,Fair (一般)
10335.pdb,0.52,Fair (一般)
28483.pdb,0.52,Fair (一般)
30086.pdb,0.52,Fair (一般)
9386.pdb,0.52,Fair (一般)
16299.pdb,0.52,Fair (一般)
15331.pdb,0.52,Fair (一般)
8092.pdb,0.52,Fair (一般)
270.pdb,0.52,Fair (一般)
27745.pdb,0.52,Fair (一般)
27251.pdb,0.52,Fair (一般)
2679.pdb,0.52,Fair (一般)
19835.pdb,0.51,Fair (一般)
31067.pdb,0.51,Fair (一般)
1860.pdb,0.51,Fair (一般)
14506.pdb,0.51,Fair (一般)
27384.pdb,0.51,Fair (一般)
25059.pdb,0.51,Fair (一般)
25370.pdb,0.51,Fair (一般)
27007.pdb,0.51,Fair (一般)
11930.pdb,0.51,Fair (一般)
22901.pdb,0.51,Fair (一般)
20141.pdb,0.51,Fair (一般)
27187.pdb,0.51,Fair (一般)
20712.pdb,0.51,Fair (一般)
15199.pdb,0.51,Fair (一般)
7405.pdb,0.51,Fair (一般)
7476.pdb,0.51,Fair (一般)
23867.pdb,0.51,Fair (一般)
3520.pdb,0.51,Fair (一般)
11119.pdb,0.51,Fair (一般)
2636.pdb,0.51,Fair (一般)
10075.pdb,0.5,Fair (一般)
9083.pdb,0.5,Fair (一般)
6098.pdb,0.5,Fair (一般)
29578.pdb,0.5,Poor (较差/无序)
10668.pdb,0.5,Poor (较差/无序)
11292.pdb,0.5,Fair (一般)
8462.pdb,0.5,Poor (较差/无序)
12373.pdb,0.5,Poor (较差/无序)
3184.pdb,0.5,Fair (一般)
16279.pdb,0.5,Fair (一般)
12284.pdb,0.5,Fair (一般)
3063.pdb,0.5,Fair (一般)
3719.pdb,0.5,Poor (较差/无序)
24300.pdb,0.5,Poor (较差/无序)
3049.pdb,0.5,Poor (较差/无序)
2224.pdb,0.5,Fair (一般)
21527.pdb,0.5,Poor (较差/无序)
3973.pdb,0.5,Fair (一般)
27956.pdb,0.5,Fair (一般)
22762.pdb,0.5,Poor (较差/无序)
15900.pdb,0.5,Poor (较差/无序)
726.pdb,0.5,Poor (较差/无序)
45.pdb,0.49,Poor (较差/无序)
1133.pdb,0.49,Poor (较差/无序)
26482.pdb,0.49,Poor (较差/无序)
206.pdb,0.49,Poor (较差/无序)
30725.pdb,0.49,Poor (较差/无序)
21000.pdb,0.49,Poor (较差/无序)
25782.pdb,0.49,Poor (较差/无序)
23295.pdb,0.49,Poor (较差/无序)
26061.pdb,0.49,Poor (较差/无序)
27674.pdb,0.49,Poor (较差/无序)
24983.pdb,0.49,Poor (较差/无序)
8481.pdb,0.48,Poor (较差/无序)
26668.pdb,0.48,Poor (较差/无序)
3217.pdb,0.48,Poor (较差/无序)
19938.pdb,0.48,Poor (较差/无序)
30005.pdb,0.48,Poor (较差/无序)
10947.pdb,0.48,Poor (较差/无序)
962.pdb,0.48,Poor (较差/无序)
23616.pdb,0.48,Poor (较差/无序)
23249.pdb,0.48,Poor (较差/无序)
10600.pdb,0.48,Poor (较差/无序)
22826.pdb,0.48,Poor (较差/无序)
9383.pdb,0.48,Poor (较差/无序)
7053.pdb,0.48,Poor (较差/无序)
20961.pdb,0.48,Poor (较差/无序)
5998.pdb,0.48,Poor (较差/无序)
6382.pdb,0.48,Poor (较差/无序)
4302.pdb,0.48,Poor (较差/无序)
16098.pdb,0.48,Poor (较差/无序)
16.pdb,0.47,Poor (较差/无序)
7986.pdb,0.47,Poor (较差/无序)
7144.pdb,0.47,Poor (较差/无序)
26673.pdb,0.47,Poor (较差/无序)
8953.pdb,0.47,Poor (较差/无序)
3965.pdb,0.47,Poor (较差/无序)
5973.pdb,0.47,Poor (较差/无序)
8147.pdb,0.47,Poor (较差/无序)
15673.pdb,0.47,Poor (较差/无序)
14840.pdb,0.47,Poor (较差/无序)
24951.pdb,0.47,Poor (较差/无序)
14594.pdb,0.47,Poor (较差/无序)
3994.pdb,0.47,Poor (较差/无序)
31204.pdb,0.47,Poor (较差/无序)
8554.pdb,0.46,Poor (较差/无序)
7119.pdb,0.46,Poor (较差/无序)
19692.pdb,0.46,Poor (较差/无序)
22753.pdb,0.46,Poor (较差/无序)
24194.pdb,0.46,Poor (较差/无序)
24799.pdb,0.46,Poor (较差/无序)
14119.pdb,0.46,Poor (较差/无序)
10491.pdb,0.46,Poor (较差/无序)
7045.pdb,0.46,Poor (较差/无序)
21510.pdb,0.46,Poor (较差/无序)
22829.pdb,0.46,Poor (较差/无序)
25203.pdb,0.46,Poor (较差/无序)
1487.pdb,0.46,Poor (较差/无序)
26728.pdb,0.46,Poor (较差/无序)
20675.pdb,0.46,Poor (较差/无序)
30254.pdb,0.46,Poor (较差/无序)
4867.pdb,0.46,Poor (较差/无序)
7218.pdb,0.46,Poor (较差/无序)
13201.pdb,0.46,Poor (较差/无序)
15327.pdb,0.46,Poor (较差/无序)
673.pdb,0.46,Poor (较差/无序)
8689.pdb,0.45,Poor (较差/无序)
27279.pdb,0.45,Poor (较差/无序)
8901.pdb,0.45,Poor (较差/无序)
30700.pdb,0.45,Poor (较差/无序)
30470.pdb,0.45,Poor (较差/无序)
5312.pdb,0.45,Poor (较差/无序)
4818.pdb,0.44,Poor (较差/无序)
695.pdb,0.44,Poor (较差/无序)
6280.pdb,0.44,Poor (较差/无序)
11812.pdb,0.44,Poor (较差/无序)
12545.pdb,0.44,Poor (较差/无序)
17453.pdb,0.44,Poor (较差/无序)
28496.pdb,0.44,Poor (较差/无序)
8533.pdb,0.44,Poor (较差/无序)
7026.pdb,0.44,Poor (较差/无序)
19894.pdb,0.43,Poor (较差/无序)
30294.pdb,0.43,Poor (较差/无序)
31068.pdb,0.43,Poor (较差/无序)
16105.pdb,0.43,Poor (较差/无序)
26159.pdb,0.43,Poor (较差/无序)
30548.pdb,0.43,Poor (较差/无序)
20297.pdb,0.43,Poor (较差/无序)
9274.pdb,0.42,Poor (较差/无序)
12820.pdb,0.42,Poor (较差/无序)
20753.pdb,0.42,Poor (较差/无序)
8704.pdb,0.42,Poor (较差/无序)
12035.pdb,0.42,Poor (较差/无序)
7253.pdb,0.42,Poor (较差/无序)
24970.pdb,0.41,Poor (较差/无序)
27711.pdb,0.41,Poor (较差/无序)
7502.pdb,0.41,Poor (较差/无序)
29855.pdb,0.41,Poor (较差/无序)
10655.pdb,0.41,Poor (较差/无序)
9538.pdb,0.41,Poor (较差/无序)
2731.pdb,0.41,Poor (较差/无序)
21584.pdb,0.4,Poor (较差/无序)
30904.pdb,0.4,Poor (较差/无序)
1985.pdb,0.4,Poor (较差/无序)
4844.pdb,0.4,Poor (较差/无序)
7553.pdb,0.4,Poor (较差/无序)
8850.pdb,0.4,Poor (较差/无序)
25345.pdb,0.4,Poor (较差/无序)
2693.pdb,0.39,Poor (较差/无序)
18284.pdb,0.39,Poor (较差/无序)
14252.pdb,0.39,Poor (较差/无序)
11426.pdb,0.39,Poor (较差/无序)
4946.pdb,0.39,Poor (较差/无序)
26826.pdb,0.39,Poor (较差/无序)
10931.pdb,0.39,Poor (较差/无序)
19128.pdb,0.39,Poor (较差/无序)
16524.pdb,0.39,Poor (较差/无序)
30466.pdb,0.39,Poor (较差/无序)
8761.pdb,0.38,Poor (较差/无序)
22303.pdb,0.38,Poor (较差/无序)
29292.pdb,0.38,Poor (较差/无序)
20088.pdb,0.38,Poor (较差/无序)
28150.pdb,0.38,Poor (较差/无序)
5780.pdb,0.37,Poor (较差/无序)
30347.pdb,0.37,Poor (较差/无序)
19095.pdb,0.36,Poor (较差/无序)
14750.pdb,0.36,Poor (较差/无序)
7035.pdb,0.36,Poor (较差/无序)
15210.pdb,0.36,Poor (较差/无序)
8701.pdb,0.36,Poor (较差/无序)
2089.pdb,0.36,Poor (较差/无序)
12403.pdb,0.36,Poor (较差/无序)
576.pdb,0.35,Poor (较差/无序)
19427.pdb,0.35,Poor (较差/无序)
31029.pdb,0.35,Poor (较差/无序)
30026.pdb,0.35,Poor (较差/无序)
21011.pdb,0.34,Poor (较差/无序)
7995.pdb,0.34,Poor (较差/无序)
29175.pdb,0.34,Poor (较差/无序)
2479.pdb,0.34,Poor (较差/无序)
9138.pdb,0.33,Poor (较差/无序)
19440.pdb,0.32,Poor (较差/无序)
8890.pdb,0.32,Poor (较差/无序)
6034.pdb,0.32,Poor (较差/无序)
13706.pdb,0.31,Poor (较差/无序)
30546.pdb,0.31,Poor (较差/无序)
8897.pdb,0.31,Poor (较差/无序)
30802.pdb,0.31,Poor (较差/无序)
6762.pdb,0.3,Poor (较差/无序)
1333.pdb,0.29,Poor (较差/无序)
7411.pdb,0.29,Poor (较差/无序)
342.pdb,0.28,Poor (较差/无序)
30596.pdb,0.28,Poor (较差/无序)
